"","time","Q_BVR_m3.d"
"1",2014-01-01,0
"2",2014-01-02,33198.3466384615
"3",2014-01-03,23238.8426469231
"4",2014-01-04,16267.1898528462
"5",2014-01-05,12274.7473984195
"6",2014-01-06,8976.74767889364
"7",2014-01-07,6283.72337522555
"8",2014-01-08,4398.60636265789
"9",2014-01-09,3079.02445386052
"10",2014-01-10,10831.5023899795
"11",2014-01-11,18541.5437840603
"12",2014-01-12,12979.0806488422
"13",2014-01-13,9085.35645418956
"14",2014-01-14,14724.9824317024
"15",2014-01-15,10985.6219803524
"16",2014-01-16,7689.9353862467
"17",2014-01-17,5382.95477037269
"18",2014-01-18,3768.06833926088
"19",2014-01-19,2637.64783748262
"20",2014-01-20,1846.35348623783
"21",2014-01-21,2421.54127039641
"22",2014-01-22,1695.07888927749
"23",2014-01-23,1186.55522249424
"24",2014-01-24,830.58865574597
"25",2014-01-25,581.412059022179
"26",2014-01-26,406.988441315525
"27",2014-01-27,284.891908920868
"28",2014-01-28,1132.39005448192
"29",2014-01-29,792.673038137341
"30",2014-01-30,554.871126696139
"31",2014-01-31,388.409788687297
"32",2014-02-01,271.886852081108
"33",2014-02-02,190.320796456776
"34",2014-02-03,28198.977300572
"35",2014-02-04,20820.4397104004
"36",2014-02-05,14940.8219972803
"37",2014-02-06,10458.5753980962
"38",2014-02-07,7321.00277866734
"39",2014-02-08,5124.70194506714
"40",2014-02-09,3587.291361547
"41",2014-02-10,2511.1039530829
"42",2014-02-11,1757.77276715803
"43",2014-02-12,12133.193870681
"44",2014-02-13,27352.9531888008
"45",2014-02-14,19147.0672321606
"46",2014-02-15,13402.9470625124
"47",2014-02-16,9382.06294375868
"48",2014-02-17,6567.44406063108
"49",2014-02-18,4597.21084244175
"50",2014-02-19,8231.36638205898
"51",2014-02-20,19519.0298620955
"52",2014-02-21,23497.7735368058
"53",2014-02-22,16448.4414757641
"54",2014-02-23,11513.9090330348
"55",2014-02-24,8059.73632312439
"56",2014-02-25,5641.81542618707
"57",2014-02-26,3949.27079833095
"58",2014-02-27,2764.48955883166
"59",2014-02-28,1935.14269118216
"60",2014-03-01,1354.59988382752
"61",2014-03-02,3743.66877524404
"62",2014-03-03,16100.8421702563
"63",2014-03-04,11270.5895191794
"64",2014-03-05,7889.41266342558
"65",2014-03-06,5522.58886439791
"66",2014-03-07,5988.22699889898
"67",2014-03-08,4191.75889922928
"68",2014-03-09,9581.78350033533
"69",2014-03-10,6707.24845023473
"70",2014-03-11,4695.07391516431
"71",2014-03-12,3286.55174061502
"72",2014-03-13,2300.58621843051
"73",2014-03-14,1610.41035290136
"74",2014-03-15,1127.28724703095
"75",2014-03-16,5744.56677725204
"76",2014-03-17,6377.59272797138
"77",2014-03-18,4464.31490957996
"78",2014-03-19,3125.02043670597
"79",2014-03-20,2187.51430569418
"80",2014-03-21,1531.26001398593
"81",2014-03-22,1071.88200979015
"82",2014-03-23,750.317406853104
"83",2014-03-24,525.222184797173
"84",2014-03-25,5095.00426567222
"85",2014-03-26,3566.50298597055
"86",2014-03-27,2496.55209017939
"87",2014-03-28,1747.58646312557
"88",2014-03-29,9119.62209178772
"89",2014-03-30,6383.73546425141
"90",2014-03-31,4468.61482497598
"91",2014-04-01,3128.03037748319
"92",2014-04-02,2189.62126423823
"93",2014-04-03,1532.73488496676
"94",2014-04-04,1072.91441947673
"95",2014-04-05,751.040093633714
"96",2014-04-06,525.7280655436
"97",2014-04-07,17615.342089212
"98",2014-04-08,12330.7394624484
"99",2014-04-09,8631.51762371389
"100",2014-04-10,6042.06233659972
"101",2014-04-11,4229.44363561981
"102",2014-04-12,2960.61054493387
"103",2014-04-13,2072.42738145371
"104",2014-04-14,1450.69916701759
"105",2014-04-15,16163.7592742499
"106",2014-04-16,11314.6314919749
"107",2014-04-17,7920.24204438244
"108",2014-04-18,5544.16943106771
"109",2014-04-19,3880.91860174739
"110",2014-04-20,2716.64302122318
"111",2014-04-21,1901.65011485622
"112",2014-04-22,1331.15508039936
"113",2014-04-23,931.80855627955
"114",2014-04-24,652.265989395685
"115",2014-04-25,2473.18430282646
"116",2014-04-26,1731.22901197852
"117",2014-04-27,1211.86030838496
"118",2014-04-28,7565.57322509227
"119",2014-04-29,22977.8439419954
"120",2014-04-30,16084.4907593968
"121",2014-05-01,11259.1435315777
"122",2014-05-02,7881.40047210442
"123",2014-05-03,5516.98033047309
"124",2014-05-04,3861.88623133117
"125",2014-05-05,2703.32036193182
"126",2014-05-06,1892.32425335227
"127",2014-05-07,1324.62697734659
"128",2014-05-08,927.238884142613
"129",2014-05-09,649.067218899829
"130",2014-05-10,1112.045348891
"131",2014-05-11,778.431744223699
"132",2014-05-12,544.902220956589
"133",2014-05-13,381.431554669612
"134",2014-05-14,267.002088268729
"135",2014-05-15,29850.9530968797
"136",2014-05-16,20895.6671678158
"137",2014-05-17,14626.9670174711
"138",2014-05-18,10238.8769122298
"139",2014-05-19,7167.21383856083
"140",2014-05-20,5017.04968699258
"141",2014-05-21,3511.93478089481
"142",2014-05-22,2458.35434662636
"143",2014-05-23,1720.84804263845
"144",2014-05-24,1204.59362984692
"145",2014-05-25,843.215540892843
"146",2014-05-26,590.25087862499
"147",2014-05-27,413.175615037493
"148",2014-05-28,289.222930526245
"149",2014-05-29,1803.49276403182
"150",2014-05-30,1262.44493482228
"151",2014-05-31,883.711454375593
"152",2014-06-01,618.598018062915
"153",2014-06-02,433.01861264404
"154",2014-06-03,303.113028850828
"155",2014-06-04,8723.79908548109
"156",2014-06-05,6106.65935983676
"157",2014-06-06,4274.66155188573
"158",2014-06-07,2992.26308632001
"159",2014-06-08,2094.58416042401
"160",2014-06-09,1466.20891229681
"161",2014-06-10,1026.34623860776
"162",2014-06-11,9868.64371284485
"163",2014-06-12,13139.8434315555
"164",2014-06-13,9197.89040208885
"165",2014-06-14,6438.5232814622
"166",2014-06-15,4506.96629702354
"167",2014-06-16,3154.87640791648
"168",2014-06-17,2208.41348554153
"169",2014-06-18,1545.88943987907
"170",2014-06-19,1082.12260791535
"171",2014-06-20,4488.22446904096
"172",2014-06-21,3141.75712832867
"173",2014-06-22,3865.57195551768
"174",2014-06-23,2705.90036886238
"175",2014-06-24,1894.13025820366
"176",2014-06-25,1325.89118074256
"177",2014-06-26,928.123826519795
"178",2014-06-27,649.686678563857
"179",2014-06-28,454.7806749947
"180",2014-06-29,318.34647249629
"181",2014-06-30,222.842530747403
"182",2014-07-01,155.989771523182
"183",2014-07-02,109.192840066227
"184",2014-07-03,19983.7876175328
"185",2014-07-04,13988.651332273
"186",2014-07-05,9792.05593259108
"187",2014-07-06,6854.43915281375
"188",2014-07-07,4798.10740696963
"189",2014-07-08,3358.67518487874
"190",2014-07-09,5316.78141566987
"191",2014-07-10,3721.74699096891
"192",2014-07-11,2605.22289367824
"193",2014-07-12,1823.65602557477
"194",2014-07-13,1276.55921790234
"195",2014-07-14,1388.19701546889
"196",2014-07-15,1028.34498868564
"197",2014-07-16,719.841492079947
"198",2014-07-17,503.889044455963
"199",2014-07-18,352.722331119174
"200",2014-07-19,309.229234559659
"201",2014-07-20,216.460464191762
"202",2014-07-21,151.522324934233
"203",2014-07-22,106.065627453963
"204",2014-07-23,74.2459392177742
"205",2014-07-24,7499.58012922398
"206",2014-07-25,5249.70609045679
"207",2014-07-26,3674.79426331975
"208",2014-07-27,3529.47106398705
"209",2014-07-28,2470.62974479093
"210",2014-07-29,1729.44082135365
"211",2014-07-30,1210.60857494756
"212",2014-07-31,847.42600246329
"213",2014-08-01,9094.42555618676
"214",2014-08-02,6366.09788933073
"215",2014-08-03,4456.26852253151
"216",2014-08-04,3119.38796577206
"217",2014-08-05,2183.57157604044
"218",2014-08-06,1528.50010322831
"219",2014-08-07,1069.95007225982
"220",2014-08-08,4262.40445559238
"221",2014-08-09,32520.8409544121
"222",2014-08-10,22764.5886680885
"223",2014-08-11,27825.7690628196
"224",2014-08-12,24659.8354439737
"225",2014-08-13,17261.8848107816
"226",2014-08-14,12083.3193675471
"227",2014-08-15,8458.32355728299
"228",2014-08-16,5920.8264900981
"229",2014-08-17,4144.57854306867
"230",2014-08-18,15046.129809043
"231",2014-08-19,10532.2908663301
"232",2014-08-20,7372.60360643105
"233",2014-08-21,5160.82252450173
"234",2014-08-22,3612.57576715121
"235",2014-08-23,21022.3742576708
"236",2014-08-24,14715.6619803696
"237",2014-08-25,10300.9633862587
"238",2014-08-26,7210.6743703811
"239",2014-08-27,5047.47205926677
"240",2014-08-28,3533.23044148674
"241",2014-08-29,2473.26130904072
"242",2014-08-30,1731.2829163285
"243",2014-08-31,1211.89804142995
"244",2014-09-01,848.328629000966
"245",2014-09-02,5098.54902166355
"246",2014-09-03,3568.98431516449
"247",2014-09-04,2498.28902061514
"248",2014-09-05,1748.8023144306
"249",2014-09-06,3749.77153249577
"250",2014-09-07,2624.84007274704
"251",2014-09-08,1837.38805092293
"252",2014-09-09,1286.17163564605
"253",2014-09-10,900.320144952233
"254",2014-09-11,630.224101466563
"255",2014-09-12,2422.07732726568
"256",2014-09-13,6703.848159879
"257",2014-09-14,4692.6937119153
"258",2014-09-15,3284.88559834071
"259",2014-09-16,2299.4199188385
"260",2014-09-17,1609.59394318695
"261",2014-09-18,1126.71576023086
"262",2014-09-19,1663.9381584113
"263",2014-09-20,1164.75671088791
"264",2014-09-21,815.329697621537
"265",2014-09-22,570.730788335076
"266",2014-09-23,399.511551834553
"267",2014-09-24,279.658086284187
"268",2014-09-25,195.760660398931
"269",2014-09-26,137.032462279252
"270",2014-09-27,95.9227235954763
"271",2014-09-28,67.1459065168334
"272",2014-09-29,47.0021345617834
"273",2014-09-30,32.9014941932484
"274",2014-10-01,23.0310459352739
"275",2014-10-02,16.1217321546917
"276",2014-10-03,4958.32623808559
"277",2014-10-04,3470.82836665991
"278",2014-10-05,2429.57985666194
"279",2014-10-06,2192.14085619564
"280",2014-10-07,12045.3362719221
"281",2014-10-08,8489.64262090458
"282",2014-10-09,5942.7498346332
"283",2014-10-10,8195.08970873861
"284",2014-10-11,5736.56279611702
"285",2014-10-12,13008.1502365323
"286",2014-10-13,9659.4943655726
"287",2014-10-14,11544.7176559008
"288",2014-10-15,24066.1429591306
"289",2014-10-16,16846.3000713914
"290",2014-10-17,11792.410049974
"291",2014-10-18,8254.68703498179
"292",2014-10-19,5778.28092448725
"293",2014-10-20,4044.79664714108
"294",2014-10-21,2831.35765299875
"295",2014-10-22,1981.95035709913
"296",2014-10-23,1387.36524996939
"297",2014-10-24,971.155674978573
"298",2014-10-25,679.808972485001
"299",2014-10-26,475.866280739501
"300",2014-10-27,333.10639651765
"301",2014-10-28,233.174477562355
"302",2014-10-29,163.222134293649
"303",2014-10-30,114.255494005554
"304",2014-10-31,2732.63530012647
"305",2014-11-01,7040.93159006666
"306",2014-11-02,4928.65211304666
"307",2014-11-03,3450.05647913266
"308",2014-11-04,2415.03953539286
"309",2014-11-05,1690.527674775
"310",2014-11-06,2038.00065758838
"311",2014-11-07,1426.60046031187
"312",2014-11-08,998.620322218307
"313",2014-11-09,699.034225552815
"314",2014-11-10,489.32395788697
"315",2014-11-11,342.526770520879
"316",2014-11-12,239.768739364615
"317",2014-11-13,167.838117555231
"318",2014-11-14,117.486682288662
"319",2014-11-15,82.2406776020631
"320",2014-11-16,234.098504246497
"321",2014-11-17,12559.2788089167
"322",2014-11-18,8791.49516624169
"323",2014-11-19,6154.04661636918
"324",2014-11-20,4307.83263145843
"325",2014-11-21,3015.4828420209
"326",2014-11-22,2110.83798941463
"327",2014-11-23,10879.5586975108
"328",2014-11-24,7615.69108825755
"329",2014-11-25,5330.98376178028
"330",2014-11-26,27691.7929076461
"331",2014-11-27,19384.2550353523
"332",2014-11-28,13568.9785247466
"333",2014-11-29,9498.28496732262
"334",2014-11-30,6648.79947712583
"335",2014-12-01,4694.54307126469
"336",2014-12-02,11798.1848401305
"337",2014-12-03,8258.72938809137
"338",2014-12-04,6917.46511065024
"339",2014-12-05,5508.03927745517
"340",2014-12-06,5172.40909421862
"341",2014-12-07,3620.68636595303
"342",2014-12-08,2844.97714817606
"343",2014-12-09,1991.48400372324
"344",2014-12-10,1394.03880260627
"345",2014-12-11,975.827161824388
"346",2014-12-12,683.079013277072
"347",2014-12-13,478.15530929395
"348",2014-12-14,334.708716505765
"349",2014-12-15,234.296101554036
"350",2014-12-16,189.738800782336
"351",2014-12-17,132.817160547635
"352",2014-12-18,92.9720123833444
"353",2014-12-19,65.0804086683411
"354",2014-12-20,45.5562860678388
"355",2014-12-21,31.8894002474871
"356",2014-12-22,1312.35357982304
"357",2014-12-23,7162.0250556378
"358",2014-12-24,13274.0452197868
"359",2014-12-25,9492.18188222574
"360",2014-12-26,6644.52731755802
"361",2014-12-27,4651.16912229061
"362",2014-12-28,3255.81838560343
"363",2014-12-29,5857.16051045285
"364",2014-12-30,5064.444557317
"365",2014-12-31,3545.1111901219
"366",2015-01-01,2481.57783308533
"367",2015-01-02,1737.10448315973
"368",2015-01-03,3352.80826707703
"369",2015-01-04,3257.19038695392
"370",2015-01-05,2280.03327086775
"371",2015-01-06,1596.02328960742
"372",2015-01-07,1117.2163027252
"373",2015-01-08,782.051411907637
"374",2015-01-09,547.435988335346
"375",2015-01-10,383.205191834742
"376",2015-01-11,268.243634284319
"377",2015-01-12,4471.58298190567
"378",2015-01-13,3130.10808733397
"379",2015-01-14,2436.2674865208
"380",2015-01-15,1705.38724056456
"381",2015-01-16,1193.77106839519
"382",2015-01-17,835.639747876635
"383",2015-01-18,584.947823513645
"384",2015-01-19,409.463476459551
"385",2015-01-20,301.866605436986
"386",2015-01-21,211.30662380589
"387",2015-01-22,147.914636664123
"388",2015-01-23,8110.80705065771
"389",2015-01-24,6816.7417354604
"390",2015-01-25,4771.71921482228
"391",2015-01-26,3423.5107972479
"392",2015-01-27,2396.45755807353
"393",2015-01-28,1677.52029065147
"394",2015-01-29,1174.26420345603
"395",2015-01-30,821.984942419221
"396",2015-01-31,575.389459693455
"397",2015-02-01,539.08215479945
"398",2015-02-02,1700.49513866493
"399",2015-02-03,1190.34659706545
"400",2015-02-04,833.242617945818
"401",2015-02-05,583.269832562073
"402",2015-02-06,408.288882793451
"403",2015-02-07,285.802217955416
"404",2015-02-08,200.061552568791
"405",2015-02-09,140.043086798154
"406",2015-02-10,98.0301607587076
"407",2015-02-11,68.6211125310953
"408",2015-02-12,48.0347787717667
"409",2015-02-13,33.6243451402367
"410",2015-02-14,23.5370415981657
"411",2015-02-15,16.475929118716
"412",2015-02-16,12237.5845399475
"413",2015-02-17,10031.5956149212
"414",2015-02-18,7022.11693044486
"415",2015-02-19,5039.68722320207
"416",2015-02-20,3527.78105624145
"417",2015-02-21,16793.7711486326
"418",2015-02-22,12661.0837243632
"419",2015-02-23,8862.75860705421
"420",2015-02-24,6203.93102493795
"421",2015-02-25,4342.75171745656
"422",2015-02-26,6208.42178121949
"423",2015-02-27,4345.89524685365
"424",2015-02-28,3042.12667279755
"425",2015-03-01,2129.48867095829
"426",2015-03-02,1490.6420696708
"427",2015-03-03,1043.44944876956
"428",2015-03-04,11915.0189138262
"429",2015-03-05,27325.9760396783
"430",2015-03-06,19128.1832277748
"431",2015-03-07,13389.7282594424
"432",2015-03-08,18541.0940379388
"433",2015-03-09,15326.9534808898
"434",2015-03-10,10728.8674366229
"435",2015-03-11,7613.37356029116
"436",2015-03-12,5329.36149220381
"437",2015-03-13,6772.71743503219
"438",2015-03-14,6785.40040452253
"439",2015-03-15,4749.78028316577
"440",2015-03-16,3324.84619821604
"441",2015-03-17,2327.39233875123
"442",2015-03-18,1629.17463712586
"443",2015-03-19,8171.33237643275
"444",2015-03-20,7280.23983512793
"445",2015-03-21,5096.16788458955
"446",2015-03-22,3567.31751921268
"447",2015-03-23,2497.12226344888
"448",2015-03-24,1747.98558441421
"449",2015-03-25,1223.58990908995
"450",2015-03-26,9345.17932449271
"451",2015-03-27,12379.7704271449
"452",2015-03-28,8665.83929900143
"453",2015-03-29,6066.087509301
"454",2015-03-30,4246.2612565107
"455",2015-03-31,2972.38287955749
"456",2015-04-01,2080.66801569024
"457",2015-04-02,1456.46761098317
"458",2015-04-03,1019.52732768822
"459",2015-04-04,713.669129381753
"460",2015-04-05,499.568390567227
"461",2015-04-06,349.697873397059
"462",2015-04-07,3829.18744823459
"463",2015-04-08,3234.43042483207
"464",2015-04-09,9774.99097057165
"465",2015-04-10,6842.49367940015
"466",2015-04-11,4789.74557558011
"467",2015-04-12,3352.82190290608
"468",2015-04-13,2346.97533203425
"469",2015-04-14,14657.440316058
"470",2015-04-15,10260.2082212406
"471",2015-04-16,11469.4955935995
"472",2015-04-17,8028.64691551964
"473",2015-04-18,5620.05284086375
"474",2015-04-19,35378.4432832934
"475",2015-04-20,28292.6264983054
"476",2015-04-21,19804.8385488138
"477",2015-04-22,13863.3869841696
"478",2015-04-23,9704.37088891874
"479",2015-04-24,6793.05962224312
"480",2015-04-25,8263.80971995172
"481",2015-04-26,9440.59466999994
"482",2015-04-27,6608.41626899996
"483",2015-04-28,4625.89138829997
"484",2015-04-29,3238.12397180998
"485",2015-04-30,4929.22082252191
"486",2015-05-01,7826.61483908216
"487",2015-05-02,5478.63038735751
"488",2015-05-03,3835.04127115026
"489",2015-05-04,2684.52888980518
"490",2015-05-05,1879.17022286363
"491",2015-05-06,5840.86977981135
"492",2015-05-07,4088.60884586794
"493",2015-05-08,2862.02619210756
"494",2015-05-09,2003.41833447529
"495",2015-05-10,1402.39283413271
"496",2015-05-11,981.674983892894
"497",2015-05-12,687.172488725026
"498",2015-05-13,481.020742107518
"499",2015-05-14,336.714519475263
"500",2015-05-15,235.700163632684
"501",2015-05-16,164.990114542879
"502",2015-05-17,2207.94441377813
"503",2015-05-18,3757.24328126472
"504",2015-05-19,2630.07029688531
"505",2015-05-20,1841.04920781971
"506",2015-05-21,3711.77480302373
"507",2015-05-22,2598.24236211661
"508",2015-05-23,1818.76965348163
"509",2015-05-24,1273.13875743714
"510",2015-05-25,891.197130205998
"511",2015-05-26,623.837991144199
"512",2015-05-27,436.686593800939
"513",2015-05-28,305.680615660658
"514",2015-05-29,213.97643096246
"515",2015-05-30,149.783501673722
"516",2015-05-31,4400.21877007621
"517",2015-06-01,15229.5546747021
"518",2015-06-02,38569.1928396444
"519",2015-06-03,32356.270587751
"520",2015-06-04,23432.9480114257
"521",2015-06-05,16403.063607998
"522",2015-06-06,11482.1445255986
"523",2015-06-07,8037.50116791902
"524",2015-06-08,12293.0317321902
"525",2015-06-09,8605.12221253315
"526",2015-06-10,6023.58554877321
"527",2015-06-11,4216.50988414124
"528",2015-06-12,2951.55691889887
"529",2015-06-13,2066.08984322921
"530",2015-06-14,1446.26289026045
"531",2015-06-15,1012.38402318231
"532",2015-06-16,708.668816227619
"533",2015-06-17,12255.8276254089
"534",2015-06-18,9924.53632369698
"535",2015-06-19,6947.17542658789
"536",2015-06-20,4863.02279861152
"537",2015-06-21,3404.11595902806
"538",2015-06-22,2382.88117131965
"539",2015-06-23,1668.01681992375
"540",2015-06-24,1167.61177394663
"541",2015-06-25,817.328241762638
"542",2015-06-26,1983.37382164498
"543",2015-06-27,15351.7961704338
"544",2015-06-28,10746.2573193037
"545",2015-06-29,7522.38012351258
"546",2015-06-30,5265.66608645881
"547",2015-07-01,3685.96626052116
"548",2015-07-02,2580.17638236482
"549",2015-07-03,5107.98620435664
"550",2015-07-04,3575.59034304965
"551",2015-07-05,4004.88725180468
"552",2015-07-06,20737.2698203478
"553",2015-07-07,14516.0888742434
"554",2015-07-08,10161.2622119704
"555",2015-07-09,7112.88354837928
"556",2015-07-10,4979.01848386549
"557",2015-07-11,3639.77238685624
"558",2015-07-12,10813.0436893253
"559",2015-07-13,26256.291707353
"560",2015-07-14,18379.4041951471
"561",2015-07-15,12865.582936603
"562",2015-07-16,9005.90805562208
"563",2015-07-17,6304.13563893545
"564",2015-07-18,4412.89494725482
"565",2015-07-19,3089.02646307837
"566",2015-07-20,2162.31852415486
"567",2015-07-21,1513.6229669084
"568",2015-07-22,1059.53607683588
"569",2015-07-23,741.675253785117
"570",2015-07-24,519.172677649582
"571",2015-07-25,363.420874354707
"572",2015-07-26,254.394612048295
"573",2015-07-27,178.076228433807
"574",2015-07-28,543.185428772713
"575",2015-07-29,380.229800140899
"576",2015-07-30,266.160860098629
"577",2015-07-31,186.312602069041
"578",2015-08-01,130.418821448328
"579",2015-08-02,91.2931750138299
"580",2015-08-03,63.9052225096809
"581",2015-08-04,44.7336557567766
"582",2015-08-05,31.3135590297436
"583",2015-08-06,2708.53619801362
"584",2015-08-07,1895.97533860954
"585",2015-08-08,1327.18273702668
"586",2015-08-09,929.027915918673
"587",2015-08-10,23708.0491476466
"588",2015-08-11,16736.1731651019
"589",2015-08-12,11715.3212155713
"590",2015-08-13,8200.72485089993
"591",2015-08-14,5740.50739562995
"592",2015-08-15,4018.35517694096
"593",2015-08-16,4413.92474326369
"594",2015-08-17,3089.74732028459
"595",2015-08-18,3397.52245113594
"596",2015-08-19,8291.50446168109
"597",2015-08-20,5804.05312317676
"598",2015-08-21,4062.83718622373
"599",2015-08-22,2843.98603035661
"600",2015-08-23,1990.79022124963
"601",2015-08-24,1393.55315487474
"602",2015-08-25,975.487208412318
"603",2015-08-26,682.841045888623
"604",2015-08-27,477.988732122036
"605",2015-08-28,334.592112485425
"606",2015-08-29,234.214478739798
"607",2015-08-30,163.950135117858
"608",2015-08-31,114.765094582501
"609",2015-09-01,80.3355662077506
"610",2015-09-02,56.2348963454254
"611",2015-09-03,39.3644274417978
"612",2015-09-04,11209.448702481
"613",2015-09-05,7846.6140917367
"614",2015-09-06,5492.62986421569
"615",2015-09-07,3844.84090495098
"616",2015-09-08,2691.38863346569
"617",2015-09-09,4394.64576931598
"618",2015-09-10,3076.25203852119
"619",2015-09-11,2153.37642696483
"620",2015-09-12,1507.36349887538
"621",2015-09-13,1055.15444921277
"622",2015-09-14,738.608114448937
"623",2015-09-15,517.025680114256
"624",2015-09-16,361.917976079979
"625",2015-09-17,253.342583255985
"626",2015-09-18,177.33980827919
"627",2015-09-19,124.137865795433
"628",2015-09-20,86.896506056803
"629",2015-09-21,23423.7443414955
"630",2015-09-22,16396.6210390468
"631",2015-09-23,11477.6347273328
"632",2015-09-24,8034.34430913295
"633",2015-09-25,10030.475477597
"634",2015-09-26,35517.2727936991
"635",2015-09-27,59907.8491555894
"636",2015-09-28,43972.5016089126
"637",2015-09-29,78184.8887262388
"638",2015-09-30,54729.4221083672
"639",2015-10-01,38310.595475857
"640",2015-10-02,44766.4212558611
"641",2015-10-03,53428.6796791028
"642",2015-10-04,39697.4973753719
"643",2015-10-05,27788.2481627604
"644",2015-10-06,19451.7737139322
"645",2015-10-07,13616.2415997526
"646",2015-10-08,9531.3691198268
"647",2015-10-09,11393.814487122
"648",2015-10-10,9846.20166370634
"649",2015-10-11,6892.34116459444
"650",2015-10-12,4824.63881521611
"651",2015-10-13,3377.24717065128
"652",2015-10-14,2364.07301945589
"653",2015-10-15,1654.85111361913
"654",2015-10-16,1158.39577953339
"655",2015-10-17,810.877045673372
"656",2015-10-18,567.61393197136
"657",2015-10-19,397.329752379952
"658",2015-10-20,278.130826665966
"659",2015-10-21,194.691578666176
"660",2015-10-22,136.284105066324
"661",2015-10-23,95.3988735464265
"662",2015-10-24,66.7792114824985
"663",2015-10-25,46.745448037749
"664",2015-10-26,32.7218136264243
"665",2015-10-27,23613.1497527936
"666",2015-10-28,38370.5092269555
"667",2015-10-29,26859.3564588688
"668",2015-10-30,18801.5495212082
"669",2015-10-31,13161.0846648457
"670",2015-11-01,9212.75926539202
"671",2015-11-02,7534.73882418667
"672",2015-11-03,5274.31717693067
"673",2015-11-04,3692.02202385147
"674",2015-11-05,2584.41541669603
"675",2015-11-06,1809.09079168722
"676",2015-11-07,2970.7535336398
"677",2015-11-08,2079.52747354786
"678",2015-11-09,24176.87093002
"679",2015-11-10,17625.784451014
"680",2015-11-11,12338.0491157098
"681",2015-11-12,8636.63438099687
"682",2015-11-13,6045.64406669781
"683",2015-11-14,4231.95084668847
"684",2015-11-15,2962.36559268193
"685",2015-11-16,2073.65591487735
"686",2015-11-17,1451.55914041414
"687",2015-11-18,10429.337753492
"688",2015-11-19,29119.3678558194
"689",2015-11-20,20383.5574990736
"690",2015-11-21,14268.4902493515
"691",2015-11-22,9987.94317454605
"692",2015-11-23,6991.56022218224
"693",2015-11-24,4894.09215552757
"694",2015-11-25,3425.8645088693
"695",2015-11-26,2398.10515620851
"696",2015-11-27,1678.67360934596
"697",2015-11-28,1175.07152654217
"698",2015-11-29,1848.88574374146
"699",2015-11-30,12072.9415607859
"700",2015-12-01,24036.0164641751
"701",2015-12-02,25501.1515249226
"702",2015-12-03,17850.8060674458
"703",2015-12-04,12495.5642472121
"704",2015-12-05,8746.89497304844
"705",2015-12-06,6122.82648113391
"706",2015-12-07,4616.50796215711
"707",2015-12-08,3231.55557350998
"708",2015-12-09,2262.08890145699
"709",2015-12-10,1583.46223101989
"710",2015-12-11,1108.42356171392
"711",2015-12-12,775.896493199746
"712",2015-12-13,543.127545239823
"713",2015-12-14,514.928254984316
"714",2015-12-15,360.449778489021
"715",2015-12-16,252.314844942315
"716",2015-12-17,13949.9954686215
"717",2015-12-18,9764.99682803507
"718",2015-12-19,6835.49777962455
"719",2015-12-20,4784.84844573718
"720",2015-12-21,3606.93130692901
"721",2015-12-22,5608.4374899457
"722",2015-12-23,13666.113042962
"723",2015-12-24,20428.5015300734
"724",2015-12-25,16435.2946710514
"725",2015-12-26,11904.861869736
"726",2015-12-27,8333.40330881518
"727",2015-12-28,9869.89246266052
"728",2015-12-29,9713.55512386236
"729",2015-12-30,8525.14258670365
"730",2015-12-31,5967.59981069256
"731",2016-01-01,4177.31986748479
"732",2016-01-02,2924.12390723935
"733",2016-01-03,2046.88673506755
"734",2016-01-04,1432.82071454728
"735",2016-01-05,1002.9745001831
"736",2016-01-06,702.082150128169
"737",2016-01-07,491.457505089718
"738",2016-01-08,2202.85817327577
"739",2016-01-09,10187.7697336051
"740",2016-01-10,9581.26821352355
"741",2016-01-11,6706.88774946649
"742",2016-01-12,4694.82142462654
"743",2016-01-13,3286.37499723858
"744",2016-01-14,2300.46249806701
"745",2016-01-15,9188.48738469228
"746",2016-01-16,6431.94116928459
"747",2016-01-17,4732.75348987557
"748",2016-01-18,3312.9274429129
"749",2016-01-19,2319.04921003903
"750",2016-01-20,1623.33444702732
"751",2016-01-21,1136.33411291912
"752",2016-01-22,21966.632410909
"753",2016-01-23,20174.9815271193
"754",2016-01-24,14122.4870689835
"755",2016-01-25,9885.74094828845
"756",2016-01-26,6920.01866380192
"757",2016-01-27,4844.01306466134
"758",2016-01-28,3390.80914526294
"759",2016-01-29,2373.56640168406
"760",2016-01-30,1661.49648117884
"761",2016-01-31,1388.89701780892
"762",2016-02-01,16722.8577300873
"763",2016-02-02,17131.3080817468
"764",2016-02-03,31375.3548572228
"765",2016-02-04,21962.7484000559
"766",2016-02-05,15373.9238800392
"767",2016-02-06,10761.7467160274
"768",2016-02-07,7533.22270121919
"769",2016-02-08,5429.27187677251
"770",2016-02-09,3800.49031374076
"771",2016-02-10,2660.34321961853
"772",2016-02-11,1862.24025373297
"773",2016-02-12,1303.56817761308
"774",2016-02-13,912.497724329156
"775",2016-02-14,1557.18307715458
"776",2016-02-15,17769.1333584251
"777",2016-02-16,31425.4368889639
"778",2016-02-17,21997.8058222747
"779",2016-02-18,15398.4640755923
"780",2016-02-19,10778.9248529146
"781",2016-02-20,11601.4376603075
"782",2016-02-21,36416.7475265553
"783",2016-02-22,25491.7232685887
"784",2016-02-23,27469.8580093099
"785",2016-02-24,30491.2788902669
"786",2016-02-25,21343.8952231869
"787",2016-02-26,14940.7266562308
"788",2016-02-27,10458.5086593616
"789",2016-02-28,7320.95606155309
"790",2016-02-29,5124.66924308717
"791",2016-03-01,6090.94064461447
"792",2016-03-02,4263.65845123013
"793",2016-03-03,3322.22443581159
"794",2016-03-04,2325.55710506811
"795",2016-03-05,1627.88997354768
"796",2016-03-06,1139.52298148337
"797",2016-03-07,797.666087038362
"798",2016-03-08,558.366260926854
"799",2016-03-09,390.856382648797
"800",2016-03-10,273.599467854158
"801",2016-03-11,191.519627497911
"802",2016-03-12,134.063739248538
"803",2016-03-13,2022.83350325658
"804",2016-03-14,17878.0142597885
"805",2016-03-15,12514.6099818519
"806",2016-03-16,8760.22698729635
"807",2016-03-17,6132.15889110744
"808",2016-03-18,4292.51122377521
"809",2016-03-19,7620.86155908908
"810",2016-03-20,5334.60309136235
"811",2016-03-21,3734.22216395365
"812",2016-03-22,2613.95551476755
"813",2016-03-23,1829.76886033729
"814",2016-03-24,1280.8382022361
"815",2016-03-25,896.586741565271
"816",2016-03-26,627.61071909569
"817",2016-03-27,1078.2975752064
"818",2016-03-28,3114.83122312699
"819",2016-03-29,2180.3818561889
"820",2016-03-30,1526.26729933223
"821",2016-03-31,1068.38710953256
"822",2016-04-01,3900.79444436125
"823",2016-04-02,2730.55611105288
"824",2016-04-03,1911.38927773701
"825",2016-04-04,1337.97249441591
"826",2016-04-05,936.580746091137
"827",2016-04-06,655.606522263796
"828",2016-04-07,2455.98568025947
"829",2016-04-08,1719.18997618163
"830",2016-04-09,1203.43298332714
"831",2016-04-10,842.403088328998
"832",2016-04-11,589.682161830299
"833",2016-04-12,412.777513281209
"834",2016-04-13,288.944259296846
"835",2016-04-14,202.260981507793
"836",2016-04-15,141.582687055455
"837",2016-04-16,99.1078809388183
"838",2016-04-17,69.3755166571728
"839",2016-04-18,48.562861660021
"840",2016-04-19,33.9940031620147
"841",2016-04-20,23.7958022134103
"842",2016-04-21,16.6570615493872
"843",2016-04-22,5906.38683545165
"844",2016-04-23,4134.47078481616
"845",2016-04-24,2894.12954937131
"846",2016-04-25,2025.89068455992
"847",2016-04-26,1418.12347919194
"848",2016-04-27,3547.00862295701
"849",2016-04-28,5469.47673906914
"850",2016-04-29,3828.6337173484
"851",2016-04-30,3690.00700360107
"852",2016-05-01,18903.7208712137
"853",2016-05-02,16740.8442098496
"854",2016-05-03,11718.5909468947
"855",2016-05-04,8203.0136628263
"856",2016-05-05,18748.8098874441
"857",2016-05-06,13124.1669212109
"858",2016-05-07,9186.9168448476
"859",2016-05-08,6430.84179139332
"860",2016-05-09,4501.58925397532
"861",2016-05-10,4223.87828398827
"862",2016-05-11,15227.621396132
"863",2016-05-12,15485.7181772924
"864",2016-05-13,10840.0027241047
"865",2016-05-14,7588.00190687329
"866",2016-05-15,5311.6013348113
"867",2016-05-16,3718.12093436791
"868",2016-05-17,3685.2644465965
"869",2016-05-18,2579.68511261755
"870",2016-05-19,1805.77957883229
"871",2016-05-20,2803.66154076213
"872",2016-05-21,9884.74412297122
"873",2016-05-22,6919.32088607985
"874",2016-05-23,4843.5246202559
"875",2016-05-24,3390.46723417913
"876",2016-05-25,2373.32706392539
"877",2016-05-26,1661.32894474777
"878",2016-05-27,1162.93026132344
"879",2016-05-28,814.051182926409
"880",2016-05-29,4808.7019693649
"881",2016-05-30,3366.09137855543
"882",2016-05-31,2356.2639649888
"883",2016-06-01,1649.38477549216
"884",2016-06-02,2258.84404417719
"885",2016-06-03,1581.19083092403
"886",2016-06-04,8395.08585812446
"887",2016-06-05,5876.56010068712
"888",2016-06-06,4113.59207048098
"889",2016-06-07,2879.51444933669
"890",2016-06-08,2015.66011453568
"891",2016-06-09,1410.96208017498
"892",2016-06-10,987.673456122485
"893",2016-06-11,691.371419285739
"894",2016-06-12,483.959993500017
"895",2016-06-13,338.771995450012
"896",2016-06-14,237.140396815009
"897",2016-06-15,19958.8182640497
"898",2016-06-16,18981.158202635
"899",2016-06-17,13286.8107418445
"900",2016-06-18,9300.76751929116
"901",2016-06-19,6510.53726350381
"902",2016-06-20,4557.37608445267
"903",2016-06-21,3190.16325911687
"904",2016-06-22,2233.11428138181
"905",2016-06-23,30564.603787297
"906",2016-06-24,24038.8646511079
"907",2016-06-25,16827.2052557755
"908",2016-06-26,11779.0436790429
"909",2016-06-27,9264.62767471849
"910",2016-06-28,6485.23937230294
"911",2016-06-29,4539.66756061206
"912",2016-06-30,3177.76729242844
"913",2016-07-01,2224.43710469991
"914",2016-07-02,8670.38412031955
"915",2016-07-03,6069.26888422368
"916",2016-07-04,15354.226897253
"917",2016-07-05,10747.9588280771
"918",2016-07-06,7523.57117965397
"919",2016-07-07,5266.49982575778
"920",2016-07-08,3929.13186076775
"921",2016-07-09,2750.39230253743
"922",2016-07-10,1925.2746117762
"923",2016-07-11,1347.69222824334
"924",2016-07-12,8520.51861187452
"925",2016-07-13,5964.36302831216
"926",2016-07-14,4175.05411981851
"927",2016-07-15,2922.53788387296
"928",2016-07-16,2045.77651871107
"929",2016-07-17,1432.04356309775
"930",2016-07-18,1002.43049416842
"931",2016-07-19,701.701345917898
"932",2016-07-20,491.190942142528
"933",2016-07-21,343.83365949977
"934",2016-07-22,240.683561649839
"935",2016-07-23,168.478493154887
"936",2016-07-24,117.934945208421
"937",2016-07-25,1987.82668993571
"938",2016-07-26,1391.47868295499
"939",2016-07-27,7884.76500171294
"940",2016-07-28,20343.1724656678
"941",2016-07-29,14240.2207259674
"942",2016-07-30,9968.15450817721
"943",2016-07-31,14188.1351199897
"944",2016-08-01,9931.69458399276
"945",2016-08-02,13012.8765942076
"946",2016-08-03,23167.8500159453
"947",2016-08-04,23629.4990111617
"948",2016-08-05,22826.2793078132
"949",2016-08-06,15978.3955154693
"950",2016-08-07,11184.8768608285
"951",2016-08-08,9385.3685025668
"952",2016-08-09,8977.75808345193
"953",2016-08-10,6284.43065841635
"954",2016-08-11,4399.10146089145
"955",2016-08-12,3079.37102262401
"956",2016-08-13,2155.55971583681
"957",2016-08-14,1508.89180108577
"958",2016-08-15,8953.34439387677
"959",2016-08-16,6267.34107571374
"960",2016-08-17,4387.13875299962
"961",2016-08-18,3070.99712709973
"962",2016-08-19,2149.69798896981
"963",2016-08-20,2820.61446532766
"964",2016-08-21,2449.60002943536
"965",2016-08-22,1714.72002060475
"966",2016-08-23,1200.30401442333
"967",2016-08-24,840.212810096329
"968",2016-08-25,588.14896706743
"969",2016-08-26,411.704276947201
"970",2016-08-27,288.192993863041
"971",2016-08-28,201.735095704129
"972",2016-08-29,141.21456699289
"973",2016-08-30,98.850196895023
"974",2016-08-31,8342.9419703393
"975",2016-09-01,9715.9266093692
"976",2016-09-02,6801.14862655844
"977",2016-09-03,4760.80403859091
"978",2016-09-04,3332.56282701364
"979",2016-09-05,2332.79397890954
"980",2016-09-06,1632.95578523668
"981",2016-09-07,1143.06904966568
"982",2016-09-08,800.148334765974
"983",2016-09-09,560.103834336182
"984",2016-09-10,392.072684035327
"985",2016-09-11,274.450878824729
"986",2016-09-12,192.11561517731
"987",2016-09-13,134.480930624117
"988",2016-09-14,94.1366514368821
"989",2016-09-15,65.8956560058174
"990",2016-09-16,46.1269592040722
"991",2016-09-17,32.2888714428505
"992",2016-09-18,22.6022100099954
"993",2016-09-19,7031.61417361723
"994",2016-09-20,4922.12992153206
"995",2016-09-21,3445.49094507244
"996",2016-09-22,2411.84366155071
"997",2016-09-23,1688.2905630855
"998",2016-09-24,1181.80339415985
"999",2016-09-25,827.262375911893
"1000",2016-09-26,9265.18087952485
"1001",2016-09-27,12835.5814112974
"1002",2016-09-28,27151.0169175415
"1003",2016-09-29,31975.493042279
"1004",2016-09-30,40497.5813295953
"1005",2016-10-01,28348.3069307167
"1006",2016-10-02,19843.8148515017
"1007",2016-10-03,13890.6703960512
"1008",2016-10-04,9723.46927723584
"1009",2016-10-05,6806.42849406509
"1010",2016-10-06,4764.49994584556
"1011",2016-10-07,40343.573831586
"1012",2016-10-08,62464.8376821102
"1013",2016-10-09,43725.3863774772
"1014",2016-10-10,30607.770464234
"1015",2016-10-11,21425.4393249638
"1016",2016-10-12,14997.8075274747
"1017",2016-10-13,10498.4652692323
"1018",2016-10-14,7348.92568846259
"1019",2016-10-15,5144.24798192381
"1020",2016-10-16,3600.97358734667
"1021",2016-10-17,2520.68151114267
"1022",2016-10-18,1764.47705779987
"1023",2016-10-19,1235.13394045991
"1024",2016-10-20,864.593758321935
"1025",2016-10-21,1354.1360238661
"1026",2016-10-22,947.895216706269
"1027",2016-10-23,663.526651694388
"1028",2016-10-24,464.468656186072
"1029",2016-10-25,325.12805933025
"1030",2016-10-26,227.589641531175
"1031",2016-10-27,159.312749071823
"1032",2016-10-28,111.518924350276
"1033",2016-10-29,78.0632470451931
"1034",2016-10-30,54.6442729316352
"1035",2016-10-31,38.2509910521446
"1036",2016-11-01,26.7756937365012
"1037",2016-11-02,18.7429856155509
"1038",2016-11-03,13.1200899308856
"1039",2016-11-04,9.18406295161992
"1040",2016-11-05,6.42884406613395
"1041",2016-11-06,4.50019084629376
"1042",2016-11-07,3.15013359240563
"1043",2016-11-08,2.20509351468394
"1044",2016-11-09,1.54356546027876
"1045",2016-11-10,1.08049582219513
"1046",2016-11-11,0.756347075536593
"1047",2016-11-12,0.529442952875615
"1048",2016-11-13,0.37061006701293
"1049",2016-11-14,0.259427046909051
"1050",2016-11-15,0.181598932836336
"1051",2016-11-16,0.127119252985435
"1052",2016-11-17,0.0889834770898046
"1053",2016-11-18,0.0622884339628632
"1054",2016-11-19,0.0436019037740043
"1055",2016-11-20,0.030521332641803
"1056",2016-11-21,0.0213649328492621
"1057",2016-11-22,0.0149554529944835
"1058",2016-11-23,0.0104688170961384
"1059",2016-11-24,0.0073281719672969
"1060",2016-11-25,0.00512972037710783
"1061",2016-11-26,0.00359080426397548
"1062",2016-11-27,0.00251356298478284
"1063",2016-11-28,0.00175949408934798
"1064",2016-11-29,9511.37016766444
"1065",2016-11-30,17264.139151953
"1066",2016-12-01,12084.8974063671
"1067",2016-12-02,8459.42818445698
"1068",2016-12-03,5921.59972911988
"1069",2016-12-04,7455.54174385971
"1070",2016-12-05,6250.1856207018
"1071",2016-12-06,28849.7254182413
"1072",2016-12-07,20194.8077927689
"1073",2016-12-08,14136.3654549382
"1074",2016-12-09,9895.45581845676
"1075",2016-12-10,6926.81907291973
"1076",2016-12-11,4848.77335104381
"1077",2016-12-12,5205.72470252352
"1078",2016-12-13,3644.00729176647
"1079",2016-12-14,2550.80510423653
"1080",2016-12-15,1785.56357296557
"1081",2016-12-16,1249.8945010759
"1082",2016-12-17,874.926150753129
"1083",2016-12-18,1525.62702833263
"1084",2016-12-19,1067.93891983284
"1085",2016-12-20,747.557243882987
"1086",2016-12-21,523.290070718091
"1087",2016-12-22,366.303049502664
"1088",2016-12-23,256.412134651865
"1089",2016-12-24,9555.99231714829
"1090",2016-12-25,6689.1946220038
"1091",2016-12-26,4682.43623540266
"1092",2016-12-27,3277.70536478186
"1093",2016-12-28,2294.39375534731
"1094",2016-12-29,5924.92738800084
"1095",2016-12-30,4147.44917160059
"1096",2016-12-31,2903.21442012041
"1097",2017-01-01,2032.25009408429
"1098",2017-01-02,3264.49273827278
"1099",2017-01-03,10466.4065167909
"1100",2017-01-04,7326.48456175366
"1101",2017-01-05,5128.53919322756
"1102",2017-01-06,3640.92720436271
"1103",2017-01-07,9514.05303178226
"1104",2017-01-08,6659.83712224758
"1105",2017-01-09,4661.88598557331
"1106",2017-01-10,3295.56769297096
"1107",2017-01-11,5293.06444884717
"1108",2017-01-12,6892.08080803029
"1109",2017-01-13,4824.4565656212
"1110",2017-01-14,6219.03159400105
"1111",2017-01-15,4919.64171580074
"1112",2017-01-16,3850.98720106052
"1113",2017-01-17,5118.14424074236
"1114",2017-01-18,4096.44736851965
"1115",2017-01-19,2867.51315796376
"1116",2017-01-20,6917.15598377773
"1117",2017-01-21,8317.01598864441
"1118",2017-01-22,8323.90519205109
"1119",2017-01-23,38136.6427181858
"1120",2017-01-24,26695.64990273
"1121",2017-01-25,18686.954931911
"1122",2017-01-26,13080.8684523377
"1123",2017-01-27,9156.6079166364
"1124",2017-01-28,6409.62554164548
"1125",2017-01-29,5757.03254072024
"1126",2017-01-30,4029.92277850417
"1127",2017-01-31,2820.94594495292
"1128",2017-02-01,1974.66216146704
"1129",2017-02-02,1382.26351302693
"1130",2017-02-03,967.58445911885
"1131",2017-02-04,677.309121383195
"1132",2017-02-05,474.116384968237
"1133",2017-02-06,331.881469477766
"1134",2017-02-07,232.317028634436
"1135",2017-02-08,644.861757330066
"1136",2017-02-09,2085.5491065134
"1137",2017-02-10,1459.88437455938
"1138",2017-02-11,1021.91906219156
"1139",2017-02-12,715.343343534095
"1140",2017-02-13,500.740340473867
"1141",2017-02-14,350.518238331707
"1142",2017-02-15,1755.46112470733
"1143",2017-02-16,1228.82278729513
"1144",2017-02-17,860.175951106594
"1145",2017-02-18,602.123165774616
"1146",2017-02-19,421.486216042231
"1147",2017-02-20,295.040351229562
"1148",2017-02-21,206.528245860693
"1149",2017-02-22,3196.56606053801
"1150",2017-02-23,2237.59624237661
"1151",2017-02-24,1566.31736966363
"1152",2017-02-25,1096.42215876454
"1153",2017-02-26,767.495511135176
"1154",2017-02-27,537.246857794623
"1155",2017-02-28,2177.1833205465
"1156",2017-03-01,4413.29084439121
"1157",2017-03-02,3089.30359107385
"1158",2017-03-03,2162.51251375169
"1159",2017-03-04,1513.75875962618
"1160",2017-03-05,1059.63113173833
"1161",2017-03-06,741.74179221683
"1162",2017-03-07,1845.53171076158
"1163",2017-03-08,1291.8721975331
"1164",2017-03-09,904.310538273173
"1165",2017-03-10,633.017376791221
"1166",2017-03-11,443.112163753855
"1167",2017-03-12,310.178514627698
"1168",2017-03-13,1245.67122838155
"1169",2017-03-14,3845.03012030112
"1170",2017-03-15,2691.52108421078
"1171",2017-03-16,1884.06475894755
"1172",2017-03-17,5459.32871496654
"1173",2017-03-18,3821.53010047658
"1174",2017-03-19,2675.0710703336
"1175",2017-03-20,1872.54974923352
"1176",2017-03-21,1310.78482446347
"1177",2017-03-22,917.549377124426
"1178",2017-03-23,642.284563987098
"1179",2017-03-24,449.599194790969
"1180",2017-03-25,314.719436353678
"1181",2017-03-26,220.303605447575
"1182",2017-03-27,154.212523813302
"1183",2017-03-28,4145.46654785346
"1184",2017-03-29,2901.82658349743
"1185",2017-03-30,2031.2786084482
"1186",2017-03-31,15651.8341080399
"1187",2017-04-01,10956.2838756279
"1188",2017-04-02,7669.39871293954
"1189",2017-04-03,14609.3968988159
"1190",2017-04-04,10226.5778291711
"1191",2017-04-05,7158.60448041977
"1192",2017-04-06,9112.75293478895
"1193",2017-04-07,6378.92705435227
"1194",2017-04-08,4465.24893804659
"1195",2017-04-09,3125.67425663261
"1196",2017-04-10,2187.97197964283
"1197",2017-04-11,1531.58038574998
"1198",2017-04-12,1072.10627002499
"1199",2017-04-13,750.47438901749
"1200",2017-04-14,525.332072312243
"1201",2017-04-15,3655.42250270884
"1202",2017-04-16,2558.79575189619
"1203",2017-04-17,1791.15702632733
"1204",2017-04-18,1253.80991842913
"1205",2017-04-19,2851.07161429255
"1206",2017-04-20,2984.42741979146
"1207",2017-04-21,2089.09919385402
"1208",2017-04-22,8297.05687482411
"1209",2017-04-23,20588.6508360447
"1210",2017-04-24,43197.2445852313
"1211",2017-04-25,39669.9212096619
"1212",2017-04-26,27768.9448467634
"1213",2017-04-27,19438.2613927343
"1214",2017-04-28,13606.782974914
"1215",2017-04-29,9524.74808243983
"1216",2017-04-30,6667.32365770788
"1217",2017-05-01,5626.74864502468
"1218",2017-05-02,3938.72405151727
"1219",2017-05-03,2757.10683606209
"1220",2017-05-04,10096.2877303495
"1221",2017-05-05,35330.4154138688
"1222",2017-05-06,24731.2907897082
"1223",2017-05-07,17311.9035527957
"1224",2017-05-08,12118.332486957
"1225",2017-05-09,13544.3134886704
"1226",2017-05-10,9481.01944206925
"1227",2017-05-11,6636.71360944848
"1228",2017-05-12,17270.9354733865
"1229",2017-05-13,12089.6548313705
"1230",2017-05-14,8462.75838195937
"1231",2017-05-15,5923.93086737156
"1232",2017-05-16,4146.75160716009
"1233",2017-05-17,2902.72612501206
"1234",2017-05-18,2031.90828750845
"1235",2017-05-19,1422.33580125591
"1236",2017-05-20,9957.54560449808
"1237",2017-05-21,7556.64028467672
"1238",2017-05-22,10319.6953424054
"1239",2017-05-23,27488.9087114385
"1240",2017-05-24,37091.9270980069
"1241",2017-05-25,29458.1513686049
"1242",2017-05-26,20620.7059580234
"1243",2017-05-27,14434.4941706164
"1244",2017-05-28,10104.1459194315
"1245",2017-05-29,7072.90214360203
"1246",2017-05-30,4951.03150052142
"1247",2017-05-31,3465.72205036499
"1248",2017-06-01,2426.0054352555
"1249",2017-06-02,1698.20380467885
"1250",2017-06-03,1188.74266327519
"1251",2017-06-04,2704.64642658697
"1252",2017-06-05,11426.049365992
"1253",2017-06-06,7998.23455619438
"1254",2017-06-07,5598.76418933607
"1255",2017-06-08,3919.13493253525
"1256",2017-06-09,2743.39445277467
"1257",2017-06-10,1920.37611694227
"1258",2017-06-11,1344.26328185959
"1259",2017-06-12,940.984297301713
"1260",2017-06-13,6426.54071197208
"1261",2017-06-14,6296.76005766288
"1262",2017-06-15,20783.0960303722
"1263",2017-06-16,15875.3000212605
"1264",2017-06-17,20675.8570986324
"1265",2017-06-18,14473.0999690427
"1266",2017-06-19,15565.7829859899
"1267",2017-06-20,10896.0480901929
"1268",2017-06-21,7627.23366313504
"1269",2017-06-22,5339.06356419453
"1270",2017-06-23,3737.34449493617
"1271",2017-06-24,2616.14114645532
"1272",2017-06-25,1831.29880251872
"1273",2017-06-26,1281.90916176311
"1274",2017-06-27,897.336413234174
"1275",2017-06-28,628.135489263922
"1276",2017-06-29,439.694842484745
"1277",2017-06-30,307.786389739322
"1278",2017-07-01,215.450472817525
"1279",2017-07-02,150.815330972268
"1280",2017-07-03,105.570731680587
"1281",2017-07-04,983.226579637567
"1282",2017-07-05,6495.3015285994
"1283",2017-07-06,4546.71107001958
"1284",2017-07-07,3182.69774901371
"1285",2017-07-08,2227.88842430959
"1286",2017-07-09,1559.52189701672
"1287",2017-07-10,1091.6653279117
"1288",2017-07-11,764.165729538191
"1289",2017-07-12,534.916010676734
"1290",2017-07-13,855.634481058352
"1291",2017-07-14,598.944136740847
"1292",2017-07-15,419.260895718593
"1293",2017-07-16,293.482627003015
"1294",2017-07-17,205.43783890211
"1295",2017-07-18,7837.63430365223
"1296",2017-07-19,5486.34401255656
"1297",2017-07-20,3840.44080878959
"1298",2017-07-21,2688.30856615272
"1299",2017-07-22,1881.8159963069
"1300",2017-07-23,1317.27119741483
"1301",2017-07-24,19068.2371144995
"1302",2017-07-25,13347.7659801497
"1303",2017-07-26,9343.43618610477
"1304",2017-07-27,6540.40533027334
"1305",2017-07-28,6565.00059800473
"1306",2017-07-29,4719.2161756442
"1307",2017-07-30,3303.45132295094
"1308",2017-07-31,2312.41592606566
"1309",2017-08-01,1618.69114824596
"1310",2017-08-02,4147.55942361062
"1311",2017-08-03,2903.29159652744
"1312",2017-08-04,2032.3041175692
"1313",2017-08-05,1422.61288229844
"1314",2017-08-06,995.82901760891
"1315",2017-08-07,11163.401223227
"1316",2017-08-08,7814.38085625887
"1317",2017-08-09,5470.06659938121
"1318",2017-08-10,3829.04661956685
"1319",2017-08-11,2680.33263369679
"1320",2017-08-12,1876.23284358776
"1321",2017-08-13,1313.36299051143
"1322",2017-08-14,919.354093358
"1323",2017-08-15,1185.77234593841
"1324",2017-08-16,830.040642156884
"1325",2017-08-17,581.028449509819
"1326",2017-08-18,406.719914656873
"1327",2017-08-19,284.703940259811
"1328",2017-08-20,199.292758181868
"1329",2017-08-21,2327.67871209887
"1330",2017-08-22,1629.37509846921
"1331",2017-08-23,1140.56256892845
"1332",2017-08-24,798.393798249913
"1333",2017-08-25,558.875658774939
"1334",2017-08-26,391.212961142457
"1335",2017-08-27,273.84907279972
"1336",2017-08-28,191.694350959804
"1337",2017-08-29,7288.45196734672
"1338",2017-08-30,5101.9163771427
"1339",2017-08-31,3571.34146399989
"1340",2017-09-01,16030.1515213618
"1341",2017-09-02,14491.0931983617
"1342",2017-09-03,10143.7652388532
"1343",2017-09-04,7100.63566719722
"1344",2017-09-05,4970.44496703805
"1345",2017-09-06,12280.6206386659
"1346",2017-09-07,8596.43444706614
"1347",2017-09-08,6017.50411294629
"1348",2017-09-09,4212.25287906241
"1349",2017-09-10,2948.57701534368
"1350",2017-09-11,2064.00391074058
"1351",2017-09-12,16496.8353085586
"1352",2017-09-13,11547.7847159911
"1353",2017-09-14,8083.44930119374
"1354",2017-09-15,5658.41451083562
"1355",2017-09-16,3960.89015758493
"1356",2017-09-17,2772.62311030945
"1357",2017-09-18,1940.83617721662
"1358",2017-09-19,1358.58532405163
"1359",2017-09-20,951.009726836142
"1360",2017-09-21,665.7068087853
"1361",2017-09-22,465.99476614971
"1362",2017-09-23,326.196336304797
"1363",2017-09-24,228.337435413358
"1364",2017-09-25,159.83620478935
"1365",2017-09-26,111.885343352545
"1366",2017-09-27,78.3197403467817
"1367",2017-09-28,54.8238182427472
"1368",2017-09-29,38.376672769923
"1369",2017-09-30,26.8636709389461
"1370",2017-10-01,18.8045696572623
"1371",2017-10-02,13.1631987600836
"1372",2017-10-03,9.21423913205853
"1373",2017-10-04,6.44996739244097
"1374",2017-10-05,4.51497717470868
"1375",2017-10-06,3.16048402229607
"1376",2017-10-07,2.21233881560725
"1377",2017-10-08,6809.27775515745
"1378",2017-10-09,22066.3355770756
"1379",2017-10-10,15446.434903953
"1380",2017-10-11,21619.6938160319
"1381",2017-10-12,15133.7856712223
"1382",2017-10-13,10593.6499698556
"1383",2017-10-14,7415.55497889893
"1384",2017-10-15,5190.88848522925
"1385",2017-10-16,3633.62193966048
"1386",2017-10-17,2543.53535776233
"1387",2017-10-18,1780.47475043363
"1388",2017-10-19,1246.33232530354
"1389",2017-10-20,872.432627712481
"1390",2017-10-21,610.702839398737
"1391",2017-10-22,427.491987579116
"1392",2017-10-23,28338.1123336978
"1393",2017-10-24,19836.6786335884
"1394",2017-10-25,13885.6750435119
"1395",2017-10-26,9719.97253045834
"1396",2017-10-27,6803.98077132084
"1397",2017-10-28,6092.82949683995
"1398",2017-10-29,11726.3507558633
"1399",2017-10-30,8208.44552910431
"1400",2017-10-31,5745.91187037302
"1401",2017-11-01,4022.13830926111
"1402",2017-11-02,2815.49681648278
"1403",2017-11-03,1970.84777153795
"1404",2017-11-04,5902.65986016208
"1405",2017-11-05,4131.86190211346
"1406",2017-11-06,2892.30333147942
"1407",2017-11-07,2457.10475811449
"1408",2017-11-08,2514.40375415849
"1409",2017-11-09,3881.51968972316
"1410",2017-11-10,2717.06378280621
"1411",2017-11-11,1901.94464796435
"1412",2017-11-12,2826.42898137874
"1413",2017-11-13,1978.50028696512
"1414",2017-11-14,1384.95020087558
"1415",2017-11-15,969.465140612907
"1416",2017-11-16,678.625598429035
"1417",2017-11-17,475.037918900325
"1418",2017-11-18,332.526543230227
"1419",2017-11-19,1058.1645464774
"1420",2017-11-20,740.715182534182
"1421",2017-11-21,518.500627773927
"1422",2017-11-22,362.950439441749
"1423",2017-11-23,254.065307609224
"1424",2017-11-24,177.845715326457
"1425",2017-11-25,124.49200072852
"1426",2017-11-26,87.144400509964
"1427",2017-11-27,61.0010803569748
"1428",2017-11-28,42.7007562498824
"1429",2017-11-29,29.8905293749177
"1430",2017-11-30,20.9233705624424
"1431",2017-12-01,14.6463593937097
"1432",2017-12-02,10.2524515755968
"1433",2017-12-03,7.17671610291773
"1434",2017-12-04,5.02370127204241
"1435",2017-12-05,721.680392604609
"1436",2017-12-06,505.176274823227
"1437",2017-12-07,353.623392376259
"1438",2017-12-08,247.536374663381
"1439",2017-12-09,3230.83015815369
"1440",2017-12-10,2261.58111070758
"1441",2017-12-11,1583.10677749531
"1442",2017-12-12,1201.27972550718
"1443",2017-12-13,840.895807855023
"1444",2017-12-14,588.627065498516
"1445",2017-12-15,412.038945848961
"1446",2017-12-16,288.427262094273
"1447",2017-12-17,692.389570059629
"1448",2017-12-18,484.67269904174
"1449",2017-12-19,339.270889329218
"1450",2017-12-20,237.489622530453
"1451",2017-12-21,166.242735771317
"1452",2017-12-22,508.697893652914
"1453",2017-12-23,2693.22829289136
"1454",2017-12-24,2000.15372199942
"1455",2017-12-25,1400.10760539959
"1456",2017-12-26,980.075323779715
"1457",2017-12-27,686.0527266458
"1458",2017-12-28,480.23690865206
"1459",2017-12-29,336.165836056442
"1460",2017-12-30,235.31608523951
"1461",2017-12-31,164.721259667657
"1462",2018-01-01,115.30488176736
"1463",2018-01-02,80.7134172371518
"1464",2018-01-03,56.4993920660062
"1465",2018-01-04,39.5495744462044
"1466",2018-01-05,27.6847021123431
"1467",2018-01-06,19.3792914786401
"1468",2018-01-07,13.5655040350481
"1469",2018-01-08,1336.24788577907
"1470",2018-01-09,935.373520045346
"1471",2018-01-10,654.761464031742
"1472",2018-01-11,4186.07993393912
"1473",2018-01-12,14895.4528992227
"1474",2018-01-13,10660.6724294559
"1475",2018-01-14,7462.47070061914
"1476",2018-01-15,5223.7294904334
"1477",2018-01-16,3656.61064330338
"1478",2018-01-17,5523.37498750251
"1479",2018-01-18,3866.36249125176
"1480",2018-01-19,2706.45374387623
"1481",2018-01-20,2197.54949757882
"1482",2018-01-21,1538.28464830518
"1483",2018-01-22,1076.79925381362
"1484",2018-01-23,4859.13874388341
"1485",2018-01-24,3401.39712071838
"1486",2018-01-25,2380.97798450287
"1487",2018-01-26,1666.68458915201
"1488",2018-01-27,1166.67921240641
"1489",2018-01-28,8853.85274528014
"1490",2018-01-29,9674.7467216961
"1491",2018-01-30,6772.32270518727
"1492",2018-01-31,4740.62589363109
"1493",2018-02-01,3318.43812554176
"1494",2018-02-02,2322.90668787923
"1495",2018-02-03,1626.03468151546
"1496",2018-02-04,15663.6725851396
"1497",2018-02-05,10964.5708095977
"1498",2018-02-06,7675.19956671838
"1499",2018-02-07,23532.0864205671
"1500",2018-02-08,16472.460494397
"1501",2018-02-09,11530.7223460779
"1502",2018-02-10,26619.6964753491
"1503",2018-02-11,39039.3799823041
"1504",2018-02-12,27327.5659876128
"1505",2018-02-13,19779.8134933729
"1506",2018-02-14,13845.869445361
"1507",2018-02-15,9692.10861175271
"1508",2018-02-16,6784.4760282269
"1509",2018-02-17,6127.18016541154
"1510",2018-02-18,4289.02611578808
"1511",2018-02-19,5097.79336913028
"1512",2018-02-20,3568.4553583912
"1513",2018-02-21,2497.91875087384
"1514",2018-02-22,1748.54312561169
"1515",2018-02-23,1223.98018792818
"1516",2018-02-24,856.786131549727
"1517",2018-02-25,700.178499163577
"1518",2018-02-26,490.124949414504
"1519",2018-02-27,343.087464590153
"1520",2018-02-28,240.161225213107
"1521",2018-03-01,6278.83476115674
"1522",2018-03-02,4395.18433280972
"1523",2018-03-03,3076.6290329668
"1524",2018-03-04,2153.64032307676
"1525",2018-03-05,1507.54822615373
"1526",2018-03-06,1055.28375830761
"1527",2018-03-07,738.698630815329
"1528",2018-03-08,517.08904157073
"1529",2018-03-09,361.962329099511
"1530",2018-03-10,253.373630369658
"1531",2018-03-11,177.36154125876
"1532",2018-03-12,8152.43593006319
"1533",2018-03-13,5706.70515104423
"1534",2018-03-14,3994.69360573096
"1535",2018-03-15,2796.28552401167
"1536",2018-03-16,1957.39986680817
"1537",2018-03-17,6177.37848554518
"1538",2018-03-18,4324.16493988163
"1539",2018-03-19,3026.91545791714
"1540",2018-03-20,17418.5930320232
"1541",2018-03-21,16602.5582224162
"1542",2018-03-22,11621.7907556914
"1543",2018-03-23,8135.25352898396
"1544",2018-03-24,11766.6593614892
"1545",2018-03-25,8236.66155304242
"1546",2018-03-26,5765.66308712969
"1547",2018-03-27,6526.74390770598
"1548",2018-03-28,4568.72073539419
"1549",2018-03-29,3198.10451477593
"1550",2018-03-30,2238.67316034315
"1551",2018-03-31,1567.07121224021
"1552",2018-04-01,1096.94984856814
"1553",2018-04-02,767.864893997701
"1554",2018-04-03,537.505425798391
"1555",2018-04-04,376.253798058874
"1556",2018-04-05,263.377658641212
"1557",2018-04-06,184.364361048848
"1558",2018-04-07,2125.83407241302
"1559",2018-04-08,1488.08385068911
"1560",2018-04-09,1041.65869548238
"1561",2018-04-10,729.161086837665
"1562",2018-04-11,510.412760786365
"1563",2018-04-12,357.288932550456
"1564",2018-04-13,250.102252785319
"1565",2018-04-14,175.071576949723
"1566",2018-04-15,23436.2357973611
"1567",2018-04-16,17939.7942581528
"1568",2018-04-17,12557.8559807069
"1569",2018-04-18,8790.49918649486
"1570",2018-04-19,6153.3494305464
"1571",2018-04-20,4307.34460138248
"1572",2018-04-21,3015.14122096774
"1573",2018-04-22,2110.59885467742
"1574",2018-04-23,7334.53176841422
"1575",2018-04-24,40329.035933932
"1576",2018-04-25,38122.9397537524
"1577",2018-04-26,26992.5759276267
"1578",2018-04-27,18894.8031493387
"1579",2018-04-28,13226.3622045371
"1580",2018-04-29,9258.45354317595
"1581",2018-04-30,6480.91748022316
"1582",2018-05-01,4536.64223615621
"1583",2018-05-02,3175.64956530935
"1584",2018-05-03,2222.95469571654
"1585",2018-05-04,1556.06828700158
"1586",2018-05-05,1089.24780090111
"1587",2018-05-06,898.904543960149
"1588",2018-05-07,629.233180772104
"1589",2018-05-08,440.463226540473
"1590",2018-05-09,308.324258578331
"1591",2018-05-10,215.826981004832
"1592",2018-05-11,151.078886703382
"1593",2018-05-12,105.755220692368
"1594",2018-05-13,74.0286544846573
"1595",2018-05-14,51.8200581392601
"1596",2018-05-15,14762.7211111795
"1597",2018-05-16,22151.2849164606
"1598",2018-05-17,26335.0252415225
"1599",2018-05-18,26120.2836690657
"1600",2018-05-19,18284.198568346
"1601",2018-05-20,12798.9389978422
"1602",2018-05-21,8959.25729848954
"1603",2018-05-22,10218.080950486
"1604",2018-05-23,7152.65666534024
"1605",2018-05-24,5006.85966573817
"1606",2018-05-25,3504.80176601672
"1607",2018-05-26,6443.8739706418
"1608",2018-05-27,5612.853340437
"1609",2018-05-28,3928.9973383059
"1610",2018-05-29,2750.29813681413
"1611",2018-05-30,4317.71784412176
"1612",2018-05-31,4295.61353260145
"1613",2018-06-01,3006.92947282101
"1614",2018-06-02,2104.85063097471
"1615",2018-06-03,1473.3954416823
"1616",2018-06-04,1031.37680917761
"1617",2018-06-05,721.963766424325
"1618",2018-06-06,505.374636497028
"1619",2018-06-07,353.762245547919
"1620",2018-06-08,247.633571883544
"1621",2018-06-09,173.34350031848
"1622",2018-06-10,6495.57788029061
"1623",2018-06-11,4546.90451620342
"1624",2018-06-12,3182.8331613424
"1625",2018-06-13,2227.98321293968
"1626",2018-06-14,1559.58824905777
"1627",2018-06-15,1091.71177434044
"1628",2018-06-16,764.19824203831
"1629",2018-06-17,1092.19582137601
"1630",2018-06-18,764.537074963206
"1631",2018-06-19,535.175952474244
"1632",2018-06-20,374.623166731971
"1633",2018-06-21,952.182782797312
"1634",2018-06-22,948.979195502621
"1635",2018-06-23,664.285436851834
"1636",2018-06-24,464.999805796284
"1637",2018-06-25,720.985010241535
"1638",2018-06-26,7792.43275816647
"1639",2018-06-27,5454.70293071653
"1640",2018-06-28,3818.29205150157
"1641",2018-06-29,2672.8044360511
"1642",2018-06-30,1870.96310523577
"1643",2018-07-01,1309.67417366504
"1644",2018-07-02,1688.56238597931
"1645",2018-07-03,1181.99367018552
"1646",2018-07-04,827.395569129864
"1647",2018-07-05,579.176898390905
"1648",2018-07-06,15508.1457444814
"1649",2018-07-07,10855.702021137
"1650",2018-07-08,7598.99141479587
"1651",2018-07-09,5319.29399035711
"1652",2018-07-10,3723.50579324997
"1653",2018-07-11,2606.45405527498
"1654",2018-07-12,1824.51783869249
"1655",2018-07-13,1277.16248708474
"1656",2018-07-14,894.013740959319
"1657",2018-07-15,625.809618671523
"1658",2018-07-16,2951.05632705543
"1659",2018-07-17,2295.29697449266
"1660",2018-07-18,1606.70788214487
"1661",2018-07-19,1124.69551750141
"1662",2018-07-20,787.286862250984
"1663",2018-07-21,6981.84547498081
"1664",2018-07-22,10108.7483094685
"1665",2018-07-23,14786.95684225
"1666",2018-07-24,15593.4596775795
"1667",2018-07-25,18993.9885743056
"1668",2018-07-26,13295.7920020139
"1669",2018-07-27,9307.05440140976
"1670",2018-07-28,6514.93808098683
"1671",2018-07-29,4560.45665669078
"1672",2018-07-30,6983.30726653658
"1673",2018-07-31,4888.31508657561
"1674",2018-08-01,4387.83875575465
"1675",2018-08-02,14075.2527339113
"1676",2018-08-03,11524.8043137379
"1677",2018-08-04,8067.36301961656
"1678",2018-08-05,5647.15411373159
"1679",2018-08-06,3953.00787961212
"1680",2018-08-07,2767.10551572848
"1681",2018-08-08,1936.97386100994
"1682",2018-08-09,1355.88170270696
"1683",2018-08-10,949.117191894869
"1684",2018-08-11,664.382034326408
"1685",2018-08-12,465.067424028486
"1686",2018-08-13,325.54719681994
"1687",2018-08-14,227.883037773958
"1688",2018-08-15,159.518126441771
"1689",2018-08-16,111.662688509239
"1690",2018-08-17,78.1638819564676
"1691",2018-08-18,4918.78118494294
"1692",2018-08-19,3831.04683227008
"1693",2018-08-20,2681.73278258906
"1694",2018-08-21,17149.4036745609
"1695",2018-08-22,12004.5825721926
"1696",2018-08-23,8403.20780053483
"1697",2018-08-24,5882.24546037438
"1698",2018-08-25,4117.57182226207
"1699",2018-08-26,2882.30027558345
"1700",2018-08-27,2017.61019290841
"1701",2018-08-28,1412.32713503589
"1702",2018-08-29,988.628994525122
"1703",2018-08-30,1676.50147921266
"1704",2018-08-31,1173.55103544886
"1705",2018-09-01,1463.84090682797
"1706",2018-09-02,1024.68863477958
"1707",2018-09-03,717.282044345704
"1708",2018-09-04,502.097431041993
"1709",2018-09-05,351.468201729395
"1710",2018-09-06,246.027741210576
"1711",2018-09-07,172.219418847403
"1712",2018-09-08,4737.72740840797
"1713",2018-09-09,9169.60135435834
"1714",2018-09-10,10708.3022848763
"1715",2018-09-11,12564.4240138063
"1716",2018-09-12,20252.2859542707
"1717",2018-09-13,14176.6001679895
"1718",2018-09-14,10515.1430213636
"1719",2018-09-15,13072.933369824
"1720",2018-09-16,36333.8496426268
"1721",2018-09-17,52031.3755498388
"1722",2018-09-18,36421.9628848871
"1723",2018-09-19,25495.374019421
"1724",2018-09-20,17846.7618135947
"1725",2018-09-21,12492.7332695163
"1726",2018-09-22,28110.642670404
"1727",2018-09-23,36802.1485530328
"1728",2018-09-24,25777.303187123
"1729",2018-09-25,18044.1122309861
"1730",2018-09-26,12630.8785616903
"1731",2018-09-27,27798.9978822702
"1732",2018-09-28,19459.2985175892
"1733",2018-09-29,13621.5089623124
"1734",2018-09-30,9535.05627361869
"1735",2018-10-01,6674.53939153308
"1736",2018-10-02,4672.17757407316
"1737",2018-10-03,3270.52430185121
"1738",2018-10-04,2289.36701129585
"1739",2018-10-05,1602.55690790709
"1740",2018-10-06,1121.78983553497
"1741",2018-10-07,1692.0366766824
"1742",2018-10-08,1184.42567367768
"1743",2018-10-09,1963.46989619801
"1744",2018-10-10,19159.5968421438
"1745",2018-10-11,55337.0744732507
"1746",2018-10-12,38735.9521312755
"1747",2018-10-13,27115.1664918929
"1748",2018-10-14,19414.3972746005
"1749",2018-10-15,13590.0780922204
"1750",2018-10-16,10309.807525424
"1751",2018-10-17,7216.86526779679
"1752",2018-10-18,5051.80568745775
"1753",2018-10-19,3536.26398122043
"1754",2018-10-20,2475.3847868543
"1755",2018-10-21,1732.76935079801
"1756",2018-10-22,1212.93854555861
"1757",2018-10-23,849.056981891025
"1758",2018-10-24,594.339887323717
"1759",2018-10-25,416.037921126602
"1760",2018-10-26,16405.1336053167
"1761",2018-10-27,11483.5935237217
"1762",2018-10-28,9639.83046486891
"1763",2018-10-29,6747.88132540824
"1764",2018-10-30,4723.51692778577
"1765",2018-10-31,3306.46184945004
"1766",2018-11-01,2314.52329461502
"1767",2018-11-02,8677.28314454512
"1768",2018-11-03,6074.09820118159
"1769",2018-11-04,4251.86874082711
"1770",2018-11-05,3279.50157959129
"1771",2018-11-06,4306.66546585281
"1772",2018-11-07,3014.66582609696
"1773",2018-11-08,2110.26607826787
"1774",2018-11-09,7455.80791778082
"1775",2018-11-10,5219.06554244657
"1776",2018-11-11,3653.3458797126
"1777",2018-11-12,20523.3915491856
"1778",2018-11-13,15465.2356844299
"1779",2018-11-14,10825.664979101
"1780",2018-11-15,34082.746524373
"1781",2018-11-16,23857.9225670611
"1782",2018-11-17,16700.5457969428
"1783",2018-11-18,11690.3820578599
"1784",2018-11-19,19001.6896066631
"1785",2018-11-20,15369.9361945038
"1786",2018-11-21,10758.9553361527
"1787",2018-11-22,7531.26873530686
"1788",2018-11-23,5271.8881147148
"1789",2018-11-24,19435.5160507967
"1790",2018-11-25,13604.8612355577
"1791",2018-11-26,9523.40286489037
"1792",2018-11-27,6666.38200542326
"1793",2018-11-28,4666.46740379628
"1794",2018-11-29,3266.5271826574
"1795",2018-11-30,6057.62699465129
"1796",2018-12-01,25065.5726770646
"1797",2018-12-02,23090.1524076788
"1798",2018-12-03,16163.1066853752
"1799",2018-12-04,11314.1746797626
"1800",2018-12-05,7919.92227583384
"1801",2018-12-06,5543.94559308369
"1802",2018-12-07,3880.76191515858
"1803",2018-12-08,2716.53334061101
"1804",2018-12-09,5441.87495842707
"1805",2018-12-10,3809.31247089895
"1806",2018-12-11,2666.51872962927
"1807",2018-12-12,1866.56311074049
"1808",2018-12-13,1306.59417751834
"1809",2018-12-14,5683.19196936719
"1810",2018-12-15,14393.037547524
"1811",2018-12-16,11090.2248832668
"1812",2018-12-17,7763.15741828675
"1813",2018-12-18,5434.21019280072
"1814",2018-12-19,3803.94713496051
"1815",2018-12-20,26126.3480406227
"1816",2018-12-21,25117.7840284359
"1817",2018-12-22,17582.4488199051
"1818",2018-12-23,12307.7141739336
"1819",2018-12-24,8615.39992175351
"1820",2018-12-25,6030.77994522746
"1821",2018-12-26,4221.54596165922
"1822",2018-12-27,2955.08217316146
"1823",2018-12-28,27265.6510042491
"1824",2018-12-29,19085.9557029744
"1825",2018-12-30,13360.1689920821
"1826",2018-12-31,10286.8795038183
"1827",2019-01-01,7200.81565267279
"1828",2019-01-02,5466.36149582402
"1829",2019-01-03,6212.93013529298
"1830",2019-01-04,8252.95166633008
"1831",2019-01-05,6813.68436643106
"1832",2019-01-06,4769.57905650174
"1833",2019-01-07,3338.70533955122
"1834",2019-01-08,2337.09373768585
"1835",2019-01-09,1635.9656163801
"1836",2019-01-10,1145.17593146607
"1837",2019-01-11,801.623152026247
"1838",2019-01-12,4636.4809549107
"1839",2019-01-13,9492.71260979689
"1840",2019-01-14,6644.89882685783
"1841",2019-01-15,4651.42917880048
"1842",2019-01-16,3256.00042516034
"1843",2019-01-17,3222.27812099654
"1844",2019-01-18,2255.59468469758
"1845",2019-01-19,18472.8951329299
"1846",2019-01-20,14645.3759079259
"1847",2019-01-21,10251.7631355482
"1848",2019-01-22,7176.23419488371
"1849",2019-01-23,6350.98060794621
"1850",2019-01-24,12114.9310648343
"1851",2019-01-25,8480.45174538401
"1852",2019-01-26,5936.31622176881
"1853",2019-01-27,4155.42135523817
"1854",2019-01-28,2908.79494866672
"1855",2019-01-29,2333.47514397276
"1856",2019-01-30,1633.43260078093
"1857",2019-01-31,1143.40282054665
"1858",2019-02-01,800.381974382657
"1859",2019-02-02,560.26738206786
"1860",2019-02-03,392.187167447502
"1861",2019-02-04,274.531017213252
"1862",2019-02-05,192.171712049276
"1863",2019-02-06,134.520198434493
"1864",2019-02-07,1003.04163591014
"1865",2019-02-08,702.129145137099
"1866",2019-02-09,491.49040159597
"1867",2019-02-10,3098.83132339398
"1868",2019-02-11,2783.58109668487
"1869",2019-02-12,12546.3944977226
"1870",2019-02-13,8782.47614840582
"1871",2019-02-14,6147.73330388408
"1872",2019-02-15,5490.11166341507
"1873",2019-02-16,8941.72522114055
"1874",2019-02-17,16303.8215399234
"1875",2019-02-18,12503.5312765672
"1876",2019-02-19,8752.47189359702
"1877",2019-02-20,27018.7880595822
"1878",2019-02-21,18913.1516417075
"1879",2019-02-22,43521.1753253007
"1880",2019-02-23,53572.6919344217
"1881",2019-02-24,49303.4139778234
"1882",2019-02-25,34512.3897844764
"1883",2019-02-26,24158.6728491335
"1884",2019-02-27,16911.0709943934
"1885",2019-02-28,11837.7496960754
"1886",2019-03-01,20644.8481512104
"1887",2019-03-02,14451.3937058473
"1888",2019-03-03,18428.8890749621
"1889",2019-03-04,12900.2223524735
"1890",2019-03-05,9030.15564673141
"1891",2019-03-06,6321.10895271199
"1892",2019-03-07,4424.77626689839
"1893",2019-03-08,4723.84197393285
"1894",2019-03-09,3306.689381753
"1895",2019-03-10,4206.53915206917
"1896",2019-03-11,2944.57740644842
"1897",2019-03-12,2061.20418451389
"1898",2019-03-13,1442.84292915973
"1899",2019-03-14,1009.99005041181
"1900",2019-03-15,706.993035288265
"1901",2019-03-16,494.895124701786
"1902",2019-03-17,346.42658729125
"1903",2019-03-18,242.498611103875
"1904",2019-03-19,169.749027772713
"1905",2019-03-20,118.824319440899
"1906",2019-03-21,471.452903697291
"1907",2019-03-22,330.017032588104
"1908",2019-03-23,231.011922811673
"1909",2019-03-24,161.708345968171
"1910",2019-03-25,1333.18448603748
"1911",2019-03-26,933.229140226233
"1912",2019-03-27,653.260398158363
"1913",2019-03-28,457.282278710854
"1914",2019-03-29,320.097595097598
"1915",2019-03-30,224.068316568319
"1916",2019-03-31,156.847821597823
"1917",2019-04-01,109.793475118476
"1918",2019-04-02,76.8554325829333
"1919",2019-04-03,53.7988028080533
"1920",2019-04-04,37.6591619656373
"1921",2019-04-05,9146.00939652226
"1922",2019-04-06,6402.20657756558
"1923",2019-04-07,4481.54460429591
"1924",2019-04-08,9201.53379080649
"1925",2019-04-09,6441.07365356454
"1926",2019-04-10,4508.75155749518
"1927",2019-04-11,3156.12609024663
"1928",2019-04-12,3647.11397311026
"1929",2019-04-13,3198.90301748199
"1930",2019-04-14,23393.6907638149
"1931",2019-04-15,16563.2671346704
"1932",2019-04-16,11594.2869942693
"1933",2019-04-17,8116.0008959885
"1934",2019-04-18,5681.20062719195
"1935",2019-04-19,23573.9931508811
"1936",2019-04-20,16501.7952056168
"1937",2019-04-21,11551.2566439317
"1938",2019-04-22,8085.87965075221
"1939",2019-04-23,5660.11575552655
"1940",2019-04-24,3962.08102886858
"1941",2019-04-25,2773.45672020801
"1942",2019-04-26,3592.44527085612
"1943",2019-04-27,2514.71168959928
"1944",2019-04-28,1760.2981827195
"1945",2019-04-29,1232.20872790365
"1946",2019-04-30,862.546109532554
"1947",2019-05-01,603.782276672788
"1948",2019-05-02,422.647593670952
"1949",2019-05-03,7195.4138060525
"1950",2019-05-04,6127.09037652374
"1951",2019-05-05,6280.96330334542
"1952",2019-05-06,4396.67431234179
"1953",2019-05-07,3077.67201863925
"1954",2019-05-08,2154.37041304748
"1955",2019-05-09,1508.05928913323
"1956",2019-05-10,1055.64150239326
"1957",2019-05-11,3098.28004335577
"1958",2019-05-12,8800.20773549767
"1959",2019-05-13,6160.14541484837
"1960",2019-05-14,4312.10179039386
"1961",2019-05-15,3018.4712532757
"1962",2019-05-16,2112.92987729299
"1963",2019-05-17,1479.05091410509
"1964",2019-05-18,1035.33563987357
"1965",2019-05-19,724.734947911496
"1966",2019-05-20,507.314463538047
"1967",2019-05-21,355.120124476633
"1968",2019-05-22,248.584087133643
"1969",2019-05-23,174.00886099355
"1970",2019-05-24,121.806202695485
"1971",2019-05-25,300.491765111717
"1972",2019-05-26,2735.61478301515
"1973",2019-05-27,1914.9303481106
"1974",2019-05-28,1340.45124367742
"1975",2019-05-29,2839.92188227012
"1976",2019-05-30,1987.94531758908
"1977",2019-05-31,5005.1875520404
"1978",2019-06-01,3503.63128642828
"1979",2019-06-02,2452.54190049979
"1980",2019-06-03,1716.77933034986
"1981",2019-06-04,1201.7455312449
"1982",2019-06-05,841.22187187143
"1983",2019-06-06,588.855310310001
"1984",2019-06-07,19209.5607225965
"1985",2019-06-08,61483.3231223089
"1986",2019-06-09,44111.8545572412
"1987",2019-06-10,39270.1249049439
"1988",2019-06-11,27489.0874334607
"1989",2019-06-12,19242.3612034225
"1990",2019-06-13,13469.6528423957
"1991",2019-06-14,9428.75698967702
"1992",2019-06-15,6600.12989277392
"1993",2019-06-16,4620.09092494174
"1994",2019-06-17,4078.17873746704
"1995",2019-06-18,4941.47775153292
"1996",2019-06-19,3459.03442607305
"1997",2019-06-20,2421.32409825113
"1998",2019-06-21,1694.92686877579
"1999",2019-06-22,1186.44880814305
"2000",2019-06-23,830.514165700138
"2001",2019-06-24,2223.12862068177
"2002",2019-06-25,1556.19003447724
"2003",2019-06-26,1089.33302413407
"2004",2019-06-27,762.533116893848
"2005",2019-06-28,533.773181825694
"2006",2019-06-29,1591.86054955878
"2007",2019-06-30,1114.30238469114
"2008",2019-07-01,780.0116692838
"2009",2019-07-02,546.00816849866
"2010",2019-07-03,382.205717949062
"2011",2019-07-04,8991.61478352031
"2012",2019-07-05,6294.13034846422
"2013",2019-07-06,4405.89124392495
"2014",2019-07-07,4780.10597321312
"2015",2019-07-08,3346.07418124918
"2016",2019-07-09,2342.25192687443
"2017",2019-07-10,1639.5763488121
"2018",2019-07-11,1147.70344416847
"2019",2019-07-12,803.392410917928
"2020",2019-07-13,562.37468764255
"2021",2019-07-14,393.662281349785
"2022",2019-07-15,275.563596944849
"2023",2019-07-16,192.894517861395
"2024",2019-07-17,135.026162502976
"2025",2019-07-18,94.5183137520833
"2026",2019-07-19,66.1628196264584
"2027",2019-07-20,46.3139737385209
"2028",2019-07-21,24104.7554667957
"2029",2019-07-22,19400.2513202605
"2030",2019-07-23,25845.8029539323
"2031",2019-07-24,18092.0620677526
"2032",2019-07-25,12664.4434474268
"2033",2019-07-26,8865.11041319879
"2034",2019-07-27,6205.57728923916
"2035",2019-07-28,4343.90410246741
"2036",2019-07-29,3040.73287172719
"2037",2019-07-30,5946.99258813407
"2038",2019-07-31,4162.89481169385
"2039",2019-08-01,3821.84351086173
"2040",2019-08-02,2675.29045760321
"2041",2019-08-03,1872.70332032225
"2042",2019-08-04,1310.89232422557
"2043",2019-08-05,917.6246269579
"2044",2019-08-06,642.33723887053
"2045",2019-08-07,449.636067209371
"2046",2019-08-08,314.74524704656
"2047",2019-08-09,220.321672932592
"2048",2019-08-10,154.225171052814
"2049",2019-08-11,107.95761973697
"2050",2019-08-12,75.570333815879
"2051",2019-08-13,52.8992336711153
"2052",2019-08-14,37.0294635697807
"2053",2019-08-15,1583.61386359621
"2054",2019-08-16,8868.67719194382
"2055",2019-08-17,6208.07403436067
"2056",2019-08-18,4345.65182405247
"2057",2019-08-19,3041.95627683673
"2058",2019-08-20,2129.36939378571
"2059",2019-08-21,1490.55857565
"2060",2019-08-22,4440.78681007633
"2061",2019-08-23,19835.0739844679
"2062",2019-08-24,13884.5517891275
"2063",2019-08-25,9719.18625238928
"2064",2019-08-26,6803.4303766725
"2065",2019-08-27,6938.63012445046
"2066",2019-08-28,4857.04108711532
"2067",2019-08-29,3399.92876098073
"2068",2019-08-30,2379.95013268651
"2069",2019-08-31,1665.96509288056
"2070",2019-09-01,1166.17556501639
"2071",2019-09-02,816.322895511472
"2072",2019-09-03,571.426026858031
"2073",2019-09-04,399.998218800622
"2074",2019-09-05,279.998753160435
"2075",2019-09-06,195.999127212305
"2076",2019-09-07,137.199389048613
"2077",2019-09-08,96.0395723340293
"2078",2019-09-09,67.2277006338205
"2079",2019-09-10,47.0593904436743
"2080",2019-09-11,6560.9645546742
"2081",2019-09-12,4592.67518827194
"2082",2019-09-13,3214.87263179036
"2083",2019-09-14,2549.44383068836
"2084",2019-09-15,1784.61068148185
"2085",2019-09-16,1249.22747703729
"2086",2019-09-17,874.459233926106
"2087",2019-09-18,612.121463748274
"2088",2019-09-19,428.485024623792
"2089",2019-09-20,299.939517236654
"2090",2019-09-21,209.957662065658
"2091",2019-09-22,146.970363445961
"2092",2019-09-23,102.879254412172
"2093",2019-09-24,72.0154780885207
"2094",2019-09-25,50.4108346619645
"2095",2019-09-26,35.2875842633752
"2096",2019-09-27,24.7013089843626
"2097",2019-09-28,4624.15151975633
"2098",2019-09-29,3236.90606382943
"2099",2019-09-30,2453.63707123243
"2100",2019-10-01,1717.5459498627
"2101",2019-10-02,1202.28216490389
"2102",2019-10-03,841.597515432724
"2103",2019-10-04,589.118260802907
"2104",2019-10-05,412.382782562035
"2105",2019-10-06,1240.80179709468
"2106",2019-10-07,868.561257966277
"2107",2019-10-08,8606.05835068336
"2108",2019-10-09,6024.24084547835
"2109",2019-10-10,4216.96859183485
"2110",2019-10-11,2951.87801428439
"2111",2019-10-12,2066.31460999907
"2112",2019-10-13,1446.42022699935
"2113",2019-10-14,1012.49415889955
"2114",2019-10-15,708.745911229683
"2115",2019-10-16,17633.4473049
"2116",2019-10-17,12343.41311343
"2117",2019-10-18,8640.38917940099
"2118",2019-10-19,7598.38664709283
"2119",2019-10-20,32827.8440848751
"2120",2019-10-21,22979.4908594125
"2121",2019-10-22,22805.3688495208
"2122",2019-10-23,15963.7581946645
"2123",2019-10-24,11174.6307362652
"2124",2019-10-25,7822.24151538562
"2125",2019-10-26,5475.56906076993
"2126",2019-10-27,12978.4741363864
"2127",2019-10-28,9084.93189547051
"2128",2019-10-29,6359.45232682936
"2129",2019-10-30,11492.3800096569
"2130",2019-10-31,10270.7190621348
"2131",2019-11-01,7189.50334349439
"2132",2019-11-02,5032.65234044607
"2133",2019-11-03,3522.85663831225
"2134",2019-11-04,2465.99964681858
"2135",2019-11-05,1726.199752773
"2136",2019-11-06,1208.3398269411
"2137",2019-11-07,845.837878858772
"2138",2019-11-08,592.08651520114
"2139",2019-11-09,414.460560640798
"2140",2019-11-10,290.122392448559
"2141",2019-11-11,203.085674713991
"2142",2019-11-12,688.344963906915
"2143",2019-11-13,481.84147473484
"2144",2019-11-14,337.289032314388
"2145",2019-11-15,236.102322620072
"2146",2019-11-16,165.27162583405
"2147",2019-11-17,115.690138083835
"2148",2019-11-18,1562.8562911487
"2149",2019-11-19,1093.99940380409
"2150",2019-11-20,765.799582662862
"2151",2019-11-21,536.059707864004
"2152",2019-11-22,375.241795504803
"2153",2019-11-23,8395.98316935134
"2154",2019-11-24,6522.23141854594
"2155",2019-11-25,4565.56199298216
"2156",2019-11-26,3195.89339508751
"2157",2019-11-27,5118.18680500306
"2158",2019-11-28,3582.73076350214
"2159",2019-11-29,2507.9115344515
"2160",2019-11-30,9384.08323275263
"2161",2019-12-01,22448.2796373018
"2162",2019-12-02,15713.7957461113
"2163",2019-12-03,10999.6570222779
"2164",2019-12-04,7699.75991559453
"2165",2019-12-05,5389.83194091617
"2166",2019-12-06,3772.88235864132
"2167",2019-12-07,2641.01765104892
"2168",2019-12-08,1848.71235573425
"2169",2019-12-09,8815.33700485086
"2170",2019-12-10,7364.66510339561
"2171",2019-12-11,5155.26557237692
"2172",2019-12-12,3608.68590066385
"2173",2019-12-13,10163.4755686179
"2174",2019-12-14,20545.1218135768
"2175",2019-12-15,14381.5852695038
"2176",2019-12-16,10067.1096886526
"2177",2019-12-17,7585.8199810524
"2178",2019-12-18,5310.07398673668
"2179",2019-12-19,3717.05179071568
"2180",2019-12-20,2601.93625350097
"2181",2019-12-21,1821.35537745068
"2182",2019-12-22,1274.94876421548
"2183",2019-12-23,892.464134950834
"2184",2019-12-24,624.724894465584
"2185",2019-12-25,437.307426125908
"2186",2019-12-26,306.115198288136
"2187",2019-12-27,214.280638801695
"2188",2019-12-28,149.996447161187
"2189",2019-12-29,2334.93312245842
"2190",2019-12-30,1634.4531857209
"2191",2019-12-31,1144.11723000463
