"time","FLOW"
2014-01-01,0
2014-01-02,33198.3466
2014-01-03,23238.8426
2014-01-04,16267.1899
2014-01-05,12274.7474
2014-01-06,8976.2847
2014-01-07,6283.7234
2014-01-08,4398.6064
2014-01-09,3079.0245
2014-01-10,10831.5024
2014-01-11,18541.5438
2014-01-12,12979.0806
2014-01-13,9085.3565
2014-01-14,14724.9824
2014-01-15,10985.622
2014-01-16,7689.9354
2014-01-17,5382.9548
2014-01-18,3768.0683
2014-01-19,2637.6478
2014-01-20,1846.3535
2014-01-21,2421.5413
2014-01-22,1695.0789
2014-01-23,1186.5552
2014-01-24,830.5887
2014-01-25,581.4121
2014-01-26,406.9884
2014-01-27,284.8919
2014-01-28,1132.3901
2014-01-29,792.673
2014-01-30,554.8711
2014-01-31,388.4098
2014-02-01,271.8869
2014-02-02,190.3208
2014-02-03,28198.9773
2014-02-04,20820.4397
2014-02-05,14940.822
2014-02-06,10458.5754
2014-02-07,7321.0028
2014-02-08,5124.7019
2014-02-09,3587.2914
2014-02-10,2511.104
2014-02-11,1757.7728
2014-02-12,12133.1939
2014-02-13,27352.9532
2014-02-14,19147.0672
2014-02-15,13402.9471
2014-02-16,9382.0629
2014-02-17,6567.4441
2014-02-18,4597.2108
2014-02-19,8231.3664
2014-02-20,19519.0299
2014-02-21,23497.7735
2014-02-22,16448.4415
2014-02-23,11513.909
2014-02-24,8059.7363
2014-02-25,5641.8154
2014-02-26,3949.2708
2014-02-27,2764.4896
2014-02-28,1935.1427
2014-03-01,1354.5999
2014-03-02,3743.6688
2014-03-03,16100.8422
2014-03-04,11270.5895
2014-03-05,7889.4127
2014-03-06,5522.5889
2014-03-07,5988.227
2014-03-08,4191.7589
2014-03-10,9581.7835
2014-03-11,6707.2485
2014-03-12,4695.0739
2014-03-13,3286.5517
2014-03-14,2300.5862
2014-03-15,1610.4104
2014-03-16,1127.2872
2014-03-17,5744.5668
2014-03-18,6377.5927
2014-03-19,4464.3149
2014-03-20,3125.0204
2014-03-21,2187.5143
2014-03-22,1531.26
2014-03-23,1071.882
2014-03-24,750.3174
2014-03-25,525.2222
2014-03-26,5095.0043
2014-03-27,3566.503
2014-03-28,2496.5521
2014-03-29,1747.5865
2014-03-30,9119.6221
2014-03-31,6383.7355
2014-04-01,4468.6148
2014-04-02,3128.0304
2014-04-03,2189.6213
2014-04-04,1532.7349
2014-04-05,1072.9144
2014-04-06,751.0401
2014-04-07,525.7281
2014-04-08,17615.3421
2014-04-09,12330.7395
2014-04-10,8631.5176
2014-04-11,6042.0623
2014-04-12,4229.4436
2014-04-13,2960.6105
2014-04-14,2072.4274
2014-04-15,1450.6992
2014-04-16,16163.7593
2014-04-17,11314.6315
2014-04-18,7920.242
2014-04-19,5544.1694
2014-04-20,3880.9186
2014-04-21,2716.643
2014-04-22,1901.6501
2014-04-23,1331.1551
2014-04-24,931.8086
2014-04-25,652.266
2014-04-26,2473.1843
2014-04-27,1731.229
2014-04-28,1211.8603
2014-04-29,7565.5732
2014-04-30,22977.8439
2014-05-01,16084.4908
2014-05-02,11259.1435
2014-05-03,7881.4005
2014-05-04,5517.4433
2014-05-05,3861.8862
2014-05-06,2703.3204
2014-05-07,1892.3243
2014-05-08,1324.627
2014-05-09,927.2389
2014-05-10,649.4144
2014-05-11,1112.0453
2014-05-12,778.4317
2014-05-13,544.9022
2014-05-14,381.4316
2014-05-15,267.0021
2014-05-16,29850.9531
2014-05-17,20895.6672
2014-05-18,14626.967
2014-05-19,10238.8769
2014-05-20,7167.2138
2014-05-21,5017.0497
2014-05-22,3511.9348
2014-05-23,2458.3543
2014-05-24,1720.848
2014-05-25,1204.5936
2014-05-26,843.2155
2014-05-27,590.2509
2014-05-28,413.5228
2014-05-29,289.2229
2014-05-30,1803.7242
2014-05-31,1262.4449
2014-06-01,884.0587
2014-06-02,618.598
2014-06-03,433.0186
2014-06-04,303.113
2014-06-05,8723.7991
2014-06-06,6106.6594
2014-06-07,4274.6616
2014-06-08,2992.6103
2014-06-09,2094.5842
2014-06-10,1466.2089
2014-06-11,1026.3462
2014-06-12,9868.2965
2014-06-13,13139.8434
2014-06-14,9197.8904
2014-06-15,6438.5233
2014-06-16,4507.3135
2014-06-17,3154.8764
2014-06-18,2208.4135
2014-06-19,1545.8894
2014-06-20,1082.4698
2014-06-21,4488.2245
2014-06-22,3141.7571
2014-06-23,3865.9192
2014-06-24,2705.9004
2014-06-25,1894.1303
2014-06-26,1326.2384
2014-06-27,928.1238
2014-06-28,649.6867
2014-06-29,454.7807
2014-06-30,318.6937
2014-07-01,222.8425
2014-07-02,155.9898
2014-07-03,109.1928
2014-07-04,19983.7876
2014-07-05,13988.6513
2014-07-06,9792.2874
2014-07-07,6854.4392
2014-07-08,4798.1074
2014-07-09,3358.6752
2014-07-10,5316.7814
2014-07-11,3722.0942
2014-07-12,2605.2229
2014-07-13,1823.656
2014-07-14,1276.5592
2014-07-15,1388.197
2014-07-16,1028.6922
2014-07-17,719.8415
2014-07-18,503.889
2014-07-19,352.7223
2014-07-20,309.5765
2014-07-21,216.4605
2014-07-22,151.5223
2014-07-23,106.0656
2014-07-24,74.2459
2014-07-25,7499.5801
2014-07-26,5249.9376
2014-07-27,3674.7943
2014-07-28,3529.4711
2014-07-29,2470.6297
2014-07-30,1729.4408
2014-07-31,1210.6086
2014-08-01,847.7732
2014-08-02,9094.4256
2014-08-03,6366.0979
2014-08-04,4456.6157
2014-08-05,3119.388
2014-08-06,2183.5716
2014-08-07,1528.5001
2014-08-08,1069.9501
2014-08-09,4262.4045
2014-08-10,32520.841
2014-08-11,22764.5887
2014-08-12,27825.7691
2014-08-13,24659.8354
2014-08-14,17261.8848
2014-08-15,12083.3194
2014-08-16,8458.3236
2014-08-17,5920.8265
2014-08-18,4144.5785
2014-08-19,10532.2908663301
2014-08-20,7372.60360643105
2014-08-21,5160.82252450173
2014-08-22,3612.57576715121
2014-08-23,21022.3742576708
2014-08-24,14715.6619803696
2014-08-25,10300.9633862587
2014-08-26,7210.6743703811
2014-08-27,5047.47205926677
2014-08-28,3533.23044148674
2014-08-29,2473.26130904072
2014-08-30,1731.2829163285
2014-08-31,1211.89804142995
2014-09-01,848.328629000966
2014-09-02,5098.54902166355
2014-09-03,3568.98431516449
2014-09-04,2498.28902061514
2014-09-05,1748.8023144306
2014-09-06,3749.77153249577
2014-09-07,2624.84007274704
2014-09-08,1837.38805092293
2014-09-09,1286.17163564605
2014-09-10,900.320144952233
2014-09-11,630.224101466563
2014-09-12,2422.07732726568
2014-09-13,6703.848159879
2014-09-14,4692.6937119153
2014-09-15,3284.88559834071
2014-09-16,2299.4199188385
2014-09-17,1609.59394318695
2014-09-18,1126.71576023086
2014-09-19,1663.9381584113
2014-09-20,1164.75671088791
2014-09-21,815.329697621537
2014-09-22,570.730788335076
2014-09-23,399.511551834553
2014-09-24,279.658086284187
2014-09-25,195.760660398931
2014-09-26,137.032462279252
2014-09-27,95.9227235954763
2014-09-28,67.1459065168334
2014-09-29,47.0021345617834
2014-09-30,32.9014941932484
2014-10-01,23.0310459352739
2014-10-02,16.1217321546917
2014-10-03,4958.32623808559
2014-10-04,3470.82836665991
2014-10-05,2429.57985666194
2014-10-06,2192.14085619564
2014-10-07,12045.3362719221
2014-10-08,8489.64262090458
2014-10-09,5942.7498346332
2014-10-10,8195.08970873861
2014-10-11,5736.56279611702
2014-10-12,13008.1502365323
2014-10-13,9659.4943655726
2014-10-14,11544.7176559008
2014-10-15,24066.1429591306
2014-10-16,16846.3000713914
2014-10-17,11792.410049974
2014-10-18,8254.68703498179
2014-10-19,5778.28092448725
2014-10-20,4044.79664714108
2014-10-21,2831.35765299875
2014-10-22,1981.95035709913
2014-10-23,1387.36524996939
2014-10-24,971.155674978573
2014-10-25,679.808972485001
2014-10-26,475.866280739501
2014-10-27,333.10639651765
2014-10-28,233.174477562355
2014-10-29,163.222134293649
2014-10-30,114.255494005554
2014-10-31,2732.63530012647
2014-11-01,7040.93159006666
2014-11-02,4928.65211304666
2014-11-03,3450.05647913266
2014-11-04,2415.03953539286
2014-11-05,1690.527674775
2014-11-06,2038.00065758838
2014-11-07,1426.60046031187
2014-11-08,998.620322218307
2014-11-09,699.034225552815
2014-11-10,489.32395788697
2014-11-11,342.526770520879
2014-11-12,239.768739364615
2014-11-13,167.838117555231
2014-11-14,117.486682288662
2014-11-15,82.2406776020631
2014-11-16,234.098504246497
2014-11-17,12559.2788089167
2014-11-18,8791.49516624169
2014-11-19,6154.04661636918
2014-11-20,4307.83263145843
2014-11-21,3015.4828420209
2014-11-22,2110.83798941463
2014-11-23,10879.5586975108
2014-11-24,7615.69108825755
2014-11-25,5330.98376178028
2014-11-26,27691.7929076461
2014-11-27,19384.2550353523
2014-11-28,13568.9785247466
2014-11-29,9498.28496732262
2014-11-30,6648.79947712583
2014-12-01,4694.54307126469
2014-12-02,11798.1848401305
2014-12-03,8258.72938809137
2014-12-04,6917.46511065024
2014-12-05,5508.03927745517
2014-12-06,5172.40909421862
2014-12-07,3620.68636595303
2014-12-08,2844.97714817606
2014-12-09,1991.48400372324
2014-12-10,1394.03880260627
2014-12-11,975.827161824388
2014-12-12,683.079013277072
2014-12-13,478.15530929395
2014-12-14,334.708716505765
2014-12-15,234.296101554036
2014-12-16,189.738800782336
2014-12-17,132.817160547635
2014-12-18,92.9720123833444
2014-12-19,65.0804086683411
2014-12-20,45.5562860678388
2014-12-21,31.8894002474871
2014-12-22,1312.35357982304
2014-12-23,7162.0250556378
2014-12-24,13274.0452197868
2014-12-25,9492.18188222574
2014-12-26,6644.52731755802
2014-12-27,4651.16912229061
2014-12-28,3255.81838560343
2014-12-29,5857.16051045285
2014-12-30,5064.444557317
2014-12-31,3545.1111901219
2015-01-01,2481.57783308533
2015-01-02,1737.10448315973
2015-01-03,3352.80826707703
2015-01-04,3257.19038695392
2015-01-05,2280.03327086775
2015-01-06,1596.02328960742
2015-01-07,1117.2163027252
2015-01-08,782.051411907637
2015-01-09,547.435988335346
2015-01-10,383.205191834742
2015-01-11,268.243634284319
2015-01-12,4471.58298190567
2015-01-13,3130.10808733397
2015-01-14,2436.2674865208
2015-01-15,1705.38724056456
2015-01-16,1193.77106839519
2015-01-17,835.639747876635
2015-01-18,584.947823513645
2015-01-19,409.463476459551
2015-01-20,301.866605436986
2015-01-21,211.30662380589
2015-01-22,147.914636664123
2015-01-23,8110.80705065771
2015-01-24,6816.7417354604
2015-01-25,4771.71921482228
2015-01-26,3423.5107972479
2015-01-27,2396.45755807353
2015-01-28,1677.52029065147
2015-01-29,1174.26420345603
2015-01-30,821.984942419221
2015-01-31,575.389459693455
2015-02-01,539.08215479945
2015-02-02,1700.49513866493
2015-02-03,1190.34659706545
2015-02-04,833.242617945818
2015-02-05,583.269832562073
2015-02-06,408.288882793451
2015-02-07,285.802217955416
2015-02-08,200.061552568791
2015-02-09,140.043086798154
2015-02-10,98.0301607587076
2015-02-11,68.6211125310953
2015-02-12,48.0347787717667
2015-02-13,33.6243451402367
2015-02-14,23.5370415981657
2015-02-15,16.475929118716
2015-02-16,12237.5845399475
2015-02-17,10031.5956149212
2015-02-18,7022.11693044486
2015-02-19,5039.68722320207
2015-02-20,3527.78105624145
2015-02-21,16793.7711486326
2015-02-22,12661.0837243632
2015-02-23,8862.75860705421
2015-02-24,6203.93102493795
2015-02-25,4342.75171745656
2015-02-26,6208.42178121949
2015-02-27,4345.89524685365
2015-02-28,3042.12667279755
2015-03-01,2129.48867095829
2015-03-02,1490.6420696708
2015-03-03,1043.44944876956
2015-03-04,11915.0189138262
2015-03-05,27325.9760396783
2015-03-06,19128.1832277748
2015-03-07,13389.7282594424
2015-03-08,18541.0940379388
2015-03-09,15326.9534808898
2015-03-10,10728.8674366229
2015-03-11,7613.37356029116
2015-03-12,5329.36149220381
2015-03-13,6772.71743503219
2015-03-14,6785.40040452253
2015-03-15,4749.78028316577
2015-03-16,3324.84619821604
2015-03-17,2327.39233875123
2015-03-18,1629.17463712586
2015-03-19,8171.33237643275
2015-03-20,7280.23983512793
2015-03-21,5096.16788458955
2015-03-22,3567.31751921268
2015-03-23,2497.12226344888
2015-03-24,1747.98558441421
2015-03-25,1223.58990908995
2015-03-26,9345.17932449271
2015-03-27,12379.7704271449
2015-03-28,8665.83929900143
2015-03-29,6066.087509301
2015-03-30,4246.2612565107
2015-03-31,2972.38287955749
2015-04-01,2080.66801569024
2015-04-02,1456.46761098317
2015-04-03,1019.52732768822
2015-04-04,713.669129381753
2015-04-05,499.568390567227
2015-04-06,349.697873397059
2015-04-07,3829.18744823459
2015-04-08,3234.43042483207
2015-04-09,9774.99097057165
2015-04-10,6842.49367940015
2015-04-11,4789.74557558011
2015-04-12,3352.82190290608
2015-04-13,2346.97533203425
2015-04-14,14657.440316058
2015-04-15,10260.2082212406
2015-04-16,11469.4955935995
2015-04-17,8028.64691551964
2015-04-18,5620.05284086375
2015-04-19,35378.4432832934
2015-04-20,28292.6264983054
2015-04-21,19804.8385488138
2015-04-22,13863.3869841696
2015-04-23,9704.37088891874
2015-04-24,6793.05962224312
2015-04-25,8263.80971995172
2015-04-26,9440.59466999994
2015-04-27,6608.41626899996
2015-04-28,4625.89138829997
2015-04-29,3238.12397180998
2015-04-30,4929.22082252191
2015-05-01,7826.61483908216
2015-05-02,5478.63038735751
2015-05-03,3835.04127115026
2015-05-04,2684.52888980518
2015-05-05,1879.17022286363
2015-05-06,5840.86977981135
2015-05-07,4088.60884586794
2015-05-08,2862.02619210756
2015-05-09,2003.41833447529
2015-05-10,1402.39283413271
2015-05-11,981.674983892894
2015-05-12,687.172488725026
2015-05-13,481.020742107518
2015-05-14,336.714519475263
2015-05-15,235.700163632684
2015-05-16,164.990114542879
2015-05-17,2207.94441377813
2015-05-18,3757.24328126472
2015-05-19,2630.07029688531
2015-05-20,1841.04920781971
2015-05-21,3711.77480302373
2015-05-22,2598.24236211661
2015-05-23,1818.76965348163
2015-05-24,1273.13875743714
2015-05-25,891.197130205998
2015-05-26,623.837991144199
2015-05-27,436.686593800939
2015-05-28,305.680615660658
2015-05-29,213.97643096246
2015-05-30,149.783501673722
2015-05-31,4400.21877007621
2015-06-01,15229.5546747021
2015-06-02,38569.1928396444
2015-06-03,32356.270587751
2015-06-04,23432.9480114257
2015-06-05,16403.063607998
2015-06-06,11482.1445255986
2015-06-07,8037.50116791902
2015-06-08,12293.0317321902
2015-06-09,8605.12221253315
2015-06-10,6023.58554877321
2015-06-11,4216.50988414124
2015-06-12,2951.55691889887
2015-06-13,2066.08984322921
2015-06-14,1446.26289026045
2015-06-15,1012.38402318231
2015-06-16,708.668816227619
2015-06-17,12255.8276254089
2015-06-18,9924.53632369698
2015-06-19,6947.17542658789
2015-06-20,4863.02279861152
2015-06-21,3404.11595902806
2015-06-22,2382.88117131965
2015-06-23,1668.01681992375
2015-06-24,1167.61177394663
2015-06-25,817.328241762638
2015-06-26,1983.37382164498
2015-06-27,15351.7961704338
2015-06-28,10746.2573193037
2015-06-29,7522.38012351258
2015-06-30,5265.66608645881
2015-07-01,3685.96626052116
2015-07-02,2580.17638236482
2015-07-03,5107.98620435664
2015-07-04,3575.59034304965
2015-07-05,4004.88725180468
2015-07-06,20737.2698203478
2015-07-07,14516.0888742434
2015-07-08,10161.2622119704
2015-07-09,7112.88354837928
2015-07-10,4979.01848386549
2015-07-11,3639.77238685624
2015-07-12,10813.0436893253
2015-07-13,26256.291707353
2015-07-14,18379.4041951471
2015-07-15,12865.582936603
2015-07-16,9005.90805562208
2015-07-17,6304.13563893545
2015-07-18,4412.89494725482
2015-07-19,3089.02646307837
2015-07-20,2162.31852415486
2015-07-21,1513.6229669084
2015-07-22,1059.53607683588
2015-07-23,741.675253785117
2015-07-24,519.172677649582
2015-07-25,363.420874354707
2015-07-26,254.394612048295
2015-07-27,178.076228433807
2015-07-28,543.185428772713
2015-07-29,380.229800140899
2015-07-30,266.160860098629
2015-07-31,186.312602069041
2015-08-01,130.418821448328
2015-08-02,91.2931750138299
2015-08-03,63.9052225096809
2015-08-04,44.7336557567766
2015-08-05,31.3135590297436
2015-08-06,2708.53619801362
2015-08-07,1895.97533860954
2015-08-08,1327.18273702668
2015-08-09,929.027915918673
2015-08-10,23708.0491476466
2015-08-11,16736.1731651019
2015-08-12,11715.3212155713
2015-08-13,8200.72485089993
2015-08-14,5740.50739562995
2015-08-15,4018.35517694096
2015-08-16,4413.92474326369
2015-08-17,3089.74732028459
2015-08-18,3397.52245113594
2015-08-19,8291.50446168109
2015-08-20,5804.05312317676
2015-08-21,4062.83718622373
2015-08-22,2843.98603035661
2015-08-23,1990.79022124963
2015-08-24,1393.55315487474
2015-08-25,975.487208412318
2015-08-26,682.841045888623
2015-08-27,477.988732122036
2015-08-28,334.592112485425
2015-08-29,234.214478739798
2015-08-30,163.950135117858
2015-08-31,114.765094582501
2015-09-01,80.3355662077506
2015-09-02,56.2348963454254
2015-09-03,39.3644274417978
2015-09-04,11209.448702481
2015-09-05,7846.6140917367
2015-09-06,5492.62986421569
2015-09-07,3844.84090495098
2015-09-08,2691.38863346569
2015-09-09,4394.64576931598
2015-09-10,3076.25203852119
2015-09-11,2153.37642696483
2015-09-12,1507.36349887538
2015-09-13,1055.15444921277
2015-09-14,738.608114448937
2015-09-15,517.025680114256
2015-09-16,361.917976079979
2015-09-17,253.342583255985
2015-09-18,177.33980827919
2015-09-19,124.137865795433
2015-09-20,86.896506056803
2015-09-21,23423.7443414955
2015-09-22,16396.6210390468
2015-09-23,11477.6347273328
2015-09-24,8034.34430913295
2015-09-25,10030.475477597
2015-09-26,35517.2727936991
2015-09-27,59907.8491555894
2015-09-28,43972.5016089126
2015-09-29,78184.8887262388
2015-09-30,54729.4221083672
2015-10-01,38310.595475857
2015-10-02,44766.4212558611
2015-10-03,53428.6796791028
2015-10-04,39697.4973753719
2015-10-05,27788.2481627604
2015-10-06,19451.7737139322
2015-10-07,13616.2415997526
2015-10-08,9531.3691198268
2015-10-09,11393.814487122
2015-10-10,9846.20166370634
2015-10-11,6892.34116459444
2015-10-12,4824.63881521611
2015-10-13,3377.24717065128
2015-10-14,2364.07301945589
2015-10-15,1654.85111361913
2015-10-16,1158.39577953339
2015-10-17,810.877045673372
2015-10-18,567.61393197136
2015-10-19,397.329752379952
2015-10-20,278.130826665966
2015-10-21,194.691578666176
2015-10-22,136.284105066324
2015-10-23,95.3988735464265
2015-10-24,66.7792114824985
2015-10-25,46.745448037749
2015-10-26,32.7218136264243
2015-10-27,23613.1497527936
2015-10-28,38370.5092269555
2015-10-29,26859.3564588688
2015-10-30,18801.5495212082
2015-10-31,13161.0846648457
2015-11-01,9212.75926539202
2015-11-02,7534.73882418667
2015-11-03,5274.31717693067
2015-11-04,3692.02202385147
2015-11-05,2584.41541669603
2015-11-06,1809.09079168722
2015-11-07,2970.7535336398
2015-11-08,2079.52747354786
2015-11-09,24176.87093002
2015-11-10,17625.784451014
2015-11-11,12338.0491157098
2015-11-12,8636.63438099687
2015-11-13,6045.64406669781
2015-11-14,4231.95084668847
2015-11-15,2962.36559268193
2015-11-16,2073.65591487735
2015-11-17,1451.55914041414
2015-11-18,10429.337753492
2015-11-19,29119.3678558194
2015-11-20,20383.5574990736
2015-11-21,14268.4902493515
2015-11-22,9987.94317454605
2015-11-23,6991.56022218224
2015-11-24,4894.09215552757
2015-11-25,3425.8645088693
2015-11-26,2398.10515620851
2015-11-27,1678.67360934596
2015-11-28,1175.07152654217
2015-11-29,1848.88574374146
2015-11-30,12072.9415607859
2015-12-01,24036.0164641751
2015-12-02,25501.1515249226
2015-12-03,17850.8060674458
2015-12-04,12495.5642472121
2015-12-05,8746.89497304844
2015-12-06,6122.82648113391
2015-12-07,4616.50796215711
2015-12-08,3231.55557350998
2015-12-09,2262.08890145699
2015-12-10,1583.46223101989
2015-12-11,1108.42356171392
2015-12-12,775.896493199746
2015-12-13,543.127545239823
2015-12-14,514.928254984316
2015-12-15,360.449778489021
2015-12-16,252.314844942315
2015-12-17,13949.9954686215
2015-12-18,9764.99682803507
2015-12-19,6835.49777962455
2015-12-20,4784.84844573718
2015-12-21,3606.93130692901
2015-12-22,5608.4374899457
2015-12-23,13666.113042962
2015-12-24,20428.5015300734
2015-12-25,16435.2946710514
2015-12-26,11904.861869736
2015-12-27,8333.40330881518
2015-12-28,9869.89246266052
2015-12-29,9713.55512386236
2015-12-30,8525.14258670365
2015-12-31,5967.59981069256
2016-01-01,4177.31986748479
2016-01-02,2924.12390723935
2016-01-03,2046.88673506755
2016-01-04,1432.82071454728
2016-01-05,1002.9745001831
2016-01-06,702.082150128169
2016-01-07,491.457505089718
2016-01-08,2202.85817327577
2016-01-09,10187.7697336051
2016-01-10,9581.26821352355
2016-01-11,6706.88774946649
2016-01-12,4694.82142462654
2016-01-13,3286.37499723858
2016-01-14,2300.46249806701
2016-01-15,9188.48738469228
2016-01-16,6431.94116928459
2016-01-17,4732.75348987557
2016-01-18,3312.9274429129
2016-01-19,2319.04921003903
2016-01-20,1623.33444702732
2016-01-21,1136.33411291912
2016-01-22,21966.632410909
2016-01-23,20174.9815271193
2016-01-24,14122.4870689835
2016-01-25,9885.74094828845
2016-01-26,6920.01866380192
2016-01-27,4844.01306466134
2016-01-28,3390.80914526294
2016-01-29,2373.56640168406
2016-01-30,1661.49648117884
2016-01-31,1388.89701780892
2016-02-01,16722.8577300873
2016-02-02,17131.3080817468
2016-02-03,31375.3548572228
2016-02-04,21962.7484000559
2016-02-05,15373.9238800392
2016-02-06,10761.7467160274
2016-02-07,7533.22270121919
2016-02-08,5429.27187677251
2016-02-09,3800.49031374076
2016-02-10,2660.34321961853
2016-02-11,1862.24025373297
2016-02-12,1303.56817761308
2016-02-13,912.497724329156
2016-02-14,1557.18307715458
2016-02-15,17769.1333584251
2016-02-16,31425.4368889639
2016-02-17,21997.8058222747
2016-02-18,15398.4640755923
2016-02-19,10778.9248529146
2016-02-20,11601.4376603075
2016-02-21,36416.7475265553
2016-02-22,25491.7232685887
2016-02-23,27469.8580093099
2016-02-24,30491.2788902669
2016-02-25,21343.8952231869
2016-02-26,14940.7266562308
2016-02-27,10458.5086593616
2016-02-28,7320.95606155309
2016-02-29,5124.66924308717
2016-03-01,6090.94064461447
2016-03-02,4263.65845123013
2016-03-03,3322.22443581159
2016-03-04,2325.55710506811
2016-03-05,1627.88997354768
2016-03-06,1139.52298148337
2016-03-07,797.666087038362
2016-03-08,558.366260926854
2016-03-09,390.856382648797
2016-03-10,273.599467854158
2016-03-11,191.519627497911
2016-03-12,134.063739248538
2016-03-13,2022.83350325658
2016-03-14,17878.0142597885
2016-03-15,12514.6099818519
2016-03-16,8760.22698729635
2016-03-17,6132.15889110744
2016-03-18,4292.51122377521
2016-03-19,7620.86155908908
2016-03-20,5334.60309136235
2016-03-21,3734.22216395365
2016-03-22,2613.95551476755
2016-03-23,1829.76886033729
2016-03-24,1280.8382022361
2016-03-25,896.586741565271
2016-03-26,627.61071909569
2016-03-27,1078.2975752064
2016-03-28,3114.83122312699
2016-03-29,2180.3818561889
2016-03-30,1526.26729933223
2016-03-31,1068.38710953256
2016-04-01,3900.79444436125
2016-04-02,2730.55611105288
2016-04-03,1911.38927773701
2016-04-04,1337.97249441591
2016-04-05,936.580746091137
2016-04-06,655.606522263796
2016-04-07,2455.98568025947
2016-04-08,1719.18997618163
2016-04-09,1203.43298332714
2016-04-10,842.403088328998
2016-04-11,589.682161830299
2016-04-12,412.777513281209
2016-04-13,288.944259296846
2016-04-14,202.260981507793
2016-04-15,141.582687055455
2016-04-16,99.1078809388183
2016-04-17,69.3755166571728
2016-04-18,48.562861660021
2016-04-19,33.9940031620147
2016-04-20,23.7958022134103
2016-04-21,16.6570615493872
2016-04-22,5906.38683545165
2016-04-23,4134.47078481616
2016-04-24,2894.12954937131
2016-04-25,2025.89068455992
2016-04-26,1418.12347919194
2016-04-27,3547.00862295701
2016-04-28,5469.47673906914
2016-04-29,3828.6337173484
2016-04-30,3690.00700360107
2016-05-01,18903.7208712137
2016-05-02,16740.8442098496
2016-05-03,11718.5909468947
2016-05-04,8203.0136628263
2016-05-05,18748.8098874441
2016-05-06,13124.1669212109
2016-05-07,9186.9168448476
2016-05-08,6430.84179139332
2016-05-09,4501.58925397532
2016-05-10,4223.87828398827
2016-05-11,15227.621396132
2016-05-12,15485.7181772924
2016-05-13,10840.0027241047
2016-05-14,7588.00190687329
2016-05-15,5311.6013348113
2016-05-16,3718.12093436791
2016-05-17,3685.2644465965
2016-05-18,2579.68511261755
2016-05-19,1805.77957883229
2016-05-20,2803.66154076213
2016-05-21,9884.74412297122
2016-05-22,6919.32088607985
2016-05-23,4843.5246202559
2016-05-24,3390.46723417913
2016-05-25,2373.32706392539
2016-05-26,1661.32894474777
2016-05-27,1162.93026132344
2016-05-28,814.051182926409
2016-05-29,4808.7019693649
2016-05-30,3366.09137855543
2016-05-31,2356.2639649888
2016-06-01,1649.38477549216
2016-06-02,2258.84404417719
2016-06-03,1581.19083092403
2016-06-04,8395.08585812446
2016-06-05,5876.56010068712
2016-06-06,4113.59207048098
2016-06-07,2879.51444933669
2016-06-08,2015.66011453568
2016-06-09,1410.96208017498
2016-06-10,987.673456122485
2016-06-11,691.371419285739
2016-06-12,483.959993500017
2016-06-13,338.771995450012
2016-06-14,237.140396815009
2016-06-15,19958.8182640497
2016-06-16,18981.158202635
2016-06-17,13286.8107418445
2016-06-18,9300.76751929116
2016-06-19,6510.53726350381
2016-06-20,4557.37608445267
2016-06-21,3190.16325911687
2016-06-22,2233.11428138181
2016-06-23,30564.603787297
2016-06-24,24038.8646511079
2016-06-25,16827.2052557755
2016-06-26,11779.0436790429
2016-06-27,9264.62767471849
2016-06-28,6485.23937230294
2016-06-29,4539.66756061206
2016-06-30,3177.76729242844
2016-07-01,2224.43710469991
2016-07-02,8670.38412031955
2016-07-03,6069.26888422368
2016-07-04,15354.226897253
2016-07-05,10747.9588280771
2016-07-06,7523.57117965397
2016-07-07,5266.49982575778
2016-07-08,3929.13186076775
2016-07-09,2750.39230253743
2016-07-10,1925.2746117762
2016-07-11,1347.69222824334
2016-07-12,8520.51861187452
2016-07-13,5964.36302831216
2016-07-14,4175.05411981851
2016-07-15,2922.53788387296
2016-07-16,2045.77651871107
2016-07-17,1432.04356309775
2016-07-18,1002.43049416842
2016-07-19,701.701345917898
2016-07-20,491.190942142528
2016-07-21,343.83365949977
2016-07-22,240.683561649839
2016-07-23,168.478493154887
2016-07-24,117.934945208421
2016-07-25,1987.82668993571
2016-07-26,1391.47868295499
2016-07-27,7884.76500171294
2016-07-28,20343.1724656678
2016-07-29,14240.2207259674
2016-07-30,9968.15450817721
2016-07-31,14188.1351199897
2016-08-01,9931.69458399276
2016-08-02,13012.8765942076
2016-08-03,23167.8500159453
2016-08-04,23629.4990111617
2016-08-05,22826.2793078132
2016-08-06,15978.3955154693
2016-08-07,11184.8768608285
2016-08-08,9385.3685025668
2016-08-09,8977.75808345193
2016-08-10,6284.43065841635
2016-08-11,4399.10146089145
2016-08-12,3079.37102262401
2016-08-13,2155.55971583681
2016-08-14,1508.89180108577
2016-08-15,8953.34439387677
2016-08-16,6267.34107571374
2016-08-17,4387.13875299962
2016-08-18,3070.99712709973
2016-08-19,2149.69798896981
2016-08-20,2820.61446532766
2016-08-21,2449.60002943536
2016-08-22,1714.72002060475
2016-08-23,1200.30401442333
2016-08-24,840.212810096329
2016-08-25,588.14896706743
2016-08-26,411.704276947201
2016-08-27,288.192993863041
2016-08-28,201.735095704129
2016-08-29,141.21456699289
2016-08-30,98.850196895023
2016-08-31,8342.9419703393
2016-09-01,9715.9266093692
2016-09-02,6801.14862655844
2016-09-03,4760.80403859091
2016-09-04,3332.56282701364
2016-09-05,2332.79397890954
2016-09-06,1632.95578523668
2016-09-07,1143.06904966568
2016-09-08,800.148334765974
2016-09-09,560.103834336182
2016-09-10,392.072684035327
2016-09-11,274.450878824729
2016-09-12,192.11561517731
2016-09-13,134.480930624117
2016-09-14,94.1366514368821
2016-09-15,65.8956560058174
2016-09-16,46.1269592040722
2016-09-17,32.2888714428505
2016-09-18,22.6022100099954
2016-09-19,7031.61417361723
2016-09-20,4922.12992153206
2016-09-21,3445.49094507244
2016-09-22,2411.84366155071
2016-09-23,1688.2905630855
2016-09-24,1181.80339415985
2016-09-25,827.262375911893
2016-09-26,9265.18087952485
2016-09-27,12835.5814112974
2016-09-28,27151.0169175415
2016-09-29,31975.493042279
2016-09-30,40497.5813295953
2016-10-01,28348.3069307167
2016-10-02,19843.8148515017
2016-10-03,13890.6703960512
2016-10-04,9723.46927723584
2016-10-05,6806.42849406509
2016-10-06,4764.49994584556
2016-10-07,40343.573831586
2016-10-08,62464.8376821102
2016-10-09,43725.3863774772
2016-10-10,30607.770464234
2016-10-11,21425.4393249638
2016-10-12,14997.8075274747
2016-10-13,10498.4652692323
2016-10-14,7348.92568846259
2016-10-15,5144.24798192381
2016-10-16,3600.97358734667
2016-10-17,2520.68151114267
2016-10-18,1764.47705779987
2016-10-19,1235.13394045991
2016-10-20,864.593758321935
2016-10-21,1354.1360238661
2016-10-22,947.895216706269
2016-10-23,663.526651694388
2016-10-24,464.468656186072
2016-10-25,325.12805933025
2016-10-26,227.589641531175
2016-10-27,159.312749071823
2016-10-28,111.518924350276
2016-10-29,78.0632470451931
2016-10-30,54.6442729316352
2016-10-31,38.2509910521446
2016-11-01,26.7756937365012
2016-11-02,18.7429856155509
2016-11-03,13.1200899308856
2016-11-04,9.18406295161992
2016-11-05,6.42884406613395
2016-11-06,4.50019084629376
2016-11-07,3.15013359240563
2016-11-08,2.20509351468394
2016-11-09,1.54356546027876
2016-11-10,1.08049582219513
2016-11-11,0.756347075536593
2016-11-12,0.529442952875615
2016-11-13,0.37061006701293
2016-11-14,0.259427046909051
2016-11-15,0.181598932836336
2016-11-16,0.127119252985435
2016-11-17,0.0889834770898046
2016-11-18,0.0622884339628632
2016-11-19,0.0436019037740043
2016-11-20,0.030521332641803
2016-11-21,0.0213649328492621
2016-11-22,0.0149554529944835
2016-11-23,0.0104688170961384
2016-11-24,0.0073281719672969
2016-11-25,0.00512972037710783
2016-11-26,0.00359080426397548
2016-11-27,0.00251356298478284
2016-11-28,0.00175949408934798
2016-11-29,9511.37016766444
2016-11-30,17264.139151953
2016-12-01,12084.8974063671
2016-12-02,8459.42818445698
2016-12-03,5921.59972911988
2016-12-04,7455.54174385971
2016-12-05,6250.1856207018
2016-12-06,28849.7254182413
2016-12-07,20194.8077927689
2016-12-08,14136.3654549382
2016-12-09,9895.45581845676
2016-12-10,6926.81907291973
2016-12-11,4848.77335104381
2016-12-12,5205.72470252352
2016-12-13,3644.00729176647
2016-12-14,2550.80510423653
2016-12-15,1785.56357296557
2016-12-16,1249.8945010759
2016-12-17,874.926150753129
2016-12-18,1525.62702833263
2016-12-19,1067.93891983284
2016-12-20,747.557243882987
2016-12-21,523.290070718091
2016-12-22,366.303049502664
2016-12-23,256.412134651865
2016-12-24,9555.99231714829
2016-12-25,6689.1946220038
2016-12-26,4682.43623540266
2016-12-27,3277.70536478186
2016-12-28,2294.39375534731
2016-12-29,5924.92738800084
2016-12-30,4147.44917160059
2016-12-31,2903.21442012041
2017-01-01,2032.25009408429
2017-01-02,3264.49273827278
2017-01-03,10466.4065167909
2017-01-04,7326.48456175366
2017-01-05,5128.53919322756
2017-01-06,3640.92720436271
2017-01-07,9514.05303178226
2017-01-08,6659.83712224758
2017-01-09,4661.88598557331
2017-01-10,3295.56769297096
2017-01-11,5293.06444884717
2017-01-12,6892.08080803029
2017-01-13,4824.4565656212
2017-01-14,6219.03159400105
2017-01-15,4919.64171580074
2017-01-16,3850.98720106052
2017-01-17,5118.14424074236
2017-01-18,4096.44736851965
2017-01-19,2867.51315796376
2017-01-20,6917.15598377773
2017-01-21,8317.01598864441
2017-01-22,8323.90519205109
2017-01-23,38136.6427181858
2017-01-24,26695.64990273
2017-01-25,18686.954931911
2017-01-26,13080.8684523377
2017-01-27,9156.6079166364
2017-01-28,6409.62554164548
2017-01-29,5757.03254072024
2017-01-30,4029.92277850417
2017-01-31,2820.94594495292
2017-02-01,1974.66216146704
2017-02-02,1382.26351302693
2017-02-03,967.58445911885
2017-02-04,677.309121383195
2017-02-05,474.116384968237
2017-02-06,331.881469477766
2017-02-07,232.317028634436
2017-02-08,644.861757330066
2017-02-09,2085.5491065134
2017-02-10,1459.88437455938
2017-02-11,1021.91906219156
2017-02-12,715.343343534095
2017-02-13,500.740340473867
2017-02-14,350.518238331707
2017-02-15,1755.46112470733
2017-02-16,1228.82278729513
2017-02-17,860.175951106594
2017-02-18,602.123165774616
2017-02-19,421.486216042231
2017-02-20,295.040351229562
2017-02-21,206.528245860693
2017-02-22,3196.56606053801
2017-02-23,2237.59624237661
2017-02-24,1566.31736966363
2017-02-25,1096.42215876454
2017-02-26,767.495511135176
2017-02-27,537.246857794623
2017-02-28,2177.1833205465
2017-03-01,4413.29084439121
2017-03-02,3089.30359107385
2017-03-03,2162.51251375169
2017-03-04,1513.75875962618
2017-03-05,1059.63113173833
2017-03-06,741.74179221683
2017-03-07,1845.53171076158
2017-03-08,1291.8721975331
2017-03-09,904.310538273173
2017-03-10,633.017376791221
2017-03-11,443.112163753855
2017-03-12,310.178514627698
2017-03-13,1245.67122838155
2017-03-14,3845.03012030112
2017-03-15,2691.52108421078
2017-03-16,1884.06475894755
2017-03-17,5459.32871496654
2017-03-18,3821.53010047658
2017-03-19,2675.0710703336
2017-03-20,1872.54974923352
2017-03-21,1310.78482446347
2017-03-22,917.549377124426
2017-03-23,642.284563987098
2017-03-24,449.599194790969
2017-03-25,314.719436353678
2017-03-26,220.303605447575
2017-03-27,154.212523813302
2017-03-28,4145.46654785346
2017-03-29,2901.82658349743
2017-03-30,2031.2786084482
2017-03-31,15651.8341080399
2017-04-01,10956.2838756279
2017-04-02,7669.39871293954
2017-04-03,14609.3968988159
2017-04-04,10226.5778291711
2017-04-05,7158.60448041977
2017-04-06,9112.75293478895
2017-04-07,6378.92705435227
2017-04-08,4465.24893804659
2017-04-09,3125.67425663261
2017-04-10,2187.97197964283
2017-04-11,1531.58038574998
2017-04-12,1072.10627002499
2017-04-13,750.47438901749
2017-04-14,525.332072312243
2017-04-15,3655.42250270884
2017-04-16,2558.79575189619
2017-04-17,1791.15702632733
2017-04-18,1253.80991842913
2017-04-19,2851.07161429255
2017-04-20,2984.42741979146
2017-04-21,2089.09919385402
2017-04-22,8297.05687482411
2017-04-23,20588.6508360447
2017-04-24,43197.2445852313
2017-04-25,39669.9212096619
2017-04-26,27768.9448467634
2017-04-27,19438.2613927343
2017-04-28,13606.782974914
2017-04-29,9524.74808243983
2017-04-30,6667.32365770788
2017-05-01,5626.74864502468
2017-05-02,3938.72405151727
2017-05-03,2757.10683606209
2017-05-04,10096.2877303495
2017-05-05,35330.4154138688
2017-05-06,24731.2907897082
2017-05-07,17311.9035527957
2017-05-08,12118.332486957
2017-05-09,13544.3134886704
2017-05-10,9481.01944206925
2017-05-11,6636.71360944848
2017-05-12,17270.9354733865
2017-05-13,12089.6548313705
2017-05-14,8462.75838195937
2017-05-15,5923.93086737156
2017-05-16,4146.75160716009
2017-05-17,2902.72612501206
2017-05-18,2031.90828750845
2017-05-19,1422.33580125591
2017-05-20,9957.54560449808
2017-05-21,7556.64028467672
2017-05-22,10319.6953424054
2017-05-23,27488.9087114385
2017-05-24,37091.9270980069
2017-05-25,29458.1513686049
2017-05-26,20620.7059580234
2017-05-27,14434.4941706164
2017-05-28,10104.1459194315
2017-05-29,7072.90214360203
2017-05-30,4951.03150052142
2017-05-31,3465.72205036499
2017-06-01,2426.0054352555
2017-06-02,1698.20380467885
2017-06-03,1188.74266327519
2017-06-04,2704.64642658697
2017-06-05,11426.049365992
2017-06-06,7998.23455619438
2017-06-07,5598.76418933607
2017-06-08,3919.13493253525
2017-06-09,2743.39445277467
2017-06-10,1920.37611694227
2017-06-11,1344.26328185959
2017-06-12,940.984297301713
2017-06-13,6426.54071197208
2017-06-14,6296.76005766288
2017-06-15,20783.0960303722
2017-06-16,15875.3000212605
2017-06-17,20675.8570986324
2017-06-18,14473.0999690427
2017-06-19,15565.7829859899
2017-06-20,10896.0480901929
2017-06-21,7627.23366313504
2017-06-22,5339.06356419453
2017-06-23,3737.34449493617
2017-06-24,2616.14114645532
2017-06-25,1831.29880251872
2017-06-26,1281.90916176311
2017-06-27,897.336413234174
2017-06-28,628.135489263922
2017-06-29,439.694842484745
2017-06-30,307.786389739322
2017-07-01,215.450472817525
2017-07-02,150.815330972268
2017-07-03,105.570731680587
2017-07-04,983.226579637567
2017-07-05,6495.3015285994
2017-07-06,4546.71107001958
2017-07-07,3182.69774901371
2017-07-08,2227.88842430959
2017-07-09,1559.52189701672
2017-07-10,1091.6653279117
2017-07-11,764.165729538191
2017-07-12,534.916010676734
2017-07-13,855.634481058352
2017-07-14,598.944136740847
2017-07-15,419.260895718593
2017-07-16,293.482627003015
2017-07-17,205.43783890211
2017-07-18,7837.63430365223
2017-07-19,5486.34401255656
2017-07-20,3840.44080878959
2017-07-21,2688.30856615272
2017-07-22,1881.8159963069
2017-07-23,1317.27119741483
2017-07-24,19068.2371144995
2017-07-25,13347.7659801497
2017-07-26,9343.43618610477
2017-07-27,6540.40533027334
2017-07-28,6565.00059800473
2017-07-29,4719.2161756442
2017-07-30,3303.45132295094
2017-07-31,2312.41592606566
2017-08-01,1618.69114824596
2017-08-02,4147.55942361062
2017-08-03,2903.29159652744
2017-08-04,2032.3041175692
2017-08-05,1422.61288229844
2017-08-06,995.82901760891
2017-08-07,11163.401223227
2017-08-08,7814.38085625887
2017-08-09,5470.06659938121
2017-08-10,3829.04661956685
2017-08-11,2680.33263369679
2017-08-12,1876.23284358776
2017-08-13,1313.36299051143
2017-08-14,919.354093358
2017-08-15,1185.77234593841
2017-08-16,830.040642156884
2017-08-17,581.028449509819
2017-08-18,406.719914656873
2017-08-19,284.703940259811
2017-08-20,199.292758181868
2017-08-21,2327.67871209887
2017-08-22,1629.37509846921
2017-08-23,1140.56256892845
2017-08-24,798.393798249913
2017-08-25,558.875658774939
2017-08-26,391.212961142457
2017-08-27,273.84907279972
2017-08-28,191.694350959804
2017-08-29,7288.45196734672
2017-08-30,5101.9163771427
2017-08-31,3571.34146399989
2017-09-01,16030.1515213618
2017-09-02,14491.0931983617
2017-09-03,10143.7652388532
2017-09-04,7100.63566719722
2017-09-05,4970.44496703805
2017-09-06,12280.6206386659
2017-09-07,8596.43444706614
2017-09-08,6017.50411294629
2017-09-09,4212.25287906241
2017-09-10,2948.57701534368
2017-09-11,2064.00391074058
2017-09-12,16496.8353085586
2017-09-13,11547.7847159911
2017-09-14,8083.44930119374
2017-09-15,5658.41451083562
2017-09-16,3960.89015758493
2017-09-17,2772.62311030945
2017-09-18,1940.83617721662
2017-09-19,1358.58532405163
2017-09-20,951.009726836142
2017-09-21,665.7068087853
2017-09-22,465.99476614971
2017-09-23,326.196336304797
2017-09-24,228.337435413358
2017-09-25,159.83620478935
2017-09-26,111.885343352545
2017-09-27,78.3197403467817
2017-09-28,54.8238182427472
2017-09-29,38.376672769923
2017-09-30,26.8636709389461
2017-10-01,18.8045696572623
2017-10-02,13.1631987600836
2017-10-03,9.21423913205853
2017-10-04,6.44996739244097
2017-10-05,4.51497717470868
2017-10-06,3.16048402229607
2017-10-07,2.21233881560725
2017-10-08,6809.27775515745
2017-10-09,22066.3355770756
2017-10-10,15446.434903953
2017-10-11,21619.6938160319
2017-10-12,15133.7856712223
2017-10-13,10593.6499698556
2017-10-14,7415.55497889893
2017-10-15,5190.88848522925
2017-10-16,3633.62193966048
2017-10-17,2543.53535776233
2017-10-18,1780.47475043363
2017-10-19,1246.33232530354
2017-10-20,872.432627712481
2017-10-21,610.702839398737
2017-10-22,427.491987579116
2017-10-23,28338.1123336978
2017-10-24,19836.6786335884
2017-10-25,13885.6750435119
2017-10-26,9719.97253045834
2017-10-27,6803.98077132084
2017-10-28,6092.82949683995
2017-10-29,11726.3507558633
2017-10-30,8208.44552910431
2017-10-31,5745.91187037302
2017-11-01,4022.13830926111
2017-11-02,2815.49681648278
2017-11-03,1970.84777153795
2017-11-04,5902.65986016208
2017-11-05,4131.86190211346
2017-11-06,2892.30333147942
2017-11-07,2457.10475811449
2017-11-08,2514.40375415849
2017-11-09,3881.51968972316
2017-11-10,2717.06378280621
2017-11-11,1901.94464796435
2017-11-12,2826.42898137874
2017-11-13,1978.50028696512
2017-11-14,1384.95020087558
2017-11-15,969.465140612907
2017-11-16,678.625598429035
2017-11-17,475.037918900325
2017-11-18,332.526543230227
2017-11-19,1058.1645464774
2017-11-20,740.715182534182
2017-11-21,518.500627773927
2017-11-22,362.950439441749
2017-11-23,254.065307609224
2017-11-24,177.845715326457
2017-11-25,124.49200072852
2017-11-26,87.144400509964
2017-11-27,61.0010803569748
2017-11-28,42.7007562498824
2017-11-29,29.8905293749177
2017-11-30,20.9233705624424
2017-12-01,14.6463593937097
2017-12-02,10.2524515755968
2017-12-03,7.17671610291773
2017-12-04,5.02370127204241
2017-12-05,721.680392604609
2017-12-06,505.176274823227
2017-12-07,353.623392376259
2017-12-08,247.536374663381
2017-12-09,3230.83015815369
2017-12-10,2261.58111070758
2017-12-11,1583.10677749531
2017-12-12,1201.27972550718
2017-12-13,840.895807855023
2017-12-14,588.627065498516
2017-12-15,412.038945848961
2017-12-16,288.427262094273
2017-12-17,692.389570059629
2017-12-18,484.67269904174
2017-12-19,339.270889329218
2017-12-20,237.489622530453
2017-12-21,166.242735771317
2017-12-22,508.697893652914
2017-12-23,2693.22829289136
2017-12-24,2000.15372199942
2017-12-25,1400.10760539959
2017-12-26,980.075323779715
2017-12-27,686.0527266458
2017-12-28,480.23690865206
2017-12-29,336.165836056442
2017-12-30,235.31608523951
2017-12-31,164.721259667657
2018-01-01,115.30488176736
2018-01-02,80.7134172371518
2018-01-03,56.4993920660062
2018-01-04,39.5495744462044
2018-01-05,27.6847021123431
2018-01-06,19.3792914786401
2018-01-07,13.5655040350481
2018-01-08,1336.24788577907
2018-01-09,935.373520045346
2018-01-10,654.761464031742
2018-01-11,4186.07993393912
2018-01-12,14895.4528992227
2018-01-13,10660.6724294559
2018-01-14,7462.47070061914
2018-01-15,5223.7294904334
2018-01-16,3656.61064330338
2018-01-17,5523.37498750251
2018-01-18,3866.36249125176
2018-01-19,2706.45374387623
2018-01-20,2197.54949757882
2018-01-21,1538.28464830518
2018-01-22,1076.79925381362
2018-01-23,4859.13874388341
2018-01-24,3401.39712071838
2018-01-25,2380.97798450287
2018-01-26,1666.68458915201
2018-01-27,1166.67921240641
2018-01-28,8853.85274528014
2018-01-29,9674.7467216961
2018-01-30,6772.32270518727
2018-01-31,4740.62589363109
2018-02-01,3318.43812554176
2018-02-02,2322.90668787923
2018-02-03,1626.03468151546
2018-02-04,15663.6725851396
2018-02-05,10964.5708095977
2018-02-06,7675.19956671838
2018-02-07,23532.0864205671
2018-02-08,16472.460494397
2018-02-09,11530.7223460779
2018-02-10,26619.6964753491
2018-02-11,39039.3799823041
2018-02-12,27327.5659876128
2018-02-13,19779.8134933729
2018-02-14,13845.869445361
2018-02-15,9692.10861175271
2018-02-16,6784.4760282269
2018-02-17,6127.18016541154
2018-02-18,4289.02611578808
2018-02-19,5097.79336913028
2018-02-20,3568.4553583912
2018-02-21,2497.91875087384
2018-02-22,1748.54312561169
2018-02-23,1223.98018792818
2018-02-24,856.786131549727
2018-02-25,700.178499163577
2018-02-26,490.124949414504
2018-02-27,343.087464590153
2018-02-28,240.161225213107
2018-03-01,6278.83476115674
2018-03-02,4395.18433280972
2018-03-03,3076.6290329668
2018-03-04,2153.64032307676
2018-03-05,1507.54822615373
2018-03-06,1055.28375830761
2018-03-07,738.698630815329
2018-03-08,517.08904157073
2018-03-09,361.962329099511
2018-03-10,253.373630369658
2018-03-11,177.36154125876
2018-03-12,8152.43593006319
2018-03-13,5706.70515104423
2018-03-14,3994.69360573096
2018-03-15,2796.28552401167
2018-03-16,1957.39986680817
2018-03-17,6177.37848554518
2018-03-18,4324.16493988163
2018-03-19,3026.91545791714
2018-03-20,17418.5930320232
2018-03-21,16602.5582224162
2018-03-22,11621.7907556914
2018-03-23,8135.25352898396
2018-03-24,11766.6593614892
2018-03-25,8236.66155304242
2018-03-26,5765.66308712969
2018-03-27,6526.74390770598
2018-03-28,4568.72073539419
2018-03-29,3198.10451477593
2018-03-30,2238.67316034315
2018-03-31,1567.07121224021
2018-04-01,1096.94984856814
2018-04-02,767.864893997701
2018-04-03,537.505425798391
2018-04-04,376.253798058874
2018-04-05,263.377658641212
2018-04-06,184.364361048848
2018-04-07,2125.83407241302
2018-04-08,1488.08385068911
2018-04-09,1041.65869548238
2018-04-10,729.161086837665
2018-04-11,510.412760786365
2018-04-12,357.288932550456
2018-04-13,250.102252785319
2018-04-14,175.071576949723
2018-04-15,23436.2357973611
2018-04-16,17939.7942581528
2018-04-17,12557.8559807069
2018-04-18,8790.49918649486
2018-04-19,6153.3494305464
2018-04-20,4307.34460138248
2018-04-21,3015.14122096774
2018-04-22,2110.59885467742
2018-04-23,7334.53176841422
2018-04-24,40329.035933932
2018-04-25,38122.9397537524
2018-04-26,26992.5759276267
2018-04-27,18894.8031493387
2018-04-28,13226.3622045371
2018-04-29,9258.45354317595
2018-04-30,6480.91748022316
2018-05-01,4536.64223615621
2018-05-02,3175.64956530935
2018-05-03,2222.95469571654
2018-05-04,1556.06828700158
2018-05-05,1089.24780090111
2018-05-06,898.904543960149
2018-05-07,629.233180772104
2018-05-08,440.463226540473
2018-05-09,308.324258578331
2018-05-10,215.826981004832
2018-05-11,151.078886703382
2018-05-12,105.755220692368
2018-05-13,74.0286544846573
2018-05-14,51.8200581392601
2018-05-15,14762.7211111795
2018-05-16,22151.2849164606
2018-05-17,26335.0252415225
2018-05-18,26120.2836690657
2018-05-19,18284.198568346
2018-05-20,12798.9389978422
2018-05-21,8959.25729848954
2018-05-22,10218.080950486
2018-05-23,7152.65666534024
2018-05-24,5006.85966573817
2018-05-25,3504.80176601672
2018-05-26,6443.8739706418
2018-05-27,5612.853340437
2018-05-28,3928.9973383059
2018-05-29,2750.29813681413
2018-05-30,4317.71784412176
2018-05-31,4295.61353260145
2018-06-01,3006.92947282101
2018-06-02,2104.85063097471
2018-06-03,1473.3954416823
2018-06-04,1031.37680917761
2018-06-05,721.963766424325
2018-06-06,505.374636497028
2018-06-07,353.762245547919
2018-06-08,247.633571883544
2018-06-09,173.34350031848
2018-06-10,6495.57788029061
2018-06-11,4546.90451620342
2018-06-12,3182.8331613424
2018-06-13,2227.98321293968
2018-06-14,1559.58824905777
2018-06-15,1091.71177434044
2018-06-16,764.19824203831
2018-06-17,1092.19582137601
2018-06-18,764.537074963206
2018-06-19,535.175952474244
2018-06-20,374.623166731971
2018-06-21,952.182782797312
2018-06-22,948.979195502621
2018-06-23,664.285436851834
2018-06-24,464.999805796284
2018-06-25,720.985010241535
2018-06-26,7792.43275816647
2018-06-27,5454.70293071653
2018-06-28,3818.29205150157
2018-06-29,2672.8044360511
2018-06-30,1870.96310523577
2018-07-01,1309.67417366504
2018-07-02,1688.56238597931
2018-07-03,1181.99367018552
2018-07-04,827.395569129864
2018-07-05,579.176898390905
2018-07-06,15508.1457444814
2018-07-07,10855.702021137
2018-07-08,7598.99141479587
2018-07-09,5319.29399035711
2018-07-10,3723.50579324997
2018-07-11,2606.45405527498
2018-07-12,1824.51783869249
2018-07-13,1277.16248708474
2018-07-14,894.013740959319
2018-07-15,625.809618671523
2018-07-16,2951.05632705543
2018-07-17,2295.29697449266
2018-07-18,1606.70788214487
2018-07-19,1124.69551750141
2018-07-20,787.286862250984
2018-07-21,6981.84547498081
2018-07-22,10108.7483094685
2018-07-23,14786.95684225
2018-07-24,15593.4596775795
2018-07-25,18993.9885743056
2018-07-26,13295.7920020139
2018-07-27,9307.05440140976
2018-07-28,6514.93808098683
2018-07-29,4560.45665669078
2018-07-30,6983.30726653658
2018-07-31,4888.31508657561
2018-08-01,4387.83875575465
2018-08-02,14075.2527339113
2018-08-03,11524.8043137379
2018-08-04,8067.36301961656
2018-08-05,5647.15411373159
2018-08-06,3953.00787961212
2018-08-07,2767.10551572848
2018-08-08,1936.97386100994
2018-08-09,1355.88170270696
2018-08-10,949.117191894869
2018-08-11,664.382034326408
2018-08-12,465.067424028486
2018-08-13,325.54719681994
2018-08-14,227.883037773958
2018-08-15,159.518126441771
2018-08-16,111.662688509239
2018-08-17,78.1638819564676
2018-08-18,4918.78118494294
2018-08-19,3831.04683227008
2018-08-20,2681.73278258906
2018-08-21,17149.4036745609
2018-08-22,12004.5825721926
2018-08-23,8403.20780053483
2018-08-24,5882.24546037438
2018-08-25,4117.57182226207
2018-08-26,2882.30027558345
2018-08-27,2017.61019290841
2018-08-28,1412.32713503589
2018-08-29,988.628994525122
2018-08-30,1676.50147921266
2018-08-31,1173.55103544886
2018-09-01,1463.84090682797
2018-09-02,1024.68863477958
2018-09-03,717.282044345704
2018-09-04,502.097431041993
2018-09-05,351.468201729395
2018-09-06,246.027741210576
2018-09-07,172.219418847403
2018-09-08,4737.72740840797
2018-09-09,9169.60135435834
2018-09-10,10708.3022848763
2018-09-11,12564.4240138063
2018-09-12,20252.2859542707
2018-09-13,14176.6001679895
2018-09-14,10515.1430213636
2018-09-15,13072.933369824
2018-09-16,36333.8496426268
2018-09-17,52031.3755498388
2018-09-18,36421.9628848871
2018-09-19,25495.374019421
2018-09-20,17846.7618135947
2018-09-21,12492.7332695163
2018-09-22,28110.642670404
2018-09-23,36802.1485530328
2018-09-24,25777.303187123
2018-09-25,18044.1122309861
2018-09-26,12630.8785616903
2018-09-27,27798.9978822702
2018-09-28,19459.2985175892
2018-09-29,13621.5089623124
2018-09-30,9535.05627361869
2018-10-01,6674.53939153308
2018-10-02,4672.17757407316
2018-10-03,3270.52430185121
2018-10-04,2289.36701129585
2018-10-05,1602.55690790709
2018-10-06,1121.78983553497
2018-10-07,1692.0366766824
2018-10-08,1184.42567367768
2018-10-09,1963.46989619801
2018-10-10,19159.5968421438
2018-10-11,55337.0744732507
2018-10-12,38735.9521312755
2018-10-13,27115.1664918929
2018-10-14,19414.3972746005
2018-10-15,13590.0780922204
2018-10-16,10309.807525424
2018-10-17,7216.86526779679
2018-10-18,5051.80568745775
2018-10-19,3536.26398122043
2018-10-20,2475.3847868543
2018-10-21,1732.76935079801
2018-10-22,1212.93854555861
2018-10-23,849.056981891025
2018-10-24,594.339887323717
2018-10-25,416.037921126602
2018-10-26,16405.1336053167
2018-10-27,11483.5935237217
2018-10-28,9639.83046486891
2018-10-29,6747.88132540824
2018-10-30,4723.51692778577
2018-10-31,3306.46184945004
2018-11-01,2314.52329461502
2018-11-02,8677.28314454512
2018-11-03,6074.09820118159
2018-11-04,4251.86874082711
2018-11-05,3279.50157959129
2018-11-06,4306.66546585281
2018-11-07,3014.66582609696
2018-11-08,2110.26607826787
2018-11-09,7455.80791778082
2018-11-10,5219.06554244657
2018-11-11,3653.3458797126
2018-11-12,20523.3915491856
2018-11-13,15465.2356844299
2018-11-14,10825.664979101
2018-11-15,34082.746524373
2018-11-16,23857.9225670611
2018-11-17,16700.5457969428
2018-11-18,11690.3820578599
2018-11-19,19001.6896066631
2018-11-20,15369.9361945038
2018-11-21,10758.9553361527
2018-11-22,7531.26873530686
2018-11-23,5271.8881147148
2018-11-24,19435.5160507967
2018-11-25,13604.8612355577
2018-11-26,9523.40286489037
2018-11-27,6666.38200542326
2018-11-28,4666.46740379628
2018-11-29,3266.5271826574
2018-11-30,6057.62699465129
2018-12-01,25065.5726770646
2018-12-02,23090.1524076788
2018-12-03,16163.1066853752
2018-12-04,11314.1746797626
2018-12-05,7919.92227583384
2018-12-06,5543.94559308369
2018-12-07,3880.76191515858
2018-12-08,2716.53334061101
2018-12-09,5441.87495842707
2018-12-10,3809.31247089895
2018-12-11,2666.51872962927
2018-12-12,1866.56311074049
2018-12-13,1306.59417751834
2018-12-14,5683.19196936719
2018-12-15,14393.037547524
2018-12-16,11090.2248832668
2018-12-17,7763.15741828675
2018-12-18,5434.21019280072
2018-12-19,3803.94713496051
2018-12-20,26126.3480406227
2018-12-21,25117.7840284359
2018-12-22,17582.4488199051
2018-12-23,12307.7141739336
2018-12-24,8615.39992175351
2018-12-25,6030.77994522746
2018-12-26,4221.54596165922
2018-12-27,2955.08217316146
2018-12-28,27265.6510042491
2018-12-29,19085.9557029744
2018-12-30,13360.1689920821
2018-12-31,10286.8795038183
2019-01-01,7200.81565267279
2019-01-02,5466.36149582402
2019-01-03,6212.93013529298
2019-01-04,8252.95166633008
2019-01-05,6813.68436643106
2019-01-06,4769.57905650174
2019-01-07,3338.70533955122
2019-01-08,2337.09373768585
2019-01-09,1635.9656163801
2019-01-10,1145.17593146607
2019-01-11,801.623152026247
2019-01-12,4636.4809549107
2019-01-13,9492.71260979689
2019-01-14,6644.89882685783
2019-01-15,4651.42917880048
2019-01-16,3256.00042516034
2019-01-17,3222.27812099654
2019-01-18,2255.59468469758
2019-01-19,18472.8951329299
2019-01-20,14645.3759079259
2019-01-21,10251.7631355482
2019-01-22,7176.23419488371
2019-01-23,6350.98060794621
2019-01-24,12114.9310648343
2019-01-25,8480.45174538401
2019-01-26,5936.31622176881
2019-01-27,4155.42135523817
2019-01-28,2908.79494866672
2019-01-29,2333.47514397276
2019-01-30,1633.43260078093
2019-01-31,1143.40282054665
2019-02-01,800.381974382657
2019-02-02,560.26738206786
2019-02-03,392.187167447502
2019-02-04,274.531017213252
2019-02-05,192.171712049276
2019-02-06,134.520198434493
2019-02-07,1003.04163591014
2019-02-08,702.129145137099
2019-02-09,491.49040159597
2019-02-10,3098.83132339398
2019-02-11,2783.58109668487
2019-02-12,12546.3944977226
2019-02-13,8782.47614840582
2019-02-14,6147.73330388408
2019-02-15,5490.11166341507
2019-02-16,8941.72522114055
2019-02-17,16303.8215399234
2019-02-18,12503.5312765672
2019-02-19,8752.47189359702
2019-02-20,27018.7880595822
2019-02-21,18913.1516417075
2019-02-22,43521.1753253007
2019-02-23,53572.6919344217
2019-02-24,49303.4139778234
2019-02-25,34512.3897844764
2019-02-26,24158.6728491335
2019-02-27,16911.0709943934
2019-02-28,11837.7496960754
2019-03-01,20644.8481512104
2019-03-02,14451.3937058473
2019-03-03,18428.8890749621
2019-03-04,12900.2223524735
2019-03-05,9030.15564673141
2019-03-06,6321.10895271199
2019-03-07,4424.77626689839
2019-03-08,4723.84197393285
2019-03-09,3306.689381753
2019-03-10,4206.53915206917
2019-03-11,2944.57740644842
2019-03-12,2061.20418451389
2019-03-13,1442.84292915973
2019-03-14,1009.99005041181
2019-03-15,706.993035288265
2019-03-16,494.895124701786
2019-03-17,346.42658729125
2019-03-18,242.498611103875
2019-03-19,169.749027772713
2019-03-20,118.824319440899
2019-03-21,471.452903697291
2019-03-22,330.017032588104
2019-03-23,231.011922811673
2019-03-24,161.708345968171
2019-03-25,1333.18448603748
2019-03-26,933.229140226233
2019-03-27,653.260398158363
2019-03-28,457.282278710854
2019-03-29,320.097595097598
2019-03-30,224.068316568319
2019-03-31,156.847821597823
2019-04-01,109.793475118476
2019-04-02,76.8554325829333
2019-04-03,53.7988028080533
2019-04-04,37.6591619656373
2019-04-05,9146.00939652226
2019-04-06,6402.20657756558
2019-04-07,4481.54460429591
2019-04-08,9201.53379080649
2019-04-09,6441.07365356454
2019-04-10,4508.75155749518
2019-04-11,3156.12609024663
2019-04-12,3647.11397311026
2019-04-13,3198.90301748199
2019-04-14,23393.6907638149
2019-04-15,16563.2671346704
2019-04-16,11594.2869942693
2019-04-17,8116.0008959885
2019-04-18,5681.20062719195
2019-04-19,23573.9931508811
2019-04-20,16501.7952056168
2019-04-21,11551.2566439317
2019-04-22,8085.87965075221
2019-04-23,5660.11575552655
2019-04-24,3962.08102886858
2019-04-25,2773.45672020801
2019-04-26,3592.44527085612
2019-04-27,2514.71168959928
2019-04-28,1760.2981827195
2019-04-29,1232.20872790365
2019-04-30,862.546109532554
2019-05-01,603.782276672788
2019-05-02,422.647593670952
2019-05-03,7195.4138060525
2019-05-04,6127.09037652374
2019-05-05,6280.96330334542
2019-05-06,4396.67431234179
2019-05-07,3077.67201863925
2019-05-08,2154.37041304748
2019-05-09,1508.05928913323
2019-05-10,1055.64150239326
2019-05-11,3098.28004335577
2019-05-12,8800.20773549767
2019-05-13,6160.14541484837
2019-05-14,4312.10179039386
2019-05-15,3018.4712532757
2019-05-16,2112.92987729299
2019-05-17,1479.05091410509
2019-05-18,1035.33563987357
2019-05-19,724.734947911496
2019-05-20,507.314463538047
2019-05-21,355.120124476633
2019-05-22,248.584087133643
2019-05-23,174.00886099355
2019-05-24,121.806202695485
2019-05-25,300.491765111717
2019-05-26,2735.61478301515
2019-05-27,1914.9303481106
2019-05-28,1340.45124367742
2019-05-29,2839.92188227012
2019-05-30,1987.94531758908
2019-05-31,5005.1875520404
2019-06-01,3503.63128642828
2019-06-02,2452.54190049979
2019-06-03,1716.77933034986
2019-06-04,1201.7455312449
2019-06-05,841.22187187143
2019-06-06,588.855310310001
2019-06-07,19209.5607225965
2019-06-08,61483.3231223089
2019-06-09,44111.8545572412
2019-06-10,39270.1249049439
2019-06-11,27489.0874334607
2019-06-12,19242.3612034225
2019-06-13,13469.6528423957
2019-06-14,9428.75698967702
2019-06-15,6600.12989277392
2019-06-16,4620.09092494174
2019-06-17,4078.17873746704
2019-06-18,4941.47775153292
2019-06-19,3459.03442607305
2019-06-20,2421.32409825113
2019-06-21,1694.92686877579
2019-06-22,1186.44880814305
2019-06-23,830.514165700138
2019-06-24,2223.12862068177
2019-06-25,1556.19003447724
2019-06-26,1089.33302413407
2019-06-27,762.533116893848
2019-06-28,533.773181825694
2019-06-29,1591.86054955878
2019-06-30,1114.30238469114
2019-07-01,780.0116692838
2019-07-02,546.00816849866
2019-07-03,382.205717949062
2019-07-04,8991.61478352031
2019-07-05,6294.13034846422
2019-07-06,4405.89124392495
2019-07-07,4780.10597321312
2019-07-08,3346.07418124918
2019-07-09,2342.25192687443
2019-07-10,1639.5763488121
2019-07-11,1147.70344416847
2019-07-12,803.392410917928
2019-07-13,562.37468764255
2019-07-14,393.662281349785
2019-07-15,275.563596944849
2019-07-16,192.894517861395
2019-07-17,135.026162502976
2019-07-18,94.5183137520833
2019-07-19,66.1628196264584
2019-07-20,46.3139737385209
2019-07-21,24104.7554667957
2019-07-22,19400.2513202605
2019-07-23,25845.8029539323
2019-07-24,18092.0620677526
2019-07-25,12664.4434474268
2019-07-26,8865.11041319879
2019-07-27,6205.57728923916
2019-07-28,4343.90410246741
2019-07-29,3040.73287172719
2019-07-30,5946.99258813407
2019-07-31,4162.89481169385
2019-08-01,3821.84351086173
2019-08-02,2675.29045760321
2019-08-03,1872.70332032225
2019-08-04,1310.89232422557
2019-08-05,917.6246269579
2019-08-06,642.33723887053
2019-08-07,449.636067209371
2019-08-08,314.74524704656
2019-08-09,220.321672932592
2019-08-10,154.225171052814
2019-08-11,107.95761973697
2019-08-12,75.570333815879
2019-08-13,52.8992336711153
2019-08-14,37.0294635697807
2019-08-15,1583.61386359621
2019-08-16,8868.67719194382
2019-08-17,6208.07403436067
2019-08-18,4345.65182405247
2019-08-19,3041.95627683673
2019-08-20,2129.36939378571
2019-08-21,1490.55857565
2019-08-22,4440.78681007633
2019-08-23,19835.0739844679
2019-08-24,13884.5517891275
2019-08-25,9719.18625238928
2019-08-26,6803.4303766725
2019-08-27,6938.63012445046
2019-08-28,4857.04108711532
2019-08-29,3399.92876098073
2019-08-30,2379.95013268651
2019-08-31,1665.96509288056
2019-09-01,1166.17556501639
2019-09-02,816.322895511472
2019-09-03,571.426026858031
2019-09-04,399.998218800622
2019-09-05,279.998753160435
2019-09-06,195.999127212305
2019-09-07,137.199389048613
2019-09-08,96.0395723340293
2019-09-09,67.2277006338205
2019-09-10,47.0593904436743
2019-09-11,6560.9645546742
2019-09-12,4592.67518827194
2019-09-13,3214.87263179036
2019-09-14,2549.44383068836
2019-09-15,1784.61068148185
2019-09-16,1249.22747703729
2019-09-17,874.459233926106
2019-09-18,612.121463748274
2019-09-19,428.485024623792
2019-09-20,299.939517236654
2019-09-21,209.957662065658
2019-09-22,146.970363445961
2019-09-23,102.879254412172
2019-09-24,72.0154780885207
2019-09-25,50.4108346619645
2019-09-26,35.2875842633752
2019-09-27,24.7013089843626
2019-09-28,4624.15151975633
2019-09-29,3236.90606382943
2019-09-30,2453.63707123243
2019-10-01,1717.5459498627
2019-10-02,1202.28216490389
2019-10-03,841.597515432724
2019-10-04,589.118260802907
2019-10-05,412.382782562035
2019-10-06,1240.80179709468
2019-10-07,868.561257966277
2019-10-08,8606.05835068336
2019-10-09,6024.24084547835
2019-10-10,4216.96859183485
2019-10-11,2951.87801428439
2019-10-12,2066.31460999907
2019-10-13,1446.42022699935
2019-10-14,1012.49415889955
2019-10-15,708.745911229683
2019-10-16,17633.4473049
2019-10-17,12343.41311343
2019-10-18,8640.38917940099
2019-10-19,7598.38664709283
2019-10-20,32827.8440848751
2019-10-21,22979.4908594125
2019-10-22,22805.3688495208
2019-10-23,15963.7581946645
2019-10-24,11174.6307362652
2019-10-25,7822.24151538562
2019-10-26,5475.56906076993
2019-10-27,12978.4741363864
2019-10-28,9084.93189547051
2019-10-29,6359.45232682936
2019-10-30,11492.3800096569
2019-10-31,10270.7190621348
2019-11-01,7189.50334349439
2019-11-02,5032.65234044607
2019-11-03,3522.85663831225
2019-11-04,2465.99964681858
2019-11-05,1726.199752773
2019-11-06,1208.3398269411
2019-11-07,845.837878858772
2019-11-08,592.08651520114
2019-11-09,414.460560640798
2019-11-10,290.122392448559
2019-11-11,203.085674713991
2019-11-12,688.344963906915
2019-11-13,481.84147473484
2019-11-14,337.289032314388
2019-11-15,236.102322620072
2019-11-16,165.27162583405
2019-11-17,115.690138083835
2019-11-18,1562.8562911487
2019-11-19,1093.99940380409
2019-11-20,765.799582662862
2019-11-21,536.059707864004
2019-11-22,375.241795504803
2019-11-23,8395.98316935134
2019-11-24,6522.23141854594
2019-11-25,4565.56199298216
2019-11-26,3195.89339508751
2019-11-27,5118.18680500306
2019-11-28,3582.73076350214
2019-11-29,2507.9115344515
2019-11-30,9384.08323275263
2019-12-01,22448.2796373018
2019-12-02,15713.7957461113
2019-12-03,10999.6570222779
2019-12-04,7699.75991559453
2019-12-05,5389.83194091617
2019-12-06,3772.88235864132
2019-12-07,2641.01765104892
2019-12-08,1848.71235573425
2019-12-09,8815.33700485086
2019-12-10,7364.66510339561
2019-12-11,5155.26557237692
2019-12-12,3608.68590066385
2019-12-13,10163.4755686179
2019-12-14,20545.1218135768
2019-12-15,14381.5852695038
2019-12-16,10067.1096886526
2019-12-17,7585.8199810524
2019-12-18,5310.07398673668
2019-12-19,3717.05179071568
2019-12-20,2601.93625350097
2019-12-21,1821.35537745068
2019-12-22,1274.94876421548
2019-12-23,892.464134950834
2019-12-24,624.724894465584
2019-12-25,437.307426125908
2019-12-26,306.115198288136
2019-12-27,214.280638801695
2019-12-28,149.996447161187
2019-12-29,2334.93312245842
2019-12-30,1634.4531857209
2019-12-31,1144.11723000463
