time,FLOW
2015-07-07,1.00E-04
2015-07-08,1.00E-04
2015-07-09,1.00E-04
2015-07-10,1.00E-04
2015-07-11,0.2023
2015-07-12,0.1567
2015-07-13,2.2759
2015-07-14,2.9763
2015-07-15,2.1968
2015-07-16,1.5378
2015-07-17,1.0764
2015-07-18,1.2869
2015-07-19,0.9008
2015-07-20,0.6306
2015-07-21,0.4963
2015-07-22,0.3568
2015-07-23,0.259
2015-07-24,0.1907
2015-07-25,0.1428
2015-07-26,0.1093
2015-07-27,0.0858
2015-07-28,2.4467
2015-07-29,1.7004
2015-07-30,1.1903
2015-07-31,0.8332
2015-08-01,0.5832
2015-08-02,0.4083
2015-08-03,0.2858
2015-08-04,0.2
2015-08-05,0.14
2015-08-06,0.137
2015-08-07,0.4759
2015-08-08,0.3331
2015-08-09,0.2332
2015-08-10,0.2508
2015-08-11,6.0729
2015-08-12,4.2593
2015-08-13,2.9898
2015-08-14,2.1012
2015-08-15,1.4791
2015-08-16,1.0437
2015-08-17,0.7388
2015-08-18,1.2364
2015-08-19,0.9384
2015-08-20,0.6517
2015-08-21,0.4562
2015-08-22,0.3193
2015-08-23,0.2235
2015-08-24,0.1565
2015-08-25,0.1095
2015-08-26,0.0767
2015-08-27,0.0537
2015-08-28,0.0376
2015-08-29,0.0263
2015-08-30,0.0184
2015-08-31,0.0129
2015-09-01,0.009
2015-09-02,0.0063
2015-09-03,0.0044
2015-09-04,4.6937
2015-09-05,3.2856
2015-09-06,2.2999
2015-09-07,1.6099
2015-09-08,1.1269
2015-09-09,0.7889
2015-09-10,0.5854
2015-09-11,0.3872
2015-09-12,0.4044
2015-09-13,0.2763
2015-09-14,0.1866
2015-09-15,0.1239
2015-09-16,0.0799
2015-09-17,0.0492
2015-09-18,0.0276
2015-09-19,0.0126
2015-09-20,0.002
2015-09-21,7.6664
2015-09-22,8.9261
2015-09-23,6.2482
2015-09-24,4.3738
2015-09-25,3.5843
2015-09-26,8.272
2015-09-27,14.2879
2015-09-28,10.481
2015-09-29,19.0482
2015-09-30,13.2778
2015-10-01,9.2385
2015-10-02,10.9787
2015-10-03,13.3181
2015-10-04,9.7239
2015-10-05,6.8648
2015-10-06,4.8053
2015-10-07,3.3637
2015-10-08,2.3546
2015-10-09,2.8064
2015-10-10,2.9837
2015-10-11,2.1099
2015-10-12,1.4983
2015-10-13,1.0701
2015-10-14,0.7704
2015-10-15,0.5606
2015-10-16,0.3841
2015-10-17,0.2813
2015-10-18,0.2093
2015-10-19,0.159
2015-10-20,0.1237
2015-10-21,0.099
2015-10-22,0.0048
2015-10-23,1.00E-04
2015-10-24,1.00E-04
2015-10-25,1.00E-04
2015-10-26,1.00E-04
2015-10-27,3.7161
2015-10-28,11.8986
2015-10-29,8.3953
2015-10-30,5.8891
2015-10-31,4.1348
2015-11-01,2.9068
2015-11-02,2.1896
2015-11-03,1.5452
2015-11-04,1.094
2015-11-05,0.7783
2015-11-06,0.5572
2015-11-07,1.0179
2015-11-08,0.725
2015-11-09,5.6094
2015-11-10,6.014
2015-11-11,4.1991
2015-11-12,2.9287
2015-11-13,2.0395
2015-11-14,1.417
2015-11-15,0.9812
2015-11-16,0.6762
2015-11-17,0.4982
2015-11-18,0.3926
2015-11-19,6.9932
2015-11-20,4.8952
2015-11-21,3.4267
2015-11-22,2.3987
2015-11-23,1.6791
2015-11-24,1.1753
2015-11-25,0.8227
2015-11-26,0.5759
2015-11-27,0.4031
2015-11-28,0.2822
2015-11-29,0.2896
2015-11-30,3.1276
2015-12-01,7.617
2015-12-02,7.777
2015-12-03,5.4439
2015-12-04,3.8107
2015-12-05,2.6675
2015-12-06,1.8673
2015-12-07,1.5901
2015-12-08,1.1131
2015-12-09,0.7791
2015-12-10,0.5454
2015-12-11,0.4315
2015-12-12,0.317
2015-12-13,0.2368
2015-12-14,0.944
2015-12-15,0.6757
2015-12-16,0.3968
2015-12-17,4.0572
2015-12-18,2.8276
2015-12-19,1.9669
2015-12-20,1.3644
2015-12-21,0.9866
2015-12-22,1.7718
2015-12-23,4.3114
2015-12-24,5.0311
2015-12-25,3.9027
2015-12-26,2.8259
2015-12-27,2.0648
2015-12-28,2.0157
2015-12-29,2.7978
2015-12-30,2.3414
2015-12-31,1.639
2016-01-01,1.1473
2016-01-02,0.8031
2016-01-03,0.5622
2016-01-04,0.3935
2016-01-05,0.2755
2016-01-06,0.1928
2016-01-07,0.1541
2016-01-08,0.351
2016-01-09,0.5917
2016-01-10,3.5808
2016-01-11,2.5123
2016-01-12,1.7643
2016-01-13,1.2408
2016-01-14,0.8743
2016-01-15,2.7266
2016-01-16,2.342
2016-01-17,1.7388
2016-01-18,1.2229
2016-01-19,0.8618
2016-01-20,0.5733
2016-01-21,0.3963
2016-01-22,0.2725
2016-01-23,0.1857
2016-01-24,0.9847
2016-01-25,1.3028
2016-01-26,0.907
2016-01-27,0.6299
2016-01-28,0.436
2016-01-29,0.3002
2016-01-30,0.2052
2016-01-31,0.1386
2016-02-01,0.5285
2016-02-02,0.6765
2016-02-03,6.6605
2016-02-04,4.8305
2016-02-05,3.3814
2016-02-06,2.367
2016-02-07,1.6569
2016-02-08,1.2968
2016-02-09,1
2016-02-10,0.7
2016-02-11,0.49
2016-02-12,0.2601
2016-02-13,0.1572
2016-02-14,0.0852
2016-02-15,0.0348
2016-02-16,3.113
2016-02-17,2.1542
2016-02-18,1.4831
2016-02-19,1.0133
2016-02-20,0.6845
2016-02-21,1.891
2016-02-22,1.604
2016-02-23,3.4098
2016-02-24,5.2226
2016-02-25,3.8681
2016-02-26,2.7325
2016-02-27,1.9376
2016-02-28,1.4886
2016-02-29,1.2637
2016-03-01,1.0768
2016-03-02,1.63
2016-03-03,1.1162
2016-03-04,0.9165
2016-03-05,0.6321
2016-03-06,0.7751
2016-03-07,0.6534
2016-03-08,0.8829
2016-03-09,0.9359
2016-03-10,1.0838
2016-03-11,0.9841
2016-03-12,0.6806
2016-03-13,1.0348
2016-03-14,2.527
2016-03-15,4.6143
2016-03-16,3.2217
2016-03-17,2.316
2016-03-18,1.6336
2016-03-19,2.7754
2016-03-20,1.9961
2016-03-21,1.4412
2016-03-22,1.0213
2016-03-23,0.7135
2016-03-24,0.5077
2016-03-25,0.4495
2016-03-26,0.323
2016-03-27,0.2742
2016-03-28,1.3801
2016-03-29,0.9744
2016-03-30,0.6903
2016-03-31,0.4915
2016-04-01,2.1725
2016-04-02,1.5412
2016-04-03,1.0789
2016-04-04,0.7552
2016-04-05,0.5286
2016-04-06,0.3701
2016-04-07,0.9629
2016-04-08,0.7155
2016-04-09,0.5445
2016-04-10,0.3936
2016-04-11,0.2879
2016-04-12,0.214
2016-04-13,0.1622
2016-04-14,0.1023
2016-04-15,0.0769
2016-04-16,0.0592
2016-04-17,0.0468
2016-04-18,0.0381
2016-04-19,0.032
2016-04-20,0.0277
2016-04-21,0.0247
2016-04-22,3.7147
2016-04-23,2.6056
2016-04-24,1.8292
2016-04-25,1.2858
2016-04-26,0.9054
2016-04-27,1.2823
2016-04-28,1.2467
2016-04-29,1.4386
2016-04-30,1.0672
2016-05-01,5.4459
2016-05-02,6.6812
2016-05-03,5.2073
2016-05-04,3.6344
2016-05-05,6.9771
2016-05-06,5.2719
2016-05-07,3.6796
2016-05-08,2.5651
2016-05-09,1.7849
2016-05-10,1.6533
2016-05-11,1.9713
2016-05-12,1.6553
2016-05-13,1.234
2016-05-14,0.8768
2016-05-15,0.6244
2016-05-16,0.4477
2016-05-17,0.354
2016-05-18,0.2584
2016-05-19,0.1916
2016-05-20,0.1447
2016-05-21,0.125
2016-05-22,0.1137
2016-05-23,0.1009
2016-05-24,0.0813
2016-05-25,0.0709
2016-05-26,0.0454
2016-05-27,0.0368
2016-05-28,0.0307
2016-05-29,0.0265
2016-05-30,0.0235
2016-05-31,0.0214
2016-06-01,0.02
2016-06-02,0.0189
2016-06-03,0.0182
2016-06-04,0.0177
2016-06-05,0.0174
2016-06-06,0.0171
2016-06-07,0.017
2016-06-08,0.0169
2016-06-09,0.0168
2016-06-10,1.00E-04
2016-06-11,1.00E-04
2016-06-12,1.00E-04
2016-06-13,1.00E-04
2016-06-14,1.00E-04
2016-06-15,0.0802
2016-06-16,0.22
2016-06-17,0.1773
2016-06-18,0.1241
2016-06-19,0.0869
2016-06-20,0.0608
2016-06-21,0.0426
2016-06-22,0.0298
2016-06-23,0.0209
2016-06-24,0.0146
2016-06-25,0.0102
2016-06-26,0.0072
2016-06-27,0.005
2016-06-28,0.0035
2016-06-29,0.0025
2016-06-30,0.0017
2016-07-01,0.0012
2016-07-02,8.00E-04
2016-07-03,6.00E-04
2016-07-04,4.00E-04
2016-07-05,3.00E-04
2016-07-06,2.00E-04
2016-07-07,0.956
2016-07-08,2.6786
2016-07-09,1.875
2016-07-10,1.3125
2016-07-11,1.0221
2016-07-12,7.3918
2016-07-13,6.1023
2016-07-14,4.2778
2016-07-15,3.0007
2016-07-16,2.1138
2016-07-17,1.4859
2016-07-18,1.246
2016-07-19,0.8784
2016-07-20,0.6211
2016-07-21,0.441
2016-07-22,0.3149
2016-07-23,0.2266
2016-07-24,0.1649
2016-07-25,0.5395
2016-07-26,1.236
2016-07-27,4.2244
2016-07-28,3.813
2016-07-29,6.8522
2016-07-30,6.1393
2016-07-31,8.3286
2016-08-01,6.5041
2016-08-02,4.5668
2016-08-03,4.9643
2016-08-04,4.8516
2016-08-05,6.011
2016-08-06,4.2036
2016-08-07,2.9384
2016-08-08,3.1536
2016-08-09,2.4302
2016-08-10,3.4763
2016-08-11,2.4293
2016-08-12,1.7293
2016-08-13,1.2162
2016-08-14,0.8571
2016-08-15,3.0257
2016-08-16,2.7554
2016-08-17,2.563
2016-08-18,1.7999
2016-08-19,1.383
2016-08-20,0.9738
2016-08-21,1.0581
2016-08-22,0.7464
2016-08-23,0.5282
2016-08-24,0.3755
2016-08-25,0.2218
2016-08-26,0.147
2016-08-27,0.0946
2016-08-28,0.0579
2016-08-29,0.0323
2016-08-30,0.0143
2016-08-31,0.7
2016-09-01,4.643
2016-09-02,3.2418
2016-09-03,2.261
2016-09-04,1.5744
2016-09-05,1.0938
2016-09-06,0.7574
2016-09-07,0.5219
2016-09-08,0.357
2016-09-09,0.2416
2016-09-10,0.1609
2016-09-11,0.1043
2016-09-12,0.0647
2016-09-13,0.037
2016-09-14,0.0176
2016-09-15,0.0041
2016-09-16,1.00E-04
2016-09-17,1.00E-04
2016-09-18,1.00E-04
2016-09-19,15.6344
2016-09-20,10.9358
2016-09-21,7.6468
2016-09-22,5.3444
2016-09-23,3.7328
2016-09-24,2.6047
2016-09-25,1.815
2016-09-26,3.3733
2016-09-27,4.6357
2016-09-28,5.1334
2016-09-29,17.2647
2016-09-30,21.472
2016-10-01,15.018
2016-10-02,10.5001
2016-10-03,7.3377
2016-10-04,5.1239
2016-10-05,3.5743
2016-10-06,2.4067
2016-10-07,11.6852
2016-10-08,15.7312
2016-10-09,11.0029
2016-10-10,7.6647
2016-10-11,5.328
2016-10-12,3.8166
2016-10-13,2.6716
2016-10-14,1.8701
2016-10-15,2.0716
2016-10-16,1.7899
2016-10-17,1.2529
2016-10-18,0.8771
2016-10-19,1.8677
2016-10-20,1.4249
2016-10-21,1.417
2016-10-22,1.8379
2016-10-23,1.379
2016-10-24,1.3759
2016-10-25,2.304
2016-10-26,2.8273
2016-10-27,3.3139
2016-10-28,3.6911
2016-10-29,4.2731
2016-10-30,3.9811
2016-10-31,2.8165
2016-11-01,2.8472
2016-11-02,2.0152
2016-11-03,1.5365
2016-11-04,1.1578
2016-11-05,1.4227
2016-11-06,1.1261
2016-11-07,0.8088
2016-11-08,1.6682
2016-11-09,1.5319
2016-11-10,1.1575
2016-11-11,3.4249
2016-11-12,4.6283
2016-11-13,3.2741
2016-11-14,3.2715
2016-11-15,2.3149
2016-11-16,1.5624
2016-11-17,1.2555
2016-11-18,2.0426
2016-11-19,1.4298
2016-11-20,1.0009
2016-11-21,0.7041
2016-11-22,0.6734
2016-11-23,1.4669
2016-11-24,1.0268
2016-11-25,0.7188
2016-11-26,0.6651
2016-11-27,0.4656
2016-11-28,0.3358
2016-11-29,1.0145
2016-11-30,3.5263
2016-12-01,2.9362
2016-12-02,2.0553
2016-12-03,1.4387
2016-12-04,1.339
2016-12-05,1.7333
2016-12-06,1.2574
2016-12-07,0.9091
2016-12-08,1.026
2016-12-09,1.1879
2016-12-10,0.9539
2016-12-11,0.75
2016-12-12,0.585
2016-12-13,1.6026
2016-12-14,2.8657
2016-12-15,2.1721
2016-12-16,2.5605
2016-12-17,2.1211
2016-12-18,1.4954
2016-12-19,1.1659
2016-12-20,0.8268
2016-12-21,0.5539
2016-12-22,0.9592
2016-12-23,0.6714
2016-12-24,2.6267
2016-12-25,1.8387
2016-12-26,1.3819
2016-12-27,1.0085
2016-12-28,0.7306
2016-12-29,1.5709
2016-12-30,1.107
2016-12-31,0.7823
2017-01-01,0.555
2017-01-02,0.9203
2017-01-03,3.3389
2017-01-04,2.4343
2017-01-05,1.7114
2017-01-06,1.1807
2017-01-07,0.8265
2017-01-08,0.5786
2017-01-09,0.405
2017-01-10,0.4242
2017-01-11,0.7253
2017-01-12,0.5876
2017-01-13,0.4605
2017-01-14,0.7006
2017-01-15,0.4904
2017-01-16,0.5323
2017-01-17,1.0878
2017-01-18,0.8701
2017-01-19,0.6007
2017-01-20,1.6086
2017-01-21,1.1603
2017-01-22,2.0519
2017-01-23,7.6688
2017-01-24,5.3599
2017-01-25,3.7436
2017-01-26,2.6399
2017-01-27,1.8479
2017-01-28,1.2936
2017-01-29,0.9055
2017-01-30,0.6788
2017-01-31,0.5146
2017-02-01,0.3941
2017-02-02,0.2759
2017-02-03,0.1931
2017-02-04,0.1352
2017-02-05,0.0946
2017-02-06,0.9416
2017-02-07,1.6716
2017-02-08,1.1883
2017-02-09,0.8384
2017-02-10,1.1024
2017-02-11,2.3596
2017-02-12,2.1316
2017-02-13,2.2968
2017-02-14,2.0571
2017-02-15,1.5509
2017-02-16,2.5227
2017-02-17,1.9413
2017-02-18,2.2207
2017-02-19,2.3633
2017-02-20,1.7233
2017-02-21,2.2543
2017-02-22,2.7084
2017-02-23,3.4591
2017-02-24,4.0038
2017-02-25,3.2715
2017-02-26,2.4849
2017-02-27,2.2407
2017-02-28,1.9058
2017-03-01,2.2411
2017-03-02,1.6067
2017-03-03,1.5853
2017-03-04,1.2149
2017-03-05,0.8571
2017-03-06,0.6
2017-03-07,0.5118
2017-03-08,0.3585
2017-03-09,0.9317
2017-03-10,0.7898
2017-03-11,0.5612
2017-03-12,0.7186
2017-03-13,0.6022
2017-03-14,0.8369
2017-03-15,0.8956
2017-03-16,1.3634
2017-03-17,1.0322
2017-03-18,1.3804
2017-03-19,1.552
2017-03-20,1.5688
2017-03-21,1.4293
2017-03-22,1.0841
2017-03-23,1.407
2017-03-24,1.8806
2017-03-25,1.6107
2017-03-26,2.0862
2017-03-27,1.7378
2017-03-28,1.5932
2017-03-29,1.3264
2017-03-30,0.9284
2017-03-31,1.2924
2017-04-01,1.5153
2017-04-02,1.5376
2017-04-03,1.0763
2017-04-04,0.7534
2017-04-05,1.0943
2017-04-06,1.1718
2017-04-07,1.0945
2017-04-08,1.5338
2017-04-09,1.1693
2017-04-10,1.0575
2017-04-11,1.0587
2017-04-12,0.8578
2017-04-13,1.1551
2017-04-14,4.1143
2017-04-15,3.8931
2017-04-16,3.1939
2017-04-17,2.249
2017-04-18,2.2817
2017-04-19,2.4733
2017-04-20,1.733
2017-04-21,1.4245
2017-04-22,0.9639
2017-04-23,1.251
2017-04-24,2.9721
2017-04-25,6.1604
2017-04-26,4.275
2017-04-27,3.1384
2017-04-28,2.2906
2017-04-29,1.6034
2017-04-30,1.1224
2017-05-01,1.1554
2017-05-02,0.8088
2017-05-03,0.5662
2017-05-04,2.6341
2017-05-05,10.4548
2017-05-06,7.3183
2017-05-07,5.1228
2017-05-08,3.586
2017-05-09,2.5102
2017-05-10,2.632
2017-05-11,2.3189
2017-05-12,3.6082
2017-05-13,3.8285
2017-05-14,2.68
2017-05-15,1.876
2017-05-16,1.3132
2017-05-17,0.9192
2017-05-18,0.6435
2017-05-19,0.4504
2017-05-20,1.2456
2017-05-21,0.905
2017-05-22,2.4183
2017-05-23,3.5533
2017-05-24,9.883
2017-05-25,9.9751
2017-05-26,6.9825
2017-05-27,4.8878
2017-05-28,3.4214
2017-05-29,2.395
2017-05-30,1.6765
2017-05-31,1.2858
2017-06-01,1.0413
2017-06-02,0.7289
2017-06-03,0.5102
2017-06-04,0.6467
2017-06-05,4.2832
2017-06-06,2.9982
2017-06-07,2.0988
2017-06-08,1.7303
2017-06-09,1.2112
2017-06-10,0.8478
2017-06-11,0.5935
2017-06-12,0.4154
2017-06-13,4.0501
2017-06-14,3.7865
2017-06-15,4.5614
2017-06-16,3.6271
2017-06-17,7.2575
2017-06-18,5.6241
2017-06-19,6.6067
2017-06-20,4.6354
2017-06-21,3.2554
2017-06-22,2.2894
2017-06-23,1.9613
2017-06-24,1.8231
2017-06-25,1.301
2017-06-26,0.9267
2017-06-27,0.6708
2017-06-28,0.4918
2017-06-29,0.4034
2017-06-30,0.3157
2017-07-01,0.2543
2017-07-02,0.2113
2017-07-03,0.1812
2017-07-04,0.1601
2017-07-05,1.479
2017-07-06,5.3448
2017-07-07,3.8222
2017-07-08,2.7231
2017-07-09,1.9537
2017-07-10,1.4151
2017-07-11,1.0381
2017-07-12,0.7742
2017-07-13,0.5895
2017-07-14,0.3785
2017-07-15,0.288
2017-07-16,0.2246
2017-07-17,0.1803
2017-07-18,4.2587
2017-07-19,2.9486
2017-07-20,2.0705
2017-07-21,1.8434
2017-07-22,1.2968
2017-07-23,0.9141
2017-07-24,3.9646
2017-07-25,2.7816
2017-07-26,1.9535
2017-07-27,1.8604
2017-07-28,1.9438
2017-07-29,1.4865
2017-07-30,1.0317
2017-07-31,0.7133
2017-08-01,0.4905
2017-08-02,1.0639
2017-08-03,0.7359
2017-08-04,0.5062
2017-08-05,0.3455
2017-08-06,0.233
2017-08-07,3.0681
2017-08-08,2.9241
2017-08-09,2.038
2017-08-10,1.4473
2017-08-11,1.1759
2017-08-12,0.9365
2017-08-13,0.6556
2017-08-14,0.684
2017-08-15,0.6363
2017-08-16,0.4454
2017-08-17,0.9385
2017-08-18,0.6295
2017-08-19,0.4324
2017-08-20,0.2945
2017-08-21,0.1979
2017-08-22,0.1303
2017-08-23,0.083
2017-08-24,0.0499
2017-08-25,0.0541
2017-08-26,0.0379
2017-08-27,0.0265
2017-08-28,0.0186
2017-08-29,0.8218
2017-08-30,1.4464
2017-08-31,1.0125
2017-09-01,1.2608
2017-09-02,2.0215
2017-09-03,1.4151
2017-09-04,0.9906
2017-09-05,0.6934
2017-09-06,2.6795
2017-09-07,1.8756
2017-09-08,1.3129
2017-09-09,0.9191
2017-09-10,0.6433
2017-09-11,0.4878
2017-09-12,1.3953
2017-09-13,1.2592
2017-09-14,0.952
2017-09-15,0.659
2017-09-16,0.4539
2017-09-17,0.3103
2017-09-18,0.2098
2017-09-19,0.1395
2017-09-20,0.0903
2017-09-21,0.0558
2017-09-22,0.0563
2017-09-23,0.0394
2017-09-24,0.0276
2017-09-25,0.0193
2017-09-26,0.0135
2017-09-27,0.0095
2017-09-28,0.0066
2017-09-29,0.0046
2017-09-30,0.0032
2017-10-01,0.0023
2017-10-02,0.1835
2017-10-03,0.1284
2017-10-04,0.0899
2017-10-05,0.0629
2017-10-06,0.0071
2017-10-07,0.696
2017-10-08,0.9979
2017-10-09,5.4269
2017-10-10,3.7877
2017-10-11,4.9771
2017-10-12,3.5965
2017-10-13,2.9456
2017-10-14,2.0619
2017-10-15,1.4433
2017-10-16,1.8136
2017-10-17,1.2696
2017-10-18,0.8887
2017-10-19,0.6221
2017-10-20,0.4038
2017-10-21,0.2731
2017-10-22,0.1817
2017-10-23,5.8815
2017-10-24,4.6234
2017-10-25,3.2269
2017-10-26,2.2493
2017-10-27,1.5967
2017-10-28,1.1177
2017-10-29,4.2794
2017-10-30,2.9955
2017-10-31,2.0969
2017-11-01,1.4678
2017-11-02,1.0275
2017-11-03,0.7192
2017-11-04,1.3108
2017-11-05,0.962
2017-11-06,0.7072
2017-11-07,0.5329
2017-11-08,0.4653
2017-11-09,0.9935
2017-11-10,0.6955
2017-11-11,0.4868
2017-11-12,0.3408
2017-11-13,0.8548
2017-11-14,0.5853
2017-11-15,0.4058
2017-11-16,0.2802
2017-11-17,0.1922
2017-11-18,0.1306
2017-11-19,0.3686
2017-11-20,0.2541
2017-11-21,0.1739
2017-11-22,0.1178
2017-11-23,0.0786
2017-11-24,0.0511
2017-11-25,0.0318
2017-11-26,0.0184
2017-11-27,0.0089
2017-11-28,0.0023
2017-11-29,1.00E-04
2017-11-30,1.00E-04
2017-12-01,0.0053
2017-12-02,0.0037
2017-12-03,0.0026
2017-12-04,0.0018
2017-12-05,0.4283
2017-12-06,0.4388
2017-12-07,0.3072
2017-12-08,0.215
2017-12-09,0.3902
2017-12-10,0.2732
2017-12-11,0.1912
2017-12-12,0.1338
2017-12-13,0.0937
2017-12-14,0.0656
2017-12-15,0.0459
2017-12-16,0.0321
2017-12-17,0.0225
2017-12-18,0.0982
2017-12-19,0.1821
2017-12-20,0.1274
2017-12-21,0.0892
2017-12-22,0.0624
2017-12-23,0.7597
2017-12-24,0.5318
2017-12-25,0.4649
2017-12-26,0.3254
2017-12-27,0.2278
2017-12-28,0.1595
2017-12-29,0.1116
2017-12-30,0.0781
2017-12-31,0.0547
2018-01-01,0.0383
2018-01-02,0.0268
2018-01-03,0.0188
2018-01-04,0.0131
2018-01-05,1.00E-04
2018-01-06,1.00E-04
2018-01-07,1.00E-04
2018-01-08,0.5052
2018-01-09,0.3466
2018-01-10,0.237
2018-01-11,0.7634
2018-01-12,4.0939
2018-01-13,3.7656
2018-01-14,2.6289
2018-01-15,1.8333
2018-01-16,1.2763
2018-01-17,0.8864
2018-01-18,0.6135
2018-01-19,0.4224
2018-01-20,0.2887
2018-01-21,0.1951
2018-01-22,0.1295
2018-01-23,0.655
2018-01-24,0.4749
2018-01-25,0.3324
2018-01-26,0.2327
2018-01-27,0.1629
2018-01-28,1.551
2018-01-29,2.8082
2018-01-30,2.0581
2018-01-31,1.4406
2018-02-01,1.0085
2018-02-02,0.7059
2018-02-03,0.4941
2018-02-04,3.8494
2018-02-05,2.6946
2018-02-06,1.8862
2018-02-07,3.2857
2018-02-08,2.3
2018-02-09,1.61
2018-02-10,3.2688
2018-02-11,9.1017
2018-02-12,6.6901
2018-02-13,4.9771
2018-02-14,3.5411
2018-02-15,2.9107
2018-02-16,2.7509
2018-02-17,2.2804
2018-02-18,1.6615
2018-02-19,2.0081
2018-02-20,1.6969
2018-02-21,1.5756
2018-02-22,1.3496
2018-02-23,0.9635
2018-02-24,0.665
2018-02-25,0.6384
2018-02-26,0.4374
2018-02-27,0.2967
2018-02-28,0.2346
2018-03-01,1.6912
2018-03-02,1.1266
2018-03-03,0.7553
2018-03-04,0.4955
2018-03-05,0.3135
2018-03-06,0.1728
2018-03-07,0.0837
2018-03-08,0.1456
2018-03-09,0.1019
2018-03-10,0.0713
2018-03-11,0.0499
2018-03-12,0.1242
2018-03-13,0.7053
2018-03-14,0.4937
2018-03-15,0.3145
2018-03-16,0.3532
2018-03-17,0.3907
2018-03-18,2.2233
2018-03-19,1.547
2018-03-20,1.5561
2018-03-21,1.4111
2018-03-22,1.0621
2018-03-23,1.4133
2018-03-24,1.885
2018-03-25,1.6146
2018-03-26,2.0897
2018-03-27,1.7418
2018-03-28,1.5969
2018-03-29,1.366
2018-03-30,0.9668
2018-03-31,1.3314
2018-04-01,1.5556
2018-04-02,1.578
2018-04-03,1.1152
2018-04-04,0.7913
2018-04-05,0.9085
2018-04-06,0.636
2018-04-07,0.6099
2018-04-08,0.4269
2018-04-09,0.327
2018-04-10,0.2289
2018-04-11,0.1602
2018-04-12,0.1122
2018-04-13,0.0785
2018-04-14,0.055
2018-04-15,4.2457
2018-04-16,4.9593
2018-04-17,3.4715
2018-04-18,2.43
2018-04-19,1.8608
2018-04-20,1.2197
2018-04-21,0.8289
2018-04-22,0.5554
2018-04-23,0.5973
2018-04-24,7.3088
2018-04-25,7.8946
2018-04-26,5.6153
2018-04-27,5.1629
2018-04-28,3.6234
2018-04-29,2.5457
2018-04-30,1.7913
2018-05-01,1.2632
2018-05-02,0.8936
2018-05-03,0.6348
2018-05-04,0.4226
2018-05-05,0.2958
2018-05-06,0.2071
2018-05-07,0.7958
2018-05-08,0.6201
2018-05-09,0.4341
2018-05-10,0.3524
2018-05-11,0.2259
2018-05-12,0.1519
2018-05-13,0.1001
2018-05-14,0.0639
2018-05-15,3.3209
2018-05-16,10.0329
2018-05-17,16.7677
2018-05-18,21.9448
2018-05-19,18.7119
2018-05-20,13.061
2018-05-21,9.2599
2018-05-22,9.8214
2018-05-23,6.8377
2018-05-24,4.8734
2018-05-25,3.4114
2018-05-26,5.8227
2018-05-27,6.1293
2018-05-28,6.6787
2018-05-29,5.5334
2018-05-30,4.1412
2018-05-31,2.9996
2018-06-01,5.4877
2018-06-02,5.1021
2018-06-03,3.5963
2018-06-04,2.6843
2018-06-05,1.9039
2018-06-06,1.3576
2018-06-07,0.9278
2018-06-08,0.6601
2018-06-09,0.4727
2018-06-10,3.1412
2018-06-11,2.6104
2018-06-12,2.2018
2018-06-13,1.5889
2018-06-14,1.0874
2018-06-15,0.844
2018-06-16,0.6157
2018-06-17,0.4558
2018-06-18,0.3439
2018-06-19,0.2656
2018-06-20,0.2108
2018-06-21,0.1251
2018-06-22,4.4996
2018-06-23,3.3108
2018-06-24,2.3282
2018-06-25,1.6404
2018-06-26,3.605
2018-06-27,2.5483
2018-06-28,1.8211
2018-06-29,1.2934
2018-06-30,0.924
2018-07-01,0.6655
2018-07-02,0.4223
2018-07-03,0.2956
2018-07-04,0.2069
2018-07-05,0.1804
2018-07-06,0.6889
2018-07-07,1.4933
2018-07-08,1.0559
2018-07-09,0.7498
2018-07-10,0.5355
2018-07-11,0.3855
2018-07-12,0.245
2018-07-13,0.227
2018-07-14,0.1755
2018-07-15,0.1395
2018-07-16,0.1143
2018-07-17,0.0289
2018-07-18,0.0165
2018-07-19,0.0079
2018-07-20,0.0018
2018-07-21,1.00E-04
2018-07-22,1.7209
2018-07-23,4.3224
2018-07-24,5.3694
2018-07-25,7.6956
2018-07-26,5.4094
2018-07-27,3.7907
2018-07-28,2.6577
2018-07-29,1.8645
2018-07-30,1.3243
2018-07-31,1.5346
2018-08-01,2.9467
2018-08-02,8.4116
2018-08-03,7.8422
2018-08-04,5.4896
2018-08-05,3.8427
2018-08-06,2.6972
2018-08-07,1.8881
2018-08-08,1.3216
2018-08-09,0.9252
2018-08-10,0.6476
2018-08-11,0.8103
2018-08-12,0.9563
2018-08-13,0.908
2018-08-14,0.7466
2018-08-15,0.5559
2018-08-16,0.3115
2018-08-17,0.218
2018-08-18,4.458
2018-08-19,5.2339
2018-08-20,3.6638
2018-08-21,4.9783
2018-08-22,3.6453
2018-08-23,2.585
2018-08-24,1.7318
2018-08-25,1.2123
2018-08-26,1.0075
2018-08-27,0.7053
2018-08-28,0.4937
2018-08-29,0.3456
2018-08-30,2.855
2018-08-31,2.3175
2018-09-01,1.7563
2018-09-02,1.2675
2018-09-03,0.9253
2018-09-04,0.6857
2018-09-05,0.518
2018-09-06,0.4007
2018-09-07,0.1178
2018-09-08,3.8383
2018-09-09,11.8796
2018-09-10,10.6334
2018-09-11,7.4101
2018-09-12,7.0844
2018-09-13,4.9608
2018-09-14,3.6327
2018-09-15,3.1825
2018-09-16,6.1367
2018-09-17,11.1918
2018-09-18,7.8309
2018-09-19,5.4483
2018-09-20,3.7806
2018-09-21,2.6501
2018-09-22,10.311
2018-09-23,14.8163
2018-09-24,10.361
2018-09-25,7.5414
2018-09-26,5.2745
2018-09-27,6.2429
2018-09-28,5.9244
2018-09-29,4.162
2018-09-30,2.9283
2018-10-01,2.0647
2018-10-02,1.4602
2018-10-03,0.8631
2018-10-04,0.5669
2018-10-05,0.5667
2018-10-06,0.4215
2018-10-07,0.3199
2018-10-08,1.00E-04
2018-10-09,0.9321
2018-10-10,1.9391
2018-10-11,17.1522
2018-10-12,12.137
2018-10-13,8.537
2018-10-14,6.2605
2018-10-15,4.3823
2018-10-16,3.2516
2018-10-17,2.5455
2018-10-18,2.0304
2018-10-19,1.297
2018-10-20,0.9228
2018-10-21,0.7929
2018-10-22,0.5699
2018-10-23,0.4139
2018-10-24,0.2549
2018-10-25,0.1784
2018-10-26,4.8811
2018-10-27,3.9823
2018-10-28,2.8727
2018-10-29,2.5333
2018-10-30,1.7733
2018-10-31,1.2413
2018-11-01,0.8689
2018-11-02,3.1001
2018-11-03,2.1701
2018-11-04,1.5191
2018-11-05,1.3426
2018-11-06,1.8929
2018-11-07,1.325
2018-11-08,0.9275
2018-11-09,1.4594
2018-11-10,1.0216
2018-11-11,0.7151
2018-11-12,4.0039
2018-11-13,4.9987
2018-11-14,3.3185
2018-11-15,8.0651
2018-11-16,5.9485
2018-11-17,4.2554
2018-11-18,3.0531
2018-11-19,2.3276
2018-11-20,1.8034
2018-11-21,1.3473
2018-11-22,1.0839
2018-11-23,0.767
2018-11-24,5.6822
2018-11-25,4.0031
2018-11-26,2.9299
2018-11-27,2.0592
2018-11-28,1.4497
2018-11-29,0.9955
2018-11-30,1.5232
2018-12-01,1.8685
2018-12-02,1.8135
2018-12-03,1.4889
2018-12-04,1.1524
2018-12-05,0.8532
2018-12-06,0.5972
2018-12-07,0.4181
2018-12-08,0.2926
2018-12-09,0.2049
2018-12-10,1.1009
2018-12-11,0.7706
2018-12-12,0.5394
2018-12-13,0.3776
2018-12-14,2.7282
2018-12-15,6.8
2018-12-16,5.9562
2018-12-17,4.2439
2018-12-18,3.0271
2018-12-19,2.0258
2018-12-20,6.3335
2018-12-21,7.7599
2018-12-22,5.6062
2018-12-23,3.9096
2018-12-24,2.8105
2018-12-25,1.9638
2018-12-26,1.3467
2018-12-27,1.0079
2018-12-28,8.294
2018-12-29,6.12
2018-12-30,4.4455
2018-12-31,3.642
2019-01-01,2.8977
2019-01-02,2.1896
2019-01-03,2.4023
2019-01-04,2.295
2019-01-05,2.4273
2019-01-06,1.7844
2019-01-07,1.3464
2019-01-08,1.1154
2019-01-09,0.8868
2019-01-10,0.6208
2019-01-11,0.476
2019-01-12,0.3456
2019-01-13,0.2544
2019-01-14,1.5796
2019-01-15,1.9298
2019-01-16,1.3633
2019-01-17,0.9253
2019-01-18,1.0268
2019-01-19,1.5214
2019-01-20,3.1728
2019-01-21,2.2209
2019-01-22,1.5547
2019-01-23,1.0883
2019-01-24,3.9285
2019-01-25,2.7593
2019-01-26,1.9408
2019-01-27,1.3679
2019-01-28,0.9668
2019-01-29,1.1138
2019-01-30,0.789
2019-01-31,0.5616
2019-02-01,0.3714
2019-02-02,0.26
2019-02-03,0.2023
2019-02-04,0.2603
2019-02-05,0.4519
2019-02-06,0.5859
2019-02-07,1.6937
2019-02-08,1.3786
2019-02-09,0.965
2019-02-10,0.7194
2019-02-11,1.2182
2019-02-12,2.884
2019-02-13,2.323
2019-02-14,1.6013
2019-02-15,1.2053
2019-02-16,2.9812
2019-02-17,2.5879
2019-02-18,4.0844
2019-02-19,2.8342
2019-02-20,2.4339
2019-02-21,6.2481
2019-02-22,7.1252
2019-02-23,10.0068
2019-02-24,8.6579
2019-02-25,6.0867
2019-02-26,4.3035
2019-02-27,3.0732
2019-02-28,2.248
2019-03-01,4.476
2019-03-02,3.4633
2019-03-03,4.523
2019-03-04,3.2555
2019-03-05,2.2788
2019-03-06,1.5952
2019-03-07,1.1166
2019-03-08,0.7816
2019-03-09,1.123
2019-03-10,1.7382
2019-03-11,1.4542
2019-03-12,1.1178
2019-03-13,0.8593
2019-03-14,0.8552
2019-03-15,1.1791
2019-03-16,0.9931
2019-03-17,0.7826
2019-03-18,0.6653
2019-03-19,0.474
2019-03-20,0.3695
2019-03-21,2.1325
2019-03-22,1.7851
2019-03-23,1.4171
2019-03-24,1.1778
2019-03-25,1.6566
2019-03-26,1.6122
2019-03-27,1.1862
2019-03-28,0.9243
2019-03-29,0.9669
2019-03-30,0.8761
2019-03-31,0.6239
2019-04-01,0.4474
2019-04-02,0.3238
2019-04-03,0.2373
2019-04-04,0.2034
2019-04-05,2.2557
2019-04-06,1.5976
2019-04-07,1.2206
2019-04-08,4.631
2019-04-09,3.2168
2019-04-10,2.2269
2019-04-11,1.5458
2019-04-12,1.96
2019-04-13,3.9335
2019-04-14,10.8302
2019-04-15,8.6287
2019-04-16,6.0188
2019-04-17,4.1918
2019-04-18,2.9954
2019-04-19,6.3623
2019-04-20,4.8553
2019-04-21,3.3987
2019-04-22,2.3791
2019-04-23,1.6654
2019-04-24,1.1658
2019-04-25,0.816
2019-04-26,1.4478
2019-04-27,1.1887
2019-04-28,0.857
2019-04-29,0.5419
2019-04-30,0.3793
2019-05-01,0.2655
2019-05-02,0.2569
2019-05-03,0.4109
2019-05-04,1.377
2019-05-05,2.6511
2019-05-06,1.8771
2019-05-07,1.729
2019-05-08,1.2316
2019-05-09,0.8124
2019-05-10,0.5687
2019-05-11,1.8822
2019-05-12,3.5057
2019-05-13,2.8533
2019-05-14,1.9973
2019-05-15,1.3981
2019-05-16,0.9787
2019-05-17,0.8827
2019-05-18,0.6179
2019-05-19,0.4732
2019-05-20,0.3312
2019-05-21,0.2319
2019-05-22,0.1623
2019-05-23,0.3622
2019-05-24,0.0795
2019-05-25,0.0557
2019-05-26,1.64
2019-05-27,3.3566
2019-05-28,2.3496
2019-05-29,2.3679
2019-05-30,1.6575
2019-05-31,3.0924
2019-06-01,2.2576
2019-06-02,1.9064
2019-06-03,1.3541
2019-06-04,0.9479
2019-06-05,0.7669
2019-06-06,0.6911
2019-06-07,5.0819
2019-06-08,10.887
2019-06-09,7.9245
2019-06-10,9.5497
2019-06-11,7.068
2019-06-12,4.9369
2019-06-13,4.0478
2019-06-14,2.8441
2019-06-15,2.0015
2019-06-16,2.1813
2019-06-17,1.9668
2019-06-18,2.1656
2019-06-19,1.5864
2019-06-20,1.0856
2019-06-21,0.7599
2019-06-22,0.532
2019-06-23,0.3724
2019-06-24,0.2607
2019-06-25,3.28
2019-06-26,2.296
2019-06-27,1.5865
2019-06-28,1.1043
2019-06-29,0.7668
2019-06-30,0.5306
2019-07-01,0.4281
2019-07-02,5.7271
2019-07-03,4.039
2019-07-04,2.832
2019-07-05,3.9272
2019-07-06,3.0372
2019-07-07,2.1504
2019-07-08,1.5099
2019-07-09,3.154
2019-07-10,2.2125
2019-07-11,3.0831
2019-07-12,2.1688
2019-07-13,1.5288
2019-07-14,1.0808
2019-07-15,0.9233
2019-07-16,0.7459
2019-07-17,1.3472
2019-07-18,2.269
2019-07-19,1.5883
2019-07-20,1.1118
2019-07-21,2.6601
2019-07-22,2.0951
2019-07-23,5.2883
2019-07-24,3.7018
2019-07-25,2.5913
2019-07-26,1.8139
2019-07-27,1.2697
2019-07-28,0.8888
2019-07-29,0.6222
2019-07-30,2.6657
2019-07-31,6.911
2019-08-01,4.9306
2019-08-02,6.243
2019-08-03,4.3515
2019-08-04,3.0274
2019-08-05,2.1005
2019-08-06,8.4431
2019-08-07,5.9102
2019-08-08,4.1786
2019-08-09,4.2961
2019-08-10,3.0197
2019-08-11,2.1262
2019-08-12,1.5008
2019-08-13,1.5196
2019-08-14,1.0348
2019-08-15,2.7465
2019-08-16,5.063
2019-08-17,3.5441
2019-08-18,2.4809
2019-08-19,1.7366
2019-08-20,1.2156
2019-08-21,0.8509
2019-08-22,0.8568
2019-08-23,0.9061
2019-08-24,5.5124
2019-08-25,3.8587
2019-08-26,2.7011
2019-08-27,2.4123
2019-08-28,1.7203
2019-08-29,1.2137
2019-08-30,0.8591
2019-08-31,0.6109
2019-09-01,0.4371
2019-09-02,0.3155
2019-09-03,0.2304
2019-09-04,0.1391
2019-09-05,0.0973
2019-09-06,0.0681
2019-09-07,0.0477
2019-09-08,0.0334
2019-09-09,0.0234
2019-09-10,0.0164
2019-09-11,0.5975
2019-09-12,2.2618
2019-09-13,1.7285
2019-09-14,1.442
2019-09-15,1.0957
2019-09-16,0.7753
2019-09-17,0.551
2019-09-18,0.394
2019-09-19,0.4783
2019-09-20,0.2165
2019-09-21,0.1626
2019-09-22,0.1249
2019-09-23,0.0985
2019-09-24,0.0801
2019-09-25,0.0671
2019-09-26,0.0528
2019-09-27,0.0465
2019-09-28,0.2224
2019-09-29,0.1652
2019-09-30,0.1251
2019-10-01,0.0971
2019-10-02,0.0775
2019-10-03,0.0321
2019-10-04,0.0426
2019-10-05,0.0359
2019-10-06,0.881
2019-10-07,0.6228
2019-10-08,1.8196
2019-10-09,1.2798
2019-10-10,0.9019
2019-10-11,0.6374
2019-10-12,0.4522
2019-10-13,0.3226
2019-10-14,0.2319
2019-10-15,0.2222
2019-10-16,3.9696
2019-10-17,2.8009
2019-10-18,1.8349
2019-10-19,1.2623
2019-10-20,9.7361
2019-10-21,6.7931
2019-10-22,7.1287
2019-10-23,5.0034
2019-10-24,3.5985
2019-10-25,3.7206
2019-10-26,2.6547
2019-10-27,5.8478
2019-10-28,4.1068
2019-10-29,2.8437
2019-10-30,3.2878
2019-10-31,7.5765
2019-11-01,5.4375
2019-11-02,3.8062
2019-11-03,2.6644
2019-11-04,1.865
2019-11-05,1.3055
2019-11-06,0.9139
2019-11-07,0.68
2019-11-08,0.476
2019-11-09,0.3332
2019-11-10,0.2332
2019-11-11,0.1633
2019-11-12,0.2349
2019-11-13,0.1739
2019-11-14,0.1313
2019-11-15,0.1014
2019-11-16,0.0805
2019-11-17,0.0658
2019-11-18,1.0131
2019-11-19,0.7187
2019-11-20,0.5126
2019-11-21,0.3683
2019-11-22,0.3099
2019-11-23,1.3265
2019-11-24,1.6542
2019-11-25,1.1675
2019-11-26,0.7704
2019-11-27,1.5347
2019-11-28,1.0669
2019-11-29,0.7394
2019-11-30,1.6592
2019-12-01,5.0918
2019-12-02,3.6016
2019-12-03,2.5137
2019-12-04,1.7522
2019-12-05,1.2438
2019-12-06,0.9076
2019-12-07,0.6464
2019-12-08,0.4636
2019-12-09,2.3982
2019-12-10,2.2614
2019-12-11,1.9268
2019-12-12,1.2859
2019-12-13,1.127
2019-12-14,3.225
2019-12-15,2.3034
2019-12-16,1.6647
2019-12-17,1.3706
2019-12-18,1.013
2019-12-19,0.7174
2019-12-20,0.5105
2019-12-21,0.3657
2019-12-22,0.2643
2019-12-23,0.2476
2019-12-24,0.3069
2019-12-25,0.23
2019-12-26,0.1705
2019-12-27,0.1193
2019-12-28,0.0835
2019-12-29,0.4371
2019-12-30,0.8284
2019-12-31,0.5799
2020-01-01,0.4059
2020-01-02,0.2841
2020-01-03,1.3951
2020-01-04,2.0281
2020-01-05,1.4196
2020-01-06,0.9691
2020-01-07,1.3409
2020-01-08,0.9312
2020-01-09,0.6445
2020-01-10,0.4437
2020-01-11,2.4442
2020-01-12,5.7158
2020-01-13,3.9937
2020-01-14,3.021
2020-01-15,2.132
2020-01-16,1.4924
2020-01-17,1.0447
2020-01-18,1.2091
2020-01-19,0.8877
2020-01-20,0.6214
2020-01-21,0.435
2020-01-22,0.3045
2020-01-23,0.2448
2020-01-24,3.1334
2020-01-25,5.779
2020-01-26,4.064
2020-01-27,2.8543
2020-01-28,2.0075
2020-01-29,1.4148
2020-01-30,0.9312
2020-01-31,0.6407
2020-02-01,0.478
2020-02-02,0.3235
2020-02-03,0.2153
2020-02-04,0.1396
2020-02-05,1.5875
2020-02-06,10.2954
2020-02-07,9.0836
2020-02-08,6.3252
2020-02-09,4.3944
2020-02-10,4.0442
2020-02-11,3.9839
2020-02-12,2.8862
2020-02-13,4.0065
2020-02-14,2.8046
2020-02-15,1.9632
2020-02-16,1.3742
2020-02-17,0.962
2020-02-18,0.9524
2020-02-19,0.7541
2020-02-20,0.5279
2020-02-21,0.4012
2020-02-22,0.2904
2020-02-23,0.2128
2020-02-24,0.1584
2020-02-25,1.0162
2020-02-26,0.7208
2020-02-27,1.0275
2020-02-28,0.6231
2020-02-29,0.414
2020-03-01,0.2676
2020-03-02,0.1651
2020-03-03,0.6977
2020-03-04,0.4662
2020-03-05,0.4336
2020-03-06,0.4076
2020-03-07,0.3019
2020-03-08,0.228
2020-03-09,0.0873
2020-03-10,0.1306
2020-03-11,0.0814
2020-03-12,0.047
2020-03-13,1.9767
2020-03-14,1.4461
2020-03-15,2.0559
2020-03-16,1.2527
2020-03-17,1.0872
2020-03-18,0.78
2020-03-19,1.4023
2020-03-20,1.1148
2020-03-21,1.2625
2020-03-22,0.9028
2020-03-23,1.9864
2020-03-24,1.4052
2020-03-25,4.2161
2020-03-26,2.9291
2020-03-27,2.0282
2020-03-28,1.3975
2020-03-29,0.9561
2020-03-30,0.6471
2020-03-31,3.3869
2020-04-01,2.9583
2020-04-02,2.1595
2020-04-03,1.5228
2020-04-04,1.077
2020-04-05,0.765
2020-04-06,0.5466
2020-04-07,0.3937
2020-04-08,0.3598
2020-04-09,0.4832
2020-04-10,0.2916
2020-04-11,0.1669
2020-04-12,0.9652
2020-04-13,12.1999
2020-04-14,8.5026
2020-04-15,6.8024
2020-04-16,4.8984
2020-04-17,3.4438
2020-04-18,2.7382
2020-04-19,1.9316
2020-04-20,2.9711
2020-04-21,2.0095
2020-04-22,1.396
2020-04-23,2.0597
2020-04-24,1.925
2020-04-25,2.4199
2020-04-26,3.5745
2020-04-27,2.4915
2020-04-28,1.7689
2020-04-29,1.2382
2020-04-30,9.2926
2020-05-01,6.5049
2020-05-02,4.5534
2020-05-03,3.1874
2020-05-04,2.5926
2020-05-05,2.3457
2020-05-06,1.872
2020-05-07,1.3459
2020-05-08,1.063
2020-05-09,0.7547
2020-05-10,0.539
2020-05-11,0.3879
2020-05-12,0.2822
2020-05-13,0.2082
2020-05-14,3.6006
2020-05-15,2.4645
2020-05-16,1.6692
2020-05-17,1.1125
2020-05-18,1.4323
2020-05-19,14.0355
2020-05-20,19.0296
2020-05-21,21.804
2020-05-22,19.2183
2020-05-23,13.4342
2020-05-24,10.6381
2020-05-25,7.5548
2020-05-26,5.3319
2020-05-27,4.2527
2020-05-28,5.5786
2020-05-29,5.5575
2020-05-30,3.8903
2020-05-31,2.7232
2020-06-01,1.9062
2020-06-02,1.3344
2020-06-03,0.9341
2020-06-04,2.0616
2020-06-05,3.6084
2020-06-06,2.6133
2020-06-07,1.9222
2020-06-08,1.3456
2020-06-09,0.9419
2020-06-10,0.9685
2020-06-11,0.8102
2020-06-12,0.5672
2020-06-13,0.9198
2020-06-14,1.0338
2020-06-15,10.4128
2020-06-16,10.0655
2020-06-17,21.5225
2020-06-18,17.128
2020-06-19,12.2211
2020-06-20,8.5792
2020-06-21,6.0181
2020-06-22,4.2245
2020-06-23,3.3556
2020-06-24,2.3266
2020-06-25,1.6169
2020-06-26,1.1887
2020-06-27,0.8479
2020-06-28,0.6127
2020-06-29,0.4486
2020-06-30,0.334
2020-07-01,0.2944
2020-07-02,0.2449
2020-07-03,0.162
2020-07-04,0.1326
2020-07-05,0.1105
2020-07-06,0.0996
2020-07-07,0.0928
2020-07-08,0.0844
2020-07-09,0.0742
2020-07-10,0.505
2020-07-11,0.4043
2020-07-12,0.2971
2020-07-13,1.4971
2020-07-14,1.0777
2020-07-15,0.7752
2020-07-16,0.5609
2020-07-17,0.4209
2020-07-18,0.324
2020-07-19,0.2546
2020-07-20,0.6995
2020-07-21,2.3074
2020-07-22,2.6186
2020-07-23,2.7346
2020-07-24,2.8663
2020-07-25,2.615
2020-07-26,2.1817
2020-07-27,1.7427
2020-07-28,1.2521
2020-07-29,1.4879
2020-07-30,1.7489
2020-07-31,3.4971
2020-08-01,4.4874
2020-08-02,3.1573
2020-08-03,3.4056
2020-08-04,2.399
2020-08-05,1.672
2020-08-06,3.2384
2020-08-07,2.2795
2020-08-08,1.6045
2020-08-09,1.1325
2020-08-10,0.8007
2020-08-11,0.5658
2020-08-12,0.4154
2020-08-13,1.888
2020-08-14,5.8636
2020-08-15,7.8621
2020-08-16,5.9985
2020-08-17,4.2185
2020-08-18,2.9381
2020-08-19,2.0726
2020-08-20,1.4459
2020-08-21,1.3338
2020-08-22,1.0541
2020-08-23,0.7454
2020-08-24,0.5274
2020-08-25,0.4013
2020-08-26,0.2673
2020-08-27,0.1816
2020-08-28,0.1526
2020-08-29,0.534
2020-08-30,0.2789
2020-08-31,9.8287
2020-09-01,8.0571
2020-09-02,5.6561
2020-09-03,3.9725
2020-09-04,2.7964
2020-09-05,1.9632
2020-09-06,1.3804
2020-09-07,0.9748
2020-09-08,0.6502
2020-09-09,0.4419
2020-09-10,1.9171
2020-09-11,1.3434
2020-09-12,0.9455
2020-09-13,0.6703
2020-09-14,0.4817
2020-09-15,0.4246
2020-09-16,0.2671
2020-09-17,0.1341
2020-09-18,0.157
2020-09-19,0.1203
2020-09-20,0.0941
2020-09-21,0.0691
2020-09-22,0.0536
2020-09-23,0.0431
2020-09-24,1.00E-04
2020-09-25,7.0906
2020-09-26,5.0578
2020-09-27,3.5377
2020-09-28,3.1803
2020-09-29,7.6779
2020-09-30,6.0033
2020-10-01,4.1531
2020-10-02,2.9839
2020-10-03,2.0913
2020-10-04,1.4518
2020-10-05,1.0242
2020-10-06,0.7289
2020-10-07,0.5209
2020-10-08,0.3745
2020-10-09,0.2454
2020-10-10,2.1709
2020-10-11,6.6282
2020-10-12,5.2154
2020-10-13,3.7818
2020-10-14,2.641
2020-10-15,1.867
2020-10-16,1.3244
2020-10-17,0.9296
2020-10-18,0.6553
2020-10-19,0.4624
2020-10-20,0.3292
2020-10-21,0.2456
2020-10-22,0.1763
2020-10-23,0.1225
2020-10-24,0.0286
2020-10-25,3.9797
2020-10-26,2.8226
2020-10-27,1.9758
2020-10-28,1.3831
2020-10-29,10.344
2020-10-30,7.5285
2020-10-31,5.2379
2020-11-01,6.2116
2020-11-02,4.3702
2020-11-03,3.0651
2020-11-04,2.1464
2020-11-05,1.505
2020-11-06,1.0575
2020-11-07,0.7426
2020-11-08,0.5232
2020-11-09,0.3812
2020-11-10,0.2945
2020-11-11,7.9866
2020-11-12,16.2292
2020-11-13,11.605
2020-11-14,8.1605
2020-11-15,5.7486
2020-11-16,4.0539
2020-11-17,2.8655
2020-11-18,2.0289
2020-11-19,1.4381
2020-11-20,1.0191
2020-11-21,0.7204
2020-11-22,0.5111
2020-11-23,0.5092
2020-11-24,0.3603
2020-11-25,0.2518
2020-11-26,0.1846
2020-11-27,0.1377
2020-11-28,0.1035
2020-11-29,1.00E-04
2020-11-30,6.9375
2020-12-01,4.8908
2020-12-02,3.4307
2020-12-03,2.3872
2020-12-04,3.0798
2020-12-05,6.8903
2020-12-06,4.8369
2020-12-07,3.5919
2020-12-08,2.5716
2020-12-09,1.8082
2020-12-10,1.2761
2020-12-11,0.9597
2020-12-12,0.7928
2020-12-13,0.4822
2020-12-14,6.1586
2020-12-15,4.3133
2020-12-16,5.2653
2020-12-17,5.2021
2020-12-18,3.6497
2020-12-19,2.559
2020-12-20,1.7961
2020-12-21,1.268
2020-12-22,0.9774
2020-12-23,0.6573
2020-12-24,2.3883
2020-12-25,2.9275
2020-12-26,2.0582
2020-12-27,1.4379
2020-12-28,1.0112
2020-12-29,0.7141
2020-12-30,0.4973
2020-12-31,0.3849
2021-01-01,2.553
2021-01-02,2.6046
2021-01-03,2.6395
2021-01-04,1.865
2021-01-05,1.3116
2021-01-06,0.9433
2021-01-07,0.6539
2021-01-08,0.8431
2021-01-09,0.6049
2021-01-10,0.4182
2021-01-11,0.3878
2021-01-12,0.2767
2021-01-13,0.1994
2021-01-14,0.1328
2021-01-15,0.8073
2021-01-16,0.6719
2021-01-17,0.4712
2021-01-18,0.3348
2021-01-19,0.2358
2021-01-20,0.1649
2021-01-21,0.1223
2021-01-22,0.0977
2021-01-23,0.0825
2021-01-24,0.0321
2021-01-25,3.0161
2021-01-26,8.3445
2021-01-27,5.8748
2021-01-28,4.5177
2021-01-29,3.1995
2021-01-30,2.2592
2021-01-31,1.6406
2021-02-01,2.7908
2021-02-02,1.9668
2021-02-03,1.3548
2021-02-04,0.9627
2021-02-05,0.8122
2021-02-06,0.5716
2021-02-07,1.517
2021-02-08,1.0662
2021-02-09,0.7444
2021-02-10,0.512
2021-02-11,1.9901
2021-02-12,1.637
2021-02-13,3.0124
2021-02-14,4.8311
2021-02-15,3.9196
2021-02-16,5.2253
2021-02-17,3.6409
2021-02-18,2.5717
2021-02-19,5.7644
2021-02-20,4.0561
2021-02-21,2.8257
2021-02-22,3.2177
2021-02-23,2.335
2021-02-24,1.7404
2021-02-25,1.4273
2021-02-26,1.3112
2021-02-27,3.4919
2021-02-28,4.9108
2021-03-01,4.9538
2021-03-02,3.4929
2021-03-03,2.4914
2021-03-04,1.887
2021-03-05,1.3275
2021-03-06,0.9581
2021-03-07,0.6918
2021-03-08,0.5143
2021-03-09,0.5282
2021-03-10,0.6023
2021-03-11,0.7247
2021-03-12,0.9227
2021-03-13,0.9703
2021-03-14,0.9345
2021-03-15,0.8297
2021-03-16,0.891
2021-03-17,0.7954
2021-03-18,3.2518
2021-03-19,6.357
2021-03-20,4.4847
2021-03-21,3.227
2021-03-22,2.3861
2021-03-23,2.3578
2021-03-24,2.5049
2021-03-25,3.0552
2021-03-26,4.3206
2021-03-27,4.978
2021-03-28,6.2437
2021-03-29,4.5646
2021-03-30,3.3908
2021-03-31,5.5383
2021-04-01,4.1927
2021-04-02,2.9414
2021-04-03,2.1203
2021-04-04,1.8062
2021-04-05,1.6386
2021-04-06,1.5534
2021-04-07,1.569
2021-04-08,1.5934
2021-04-09,1.8798
2021-04-10,3.1726
2021-04-11,5.1891
2021-04-12,4.0113
2021-04-13,3.3255
2021-04-14,2.8109
2021-04-15,3.3664
2021-04-16,2.6683
2021-04-17,2.123
2021-04-18,1.7649
2021-04-19,3.1158
2021-04-20,2.5408
2021-04-21,2.0651
2021-04-22,1.5742
2021-04-23,1.2313
2021-04-24,3.6108
2021-04-25,3.5588
2021-04-26,2.8838
2021-04-27,2.5286
2021-04-28,2.5061
2021-04-29,2.595
2021-04-30,2.3993
2021-05-01,2.0463
2021-05-02,1.9229
2021-05-03,2.7134
2021-05-04,2.9485
2021-05-05,2.9381
2021-05-06,2.453
2021-05-07,2.0716
2021-05-08,1.7923
2021-05-09,1.6195
2021-05-10,1.7731
2021-05-11,1.6685
2021-05-12,1.5379
2021-05-13,1.3725
2021-05-14,1.2913
2021-05-15,1.2646
2021-05-16,1.3644
2021-05-17,1.2898
2021-05-18,0.9086
2021-05-19,0.643
2021-05-20,0.4568
2021-05-21,0.3164
2021-05-22,0.2223
2021-05-23,0.1622
2021-05-24,0.1145
2021-05-25,0.0822
2021-05-26,0.0679
2021-05-27,0.0288
2021-05-28,1.00E-04
2021-05-29,1.00E-04
2021-05-30,0.0235
2021-05-31,0.0195
2021-06-01,0.0198
2021-06-02,1.00E-04
2021-06-03,1.00E-04
2021-06-04,0.0233
2021-06-05,0.0209
2021-06-06,0.0079
2021-06-07,1.00E-04
2021-06-08,1.00E-04
2021-06-09,1.00E-04
2021-06-10,1.00E-04
2021-06-11,1.00E-04
2021-06-12,0.0943
2021-06-13,0.3443
2021-06-14,0.5699
2021-06-15,0.6239
2021-06-16,0.4508
2021-06-17,0.3202
2021-06-18,0.2308
2021-06-19,0.1653
2021-06-20,0.1212
2021-06-21,0.175
2021-06-22,2.3951
2021-06-23,1.6978
2021-06-24,1.1932
2021-06-25,0.8415
2021-06-26,0.5754
2021-06-27,3.1082
2021-06-28,2.2175
2021-06-29,1.5705
2021-06-30,1.0888
2021-07-01,3.3467
2021-07-02,4.3459
2021-07-03,3.0558
2021-07-04,2.1466
2021-07-05,1.5106
2021-07-06,1.0634
2021-07-07,0.7356
2021-07-08,0.8033
2021-07-09,0.5809
2021-07-10,0.793
2021-07-11,0.5491
2021-07-12,0.3784
2021-07-13,0.2783
2021-07-14,1.1894
2021-07-15,0.9304
2021-07-16,0.6447
2021-07-17,1.7865
2021-07-18,1.2938
2021-07-19,0.9356
2021-07-20,0.6642
2021-07-21,0.4808
2021-07-22,0.344
2021-07-23,0.2479
2021-07-24,0.1523
2021-07-25,1.338
2021-07-26,7.5838
2021-07-27,5.5693
2021-07-28,3.9081
2021-07-29,2.7468
2021-07-30,1.9371
2021-07-31,1.3512
2021-08-01,1.0862
2021-08-02,0.7698
2021-08-03,0.5496
2021-08-04,0.3968
2021-08-05,0.2868
2021-08-06,0.2077
2021-08-07,0.1575
2021-08-08,0.1298
2021-08-09,0.0973
2021-08-10,0.2786
2021-08-11,0.5358
2021-08-12,1.7769
2021-08-13,1.6917
2021-08-14,1.1626
2021-08-15,1.2842
2021-08-16,12.1676
2021-08-17,10.381
2021-08-18,9.2778
2021-08-19,8.1011
2021-08-20,8.137
2021-08-21,5.7096
2021-08-22,4.0442
2021-08-23,2.8425
2021-08-24,1.9803
2021-08-25,1.3974
2021-08-26,0.983
2021-08-27,0.7209
2021-08-28,0.515
2021-08-29,0.3618
2021-08-30,1.0412
2021-08-31,0.6531
2021-09-01,7.3002
2021-09-02,5.1578
2021-09-03,3.6211
2021-09-04,2.5409
2021-09-05,1.8237
2021-09-06,1.4279
2021-09-07,0.9855
2021-09-08,0.6648
2021-09-09,0.4631
2021-09-10,0.3646
2021-09-11,0.2625
2021-09-12,0.195
2021-09-13,0.1466
2021-09-14,0.1118
2021-09-15,0.0863
2021-09-16,0.0683
2021-09-17,0.7713
2021-09-18,0.5523
2021-09-19,0.3948
2021-09-20,0.2904
2021-09-21,3.5988
2021-09-22,20.6708
2021-09-23,15.0167
2021-09-24,10.53
2021-09-25,7.3825
2021-09-26,5.1791
2021-09-27,3.6293
2021-09-28,2.5501
2021-09-29,1.7929
2021-09-30,1.2656
2021-10-01,0.8905
2021-10-02,0.6256
2021-10-03,0.4277
2021-10-04,1.5098
2021-10-05,1.0482
2021-10-06,2.3712
2021-10-07,2.1956
2021-10-08,1.5841
2021-10-09,1.3125
2021-10-10,0.925
2021-10-11,0.6786
2021-10-12,0.4893
2021-10-13,0.3339
2021-10-14,0.243
2021-10-15,0.1719
2021-10-16,0.3706
2021-10-17,0.2728
2021-10-18,0.1986
2021-10-19,0.1452
2021-10-20,0.1077
2021-10-21,0.109
2021-10-22,0.5237
2021-10-23,0.3748
2021-10-24,0.2624
2021-10-25,1.7252
2021-10-26,1.2467
2021-10-27,0.8613
2021-10-28,0.5912
2021-10-29,5.9149
2021-10-30,4.8816
2021-10-31,3.4376
2021-11-01,2.4005
2021-11-02,2.5529
2021-11-03,1.7983
2021-11-04,1.2645
2021-11-05,0.8948
2021-11-06,0.6329
2021-11-07,0.4534
2021-11-08,0.332
2021-11-09,0.2466
2021-11-10,0.1718
2021-11-11,0.0468
2021-11-12,3.8737
2021-11-13,2.7338
2021-11-14,1.9181
2021-11-15,1.3578
2021-11-16,0.9526
2021-11-17,0.6672
2021-11-18,0.4829
2021-11-19,0.3534
2021-11-20,0.2458
2021-11-21,0.1487
2021-11-22,0.119
2021-11-23,0.1064
2021-11-24,0.0797
2021-11-25,0.0593
2021-11-26,0.0567
2021-11-27,0.0456
2021-11-28,0.0418
2021-11-29,0.039
2021-11-30,0.031
2021-12-01,0.0274
2021-12-02,0.0317
2021-12-03,0.0253
2021-12-04,0.0289
2021-12-05,0.0426
2021-12-06,0.043
2021-12-07,0.0278
2021-12-08,0.0272
2021-12-09,0.0197
2021-12-10,1.0116
2021-12-11,0.8115
2021-12-12,0.6249
2021-12-13,0.4471
2021-12-14,0.3203
2021-12-15,0.2315
2021-12-16,0.1647
2021-12-17,0.1187
2021-12-18,0.5191
2021-12-19,0.3665
2021-12-20,0.2702
2021-12-21,0.2319
2021-12-22,0.1354
2021-12-23,0.0821
2021-12-24,0.0728
2021-12-25,0.0645
2021-12-26,0.054
2021-12-27,0.0423
2021-12-28,0.0279
2021-12-29,0.5444
2021-12-30,1.0629
2021-12-31,0.8318
2022-01-01,1.1463
2022-01-02,4.2709
2022-01-03,5.8521
2022-01-04,4.4504
2022-01-05,3.592
2022-01-06,2.5623
2022-01-07,1.8577
2022-01-08,1.2944
2022-01-09,1.7063
2022-01-10,1.2561
2022-01-11,0.8795
2022-01-12,0.6165
2022-01-13,0.4317
2022-01-14,0.317
2022-01-15,0.2028
2022-01-16,0.0959
2022-01-17,0.1138
2022-01-18,1.9098
2022-01-19,2.3798
2022-01-20,2.009
2022-01-21,1.459
2022-01-22,1.0246
2022-01-23,0.716
2022-01-24,0.5059
2022-01-25,0.3583
2022-01-26,0.2613
2022-01-27,0.1787
2022-01-28,0.2487
2022-01-29,0.1994
2022-01-30,0.1445
2022-01-31,0.2473
2022-02-01,0.1753
2022-02-02,0.0655
2022-02-03,4.5299
2022-02-04,5.2325
2022-02-05,3.7148
2022-02-06,2.6056
2022-02-07,2.2017
2022-02-08,1.5535
2022-02-09,1.088
2022-02-10,0.7722
2022-02-11,0.5952
2022-02-12,0.5302
2022-02-13,0.8162
2022-02-14,0.5834
2022-02-15,0.4103
2022-02-16,0.2816
2022-02-17,0.4901
2022-02-18,2.3814
2022-02-19,1.6594
2022-02-20,1.2156
2022-02-21,0.8637
2022-02-22,2.4544
2022-02-23,3.0252
2022-02-24,6.2737
2022-02-25,4.9737
2022-02-26,3.5578
2022-02-27,2.6563
2022-02-28,1.9587
2022-03-01,1.464
2022-03-02,1.3315
2022-03-03,1.2862
2022-03-04,0.9633
2022-03-05,0.8983
2022-03-06,1.0965
2022-03-07,1.6664
2022-03-08,1.4203
2022-03-09,4.4783
2022-03-10,3.1438
2022-03-11,2.173
2022-03-12,3.3878
2022-03-13,2.4087
2022-03-14,1.6899
2022-03-15,1.1774
2022-03-16,1.0757
2022-03-17,1.4673
2022-03-18,1.0292
2022-03-19,0.7299
2022-03-20,0.5165
2022-03-21,0.418
2022-03-22,0.2688
2022-03-23,2.9587
2022-03-24,4.9528
2022-03-25,3.5634
2022-03-26,2.5049
2022-03-27,1.7592
2022-03-28,1.2365
2022-03-29,0.8651
2022-03-30,0.5896
2022-03-31,1.2586
2022-04-01,0.9202
2022-04-02,0.6467
2022-04-03,0.4584
2022-04-04,0.3078
2022-04-05,1.1757
2022-04-06,3.4519
2022-04-07,3.8908
2022-04-08,2.8335
2022-04-09,2.1774
2022-04-10,1.5267
2022-04-11,1.0476
2022-04-12,0.713
2022-04-13,0.5245
2022-04-14,0.386
2022-04-15,0.2674
2022-04-16,0.192
2022-04-17,0.0806
2022-04-18,4.3435
2022-04-19,3.1181
2022-04-20,2.1799
2022-04-21,1.5248
2022-04-22,1.0723
2022-04-23,0.7528
2022-04-24,0.5359
2022-04-25,0.3693
2022-04-26,0.3977
2022-04-27,0.2915
2022-04-28,0.2089
2022-04-29,0.1283
2022-04-30,0.9955
2022-05-01,0.718
2022-05-02,0.5093
2022-05-03,0.7882