"","mdate","P_mm","MaxTemp_C","MinTemp_C"
"1",2013-01-01,0,11.1,-2.1
"2",2013-01-02,0.5,11.1,2.2
"3",2013-01-03,0,7.2,1.1
"4",2013-01-04,0,7.2,-1.7
"5",2013-01-05,0,10,-1.1
"6",2013-01-06,0,10,-1
"7",2013-01-07,0,10,-0.6
"8",2013-01-08,0,12.2,-5
"9",2013-01-09,0,16.1,-4.3
"10",2013-01-10,0,16.1,-1
"11",2013-01-11,0,15,3.9
"12",2013-01-12,1.3,22.8,5
"13",2013-01-13,0,22.8,5
"14",2013-01-14,0.5,21.7,11.1
"15",2013-01-15,28.4,11.1,4
"16",2013-01-16,39.1,7.8,3
"17",2013-01-17,7.1,9.4,0.6
"18",2013-01-18,33.5,8.9,-1.1
"19",2013-01-19,0,10,-4.4
"20",2013-01-20,0,13.3,-4.3
"21",2013-01-21,0,13.3,-0.6
"22",2013-01-22,0,10.6,-7.2
"23",2013-01-23,0,1.1,-8.3
"24",2013-01-24,0,2.8,-7.8
"25",2013-01-25,0,2.8,-7.8
"26",2013-01-26,2.8,5,-7.8
"27",2013-01-27,0,5,-6.7
"28",2013-01-28,2.5,13.9,-6.6
"29",2013-01-29,0.8,23.3,0
"30",2013-01-30,23.9,23.3,12.2
"31",2013-01-31,67.3,20.6,1.1
"32",2013-02-01,0,3.9,-6
"33",2013-02-02,0,4.4,-8.9
"34",2013-02-03,0.8,5,-8.3
"35",2013-02-04,0,5,-3.9
"36",2013-02-05,0,11.7,-3.9
"37",2013-02-06,0,12.8,0
"38",2013-02-07,0,12.8,-0.6
"39",2013-02-08,11.9,10.6,-0.5
"40",2013-02-09,5.1,10.6,-0.6
"41",2013-02-10,0,10,-5
"42",2013-02-11,1.3,17.2,-4.9
"43",2013-02-12,0.5,17.2,3.3
"44",2013-02-13,0,11.7,6
"45",2013-02-14,3.8,12.2,-0.6
"46",2013-02-15,0,15.6,-1.1
"47",2013-02-16,0.5,6.1,-0.6
"48",2013-02-17,0,3.3,-7.2
"49",2013-02-18,0,12.2,-6.7
"50",2013-02-19,0,12.2,3
"51",2013-02-20,1,8.3,-1.1
"52",2013-02-21,0,11.7,-3.9
"53",2013-02-22,1.3,11.7,-3.8
"54",2013-02-23,0,12.2,-0.5
"55",2013-02-24,0,13.3,1.1
"56",2013-02-25,0,13.3,-1.1
"57",2013-02-26,0,5.6,-1
"58",2013-02-27,32.3,10.6,0
"59",2013-02-28,0,10.6,2.2
"60",2013-03-01,0,6.1,2.8
"61",2013-03-02,0,5,0
"62",2013-03-03,0,2.8,-2.2
"63",2013-03-04,0,10,-3.3
"64",2013-03-05,0,10,-3.2
"65",2013-03-06,23.6,9.4,0.6
"66",2013-03-07,4.6,6.7,0.6
"67",2013-03-08,0,11.1,2.2
"68",2013-03-09,0,16.1,-2.8
"69",2013-03-10,0,18.3,-2.7
"70",2013-03-11,0,18.3,-0.5
"71",2013-03-12,12.7,14.4,6.7
"72",2013-03-13,11.9,13.3,1.7
"73",2013-03-14,0,8.9,-1.7
"74",2013-03-15,0,18.3,-1.6
"75",2013-03-16,1,25,0.6
"76",2013-03-17,1.5,17.8,3
"77",2013-03-18,16.5,3.3,0.6
"78",2013-03-19,3.3,15.6,0.6
"79",2013-03-20,0,15.6,0.6
"80",2013-03-21,0,12.8,-2.2
"81",2013-03-22,0,10,-5.6
"82",2013-03-23,0,14.4,-5.5
"83",2013-03-24,0,14.4,-1
"84",2013-03-25,22.1,5,-1
"85",2013-03-26,1,7.2,-0.5
"86",2013-03-27,0,7.2,1.1
"87",2013-03-28,0,11.1,1.1
"88",2013-03-29,0,15.6,-0.6
"89",2013-03-30,0,18.3,-0.5
"90",2013-03-31,3.8,18.3,0.6
"91",2013-04-01,2.8,16.1,6.7
"92",2013-04-02,0,16.1,1.7
"93",2013-04-03,0,13.3,0
"94",2013-04-04,0,13.3,0
"95",2013-04-05,17.8,18.3,0.6
"96",2013-04-06,1.8,18.3,1.1
"97",2013-04-07,0,22.8,1.1
"98",2013-04-08,0,26.7,5
"99",2013-04-09,0,30.6,9.4
"100",2013-04-10,0,32.2,13.9
"101",2013-04-11,0,32.2,18.3
"102",2013-04-12,29.7,29.4,15.6
"103",2013-04-13,1,24.4,11.7
"104",2013-04-14,0,26.1,8.9
"105",2013-04-15,5.8,26.1,8.9
"106",2013-04-16,0.8,24.4,11.7
"107",2013-04-17,0,26.7,13.3
"108",2013-04-18,0,26.7,15.6
"109",2013-04-19,0,25,15.6
"110",2013-04-20,10.9,21.7,5.6
"111",2013-04-21,0,16.1,1.1
"112",2013-04-22,0,16.1,1.1
"113",2013-04-23,0,20.6,1.7
"114",2013-04-24,0,25.6,8.3
"115",2013-04-25,0.8,25.6,3.9
"116",2013-04-26,0,20,3.3
"117",2013-04-27,0,20,3.3
"118",2013-04-28,2.5,19.4,9.4
"119",2013-04-29,5.3,20,10.6
"120",2013-04-30,0.5,20.6,10.6
"121",2013-05-01,0.3,20.6,13
"122",2013-05-02,0.3,22.2,12.8
"123",2013-05-03,0,21.1,10
"124",2013-05-04,0,19.4,8.3
"125",2013-05-05,0,17.8,7.2
"126",2013-05-06,3.8,15,7.2
"127",2013-05-07,36.6,16.7,12.2
"128",2013-05-08,11.7,16.7,10
"129",2013-05-09,8.9,26.7,8.9
"130",2013-05-10,0,27.2,8.9
"131",2013-05-11,7.6,27.2,12.8
"132",2013-05-12,2.5,24.4,11.1
"133",2013-05-13,0,16.7,4.4
"134",2013-05-14,0,21.1,1.7
"135",2013-05-15,0,32.8,11.1
"136",2013-05-16,0,28.9,20.6
"137",2013-05-17,0.5,28.9,17.2
"138",2013-05-18,23.9,27.2,16.7
"139",2013-05-19,7.1,21.1,16.7
"140",2013-05-20,1.8,26.1,17.2
"141",2013-05-21,10.4,31.7,17.8
"142",2013-05-22,0,31.7,17.2
"143",2013-05-23,7.9,28.9,17.2
"144",2013-05-24,1.5,19,12
"145",2013-05-25,0,21.1,6.7
"146",2013-05-26,0,23.3,6.7
"147",2013-05-27,0,23.9,8.9
"148",2013-05-28,0,30.6,8.9
"149",2013-05-29,0,31.7,13.3
"150",2013-05-30,0,31.7,16.7
"151",2013-05-31,0,31.1,16.7
"152",2013-06-01,0,31.1,16.7
"153",2013-06-02,0,31.1,17.2
"154",2013-06-03,20.3,26.1,19
"155",2013-06-04,0.3,27.8,13.9
"156",2013-06-05,0,26.7,13.9
"157",2013-06-06,24.6,21.1,16
"158",2013-06-07,22.1,23.9,16.1
"159",2013-06-08,4.1,28.9,16.7
"160",2013-06-09,2.5,29.4,16.7
"161",2013-06-10,11.7,29.4,18.3
"162",2013-06-11,7.6,27.8,18.3
"163",2013-06-12,3.6,32.8,18.3
"164",2013-06-13,0,32,19
"165",2013-06-14,9.7,32.2,17.2
"166",2013-06-15,0,28.9,13.9
"167",2013-06-16,0,30,13.9
"168",2013-06-17,1.5,30,16.7
"169",2013-06-18,0.3,30,19.4
"170",2013-06-19,13.2,26.7,15
"171",2013-06-20,15.7,26.7,15
"172",2013-06-21,0,27.8,16.7
"173",2013-06-22,0,29.4,15.6
"174",2013-06-23,0,31.1,15.6
"175",2013-06-24,0,31.1,20
"176",2013-06-25,4.3,31.7,20
"177",2013-06-26,0,32.2,18.9
"178",2013-06-27,20.6,32.2,18.9
"179",2013-06-28,0,32.2,19.4
"180",2013-06-29,0,32.2,19.4
"181",2013-06-30,4.6,28.9,19.4
"182",2013-07-01,2.5,28.9,19.4
"183",2013-07-02,0.3,27.8,20.6
"184",2013-07-03,71.6,25.6,20.6
"185",2013-07-04,69.1,29.4,21.1
"186",2013-07-05,15.5,29.4,21.7
"187",2013-07-06,0.3,30,20.6
"188",2013-07-07,0.5,30,20.6
"189",2013-07-08,6.6,29.4,19.4
"190",2013-07-09,0,31.1,19.4
"191",2013-07-10,0,32.2,21.7
"192",2013-07-11,98.6,32.2,21.7
"193",2013-07-12,3.6,30.6,20
"194",2013-07-13,0.5,26.1,20
"195",2013-07-14,9.1,28.9,20
"196",2013-07-15,0.3,32.2,21.7
"197",2013-07-16,0,34.4,21.7
"198",2013-07-17,29.2,34.4,21.7
"199",2013-07-18,0,33.9,22.2
"200",2013-07-19,0,33.9,22.2
"201",2013-07-20,0,33.3,22.8
"202",2013-07-21,0,32.8,21.7
"203",2013-07-22,0,31.7,21.7
"204",2013-07-23,4.3,31.7,22.2
"205",2013-07-24,0.3,31.7,21.7
"206",2013-07-25,0,31.1,20
"207",2013-07-26,0,28.3,16.7
"208",2013-07-27,4.1,28.3,16.7
"209",2013-07-28,6.9,29.4,20
"210",2013-07-29,0,29.4,15
"211",2013-07-30,0,28.9,13.3
"212",2013-07-31,0,28.9,13.3
"213",2013-08-01,6.3,29.4,18.9
"214",2013-08-02,2.8,29.4,17.8
"215",2013-08-03,0,30.6,17.8
"216",2013-08-04,0,30.6,17.8
"217",2013-08-05,0,29.4,16.1
"218",2013-08-06,0,28.9,16.1
"219",2013-08-07,0,28.9,20
"220",2013-08-08,1,28.9,21.1
"221",2013-08-09,6.6,31.1,21.1
"222",2013-08-10,0,32.8,21.1
"223",2013-08-11,0,32.8,22.2
"224",2013-08-12,11.9,32.2,20.6
"225",2013-08-13,0.5,32.2,20.6
"226",2013-08-14,0.8,28.3,17.8
"227",2013-08-15,0,25.6,11.1
"228",2013-08-16,0,25,11.1
"229",2013-08-17,0,24.4,11.7
"230",2013-08-18,18.5,22.2,13.3
"231",2013-08-19,2.5,25,16.7
"232",2013-08-20,1.8,28.3,17.8
"233",2013-08-21,0,28.3,18.9
"234",2013-08-22,5.1,30.6,18.3
"235",2013-08-23,0,30.6,18.3
"236",2013-08-24,0,29.4,14.4
"237",2013-08-25,0,28.9,13.9
"238",2013-08-26,0,28.9,13.9
"239",2013-08-27,0,30.6,13.9
"240",2013-08-28,0,30.6,18.3
"241",2013-08-29,2.3,31.1,21.7
"242",2013-08-30,4.8,31.1,20
"243",2013-08-31,0,31.1,20
"244",2013-09-01,7.9,31.1,18.3
"245",2013-09-02,0,31.1,18.3
"246",2013-09-03,0,31.1,20
"247",2013-09-04,0,31.1,13.3
"248",2013-09-05,0,30.6,13.3
"249",2013-09-06,0,30.6,15.6
"250",2013-09-07,0,27.8,12.2
"251",2013-09-08,0,31.1,12.2
"252",2013-09-09,0,31.1,15.6
"253",2013-09-10,0,31.7,17.8
"254",2013-09-11,0,32.2,18.3
"255",2013-09-12,0,32.8,19.4
"256",2013-09-13,0,32.8,19.4
"257",2013-09-14,0,26.7,9.4
"258",2013-09-15,0,25,8.9
"259",2013-09-16,0,25,8.9
"260",2013-09-17,0,23.9,9.4
"261",2013-09-18,0,22.2,8.9
"262",2013-09-19,0,23.3,8.9
"263",2013-09-20,0.8,23.3,16.1
"264",2013-09-21,15.5,20,16.7
"265",2013-09-22,11.9,23.9,10.6
"266",2013-09-23,0,21.1,12
"267",2013-09-24,0,24.4,12.2
"268",2013-09-25,0,24.4,12.8
"269",2013-09-26,0.5,24.4,12.8
"270",2013-09-27,0,24.4,9.4
"271",2013-09-28,0.3,23.3,9.4
"272",2013-09-29,0,23.3,8.9
"273",2013-09-30,0,25.6,8.9
"274",2013-10-01,0,27.2,11.7
"275",2013-10-02,0,28.3,13.3
"276",2013-10-03,0,28.3,13.3
"277",2013-10-04,0,30,13.9
"278",2013-10-05,0,30,15
"279",2013-10-06,0,30,15
"280",2013-10-07,42.9,28.9,15
"281",2013-10-08,8.1,21.7,8.3
"282",2013-10-09,0,20.6,8.3
"283",2013-10-10,3,19.4,8.3
"284",2013-10-11,2.8,23.3,10.6
"285",2013-10-12,0,23.3,15
"286",2013-10-13,2,20,15
"287",2013-10-14,5.3,19.4,14
"288",2013-10-15,4.6,20.6,10.6
"289",2013-10-16,0,21.7,10.6
"290",2013-10-17,0,21.7,10.6
"291",2013-10-18,1.3,19.4,8.9
"292",2013-10-19,0,19.4,8.3
"293",2013-10-20,0,17.2,3.9
"294",2013-10-21,0,18.9,2.2
"295",2013-10-22,0,18.9,2.2
"296",2013-10-23,0,18.3,6.7
"297",2013-10-24,0,15,3.3
"298",2013-10-25,0,10,0.6
"299",2013-10-26,0,15,-2.8
"300",2013-10-27,0,18.9,7.2
"301",2013-10-28,0,18.9,3.3
"302",2013-10-29,0,20.6,3.3
"303",2013-10-30,0,22.2,10.6
"304",2013-10-31,1.8,22.2,11.7
"305",2013-11-01,0.5,25,13.3
"306",2013-11-02,0.8,25,10.6
"307",2013-11-03,0,18.3,7.8
"308",2013-11-04,0,14.4,-1.7
"309",2013-11-05,0,11.1,-1.7
"310",2013-11-06,0,20,1.1
"311",2013-11-07,0,20,6.7
"312",2013-11-08,0,15.6,3.3
"313",2013-11-09,0,13.9,-1.1
"314",2013-11-10,0,18.3,8.9
"315",2013-11-11,0,18.3,0
"316",2013-11-12,0,15.6,0
"317",2013-11-13,0,12.2,-3.3
"318",2013-11-14,0,15.6,-3.3
"319",2013-11-15,0,16.7,-3.3
"320",2013-11-16,10.2,12.2,8
"321",2013-11-17,0.3,15.6,7.8
"322",2013-11-18,4.8,17.8,11.1
"323",2013-11-19,2,17.8,2.8
"324",2013-11-20,0,10.6,0.6
"325",2013-11-21,0,10,0.6
"326",2013-11-22,0,18.9,3.9
"327",2013-11-23,0,18.9,5
"328",2013-11-24,0,5,-6.1
"329",2013-11-25,0,1.7,-7.2
"330",2013-11-26,3.3,3.3,-7.2
"331",2013-11-27,49.8,7.2,-1.7
"332",2013-11-28,0.5,7.2,-5.6
"333",2013-11-29,0,8.3,-5.6
"334",2013-11-30,0,8.3,-5
"335",2013-12-01,0,13.3,-6.1
"336",2013-12-02,0,13.3,-6.1
"337",2013-12-03,0,13.9,0
"338",2013-12-04,0,15.6,0.6
"339",2013-12-05,0,18.9,6.1
"340",2013-12-06,3.8,21.7,9.4
"341",2013-12-07,21.8,21.7,3.3
"342",2013-12-08,0.8,8.9,-2.2
"343",2013-12-09,13,11.1,-2.2
"344",2013-12-10,6.9,11.1,-0.6
"345",2013-12-11,1.5,8.9,-2.2
"346",2013-12-12,0,8.9,-3.3
"347",2013-12-13,0,8.9,-3.3
"348",2013-12-14,0.3,8.9,-2.8
"349",2013-12-15,8.1,7.2,1
"350",2013-12-16,0,8.9,0
"351",2013-12-17,0,13.9,-1.7
"352",2013-12-18,1.3,13.9,-1.7
"353",2013-12-19,0,18.9,0
"354",2013-12-20,0,18.9,1.7
"355",2013-12-21,0,21.1,5
"356",2013-12-22,0.5,19.4,14
"357",2013-12-23,26.9,20,5
"358",2013-12-24,0.3,5,-3.3
"359",2013-12-25,0,4.4,-9.4
"360",2013-12-26,0,8.9,-9.4
"361",2013-12-27,0,11.1,-7.2
"362",2013-12-28,0,14.4,-5
"363",2013-12-29,15,14.4,-2.8
"364",2013-12-30,11.2,11.7,2.8
"365",2013-12-31,0,7.8,-0.6
"366",2014-01-01,0,9.4,-3.3
"367",2014-01-02,0,9.4,-3.3
"368",2014-01-03,2.8,5,-9.4
"369",2014-01-04,0,2.8,-10.6
"370",2014-01-05,0,3,-2.8
"371",2014-01-06,4.1,7.8,-10.6
"372",2014-01-07,1.3,-6.7,-17.2
"373",2014-01-08,0,6.1,-17.2
"374",2014-01-09,0,9.4,-11.7
"375",2014-01-10,1.3,9.4,-4.4
"376",2014-01-11,16.8,11.1,0.6
"377",2014-01-12,13.7,12.2,3.3
"378",2014-01-13,0,12.2,-2.8
"379",2014-01-14,2,11.7,5.6
"380",2014-01-15,1.5,12.2,-1.7
"381",2014-01-16,0,8.9,-5.6
"382",2014-01-17,0,8.9,-5.6
"383",2014-01-18,0,8.9,-6.1
"384",2014-01-19,0,6.7,-6.1
"385",2014-01-20,0,15,3.3
"386",2014-01-21,0,15,-2.8
"387",2014-01-22,2.5,2.8,-11.1
"388",2014-01-23,0,-3.3,-11.1
"389",2014-01-24,0,-3.3,-15
"390",2014-01-25,0,1.7,-15
"391",2014-01-26,0,9.4,-8.9
"392",2014-01-27,0,12.2,-6.7
"393",2014-01-28,0,-2.2,-10.6
"394",2014-01-29,1.3,-3.9,-13.9
"395",2014-01-30,0,0,-14.4
"396",2014-01-31,0,13.3,-14.4
"397",2014-02-01,0,13.9,-7.2
"398",2014-02-02,0,17.8,-4.4
"399",2014-02-03,38.1,17.8,2.8
"400",2014-02-04,9.9,11.7,0.6
"401",2014-02-05,4.6,15,0
"402",2014-02-06,0.3,5,-2.2
"403",2014-02-07,0,5.6,-4.4
"404",2014-02-08,0,5.6,-4.4
"405",2014-02-09,0,7.8,-1.7
"406",2014-02-10,0,7.8,-1.1
"407",2014-02-11,0,3.3,-5.6
"408",2014-02-12,0,2.8,-7.2
"409",2014-02-13,33.8,4.4,-7.2
"410",2014-02-14,16.3,10.6,-6.1
"411",2014-02-15,1.3,10.6,-2.8
"412",2014-02-16,0.5,5.6,-6.7
"413",2014-02-17,0,5.6,-6.7
"414",2014-02-18,0,13.3,-6.1
"415",2014-02-19,0,18.9,-3.3
"416",2014-02-20,0,18.9,0
"417",2014-02-21,0,15.6,1.7
"418",2014-02-22,8.9,17.2,2.2
"419",2014-02-23,0,20,0
"420",2014-02-24,0,20,0
"421",2014-02-25,0,9.4,-1.1
"422",2014-02-26,0,6.7,-1.7
"423",2014-02-27,0,6.7,-6.7
"424",2014-02-28,0,6.7,-7.8
"425",2014-03-01,0,10.6,-7.8
"426",2014-03-02,0,19.4,-5.6
"427",2014-03-03,22.1,19.4,-5
"428",2014-03-04,5.8,0.6,-10
"429",2014-03-05,0,11.7,-10.6
"430",2014-03-06,0,11.7,-4.4
"431",2014-03-07,3,8.3,-2.8
"432",2014-03-08,0.8,19.4,-2.2
"433",2014-03-09,0,15,8.9
"434",2014-03-10,0,21.1,5
"435",2014-03-11,0,24.4,10.6
"436",2014-03-12,0,21.7,5
"437",2014-03-13,0.3,5,-4.4
"438",2014-03-14,0,17.2,-4.4
"439",2014-03-15,0,19.4,10.6
"440",2014-03-16,0,20,0
"441",2014-03-17,12.7,1.1,-3
"442",2014-03-18,0.3,4.4,-2.8
"443",2014-03-19,1,8,1
"444",2014-03-20,0.8,15.6,0.6
"445",2014-03-21,0,20.6,3.3
"446",2014-03-22,0,20.6,4.4
"447",2014-03-23,0,20.6,5.6
"448",2014-03-24,1,11.7,-5
"449",2014-03-25,0.8,10,-5
"450",2014-03-26,7.4,4.4,-3.3
"451",2014-03-27,0,13.3,-5
"452",2014-03-28,0,17.2,8.3
"453",2014-03-29,0.3,17.2,7.8
"454",2014-03-30,14.7,15,2.8
"455",2014-03-31,0.8,22.2,2.8
"456",2014-04-01,0,27,3.9
"457",2014-04-02,0,28.3,10.6
"458",2014-04-03,0,28.9,9.4
"459",2014-04-04,2.3,21.7,10
"460",2014-04-05,0.3,21.7,7.8
"461",2014-04-06,0,16.7,0.6
"462",2014-04-07,15.7,15,0.6
"463",2014-04-08,11.4,17.2,6.7
"464",2014-04-09,0,17.8,6.1
"465",2014-04-10,0,22.2,2.2
"466",2014-04-11,0,25.6,13.9
"467",2014-04-12,0,26.1,10
"468",2014-04-13,0,27.2,10
"469",2014-04-14,0,27.2,12.2
"470",2014-04-15,21.3,21.7,3.9
"471",2014-04-16,4.3,17.8,-2.2
"472",2014-04-17,0,13.9,-2.2
"473",2014-04-18,0,13.9,-1.1
"474",2014-04-19,0,17.8,3.3
"475",2014-04-20,0,20.6,6.1
"476",2014-04-21,0,23.9,3.3
"477",2014-04-22,0,23.3,14.4
"478",2014-04-23,0,23.9,8.9
"479",2014-04-24,0,20.6,4.4
"480",2014-04-25,0,20.6,4.4
"481",2014-04-26,6.1,27.2,8.3
"482",2014-04-27,0,30,9.4
"483",2014-04-28,0,30,9.4
"484",2014-04-29,32.5,17.2,8.3
"485",2014-04-30,11.7,18.9,8.3
"486",2014-05-01,0.5,23.9,10
"487",2014-05-02,0,23.9,8.3
"488",2014-05-03,0,22.2,8.3
"489",2014-05-04,0,27.2,9.4
"490",2014-05-05,0,27.2,11.1
"491",2014-05-06,1.5,23.3,10
"492",2014-05-07,0,25.6,10
"493",2014-05-08,0,31.7,14.4
"494",2014-05-09,0,31.7,14.4
"495",2014-05-10,2.3,21.7,18.3
"496",2014-05-11,1.8,28.3,13.3
"497",2014-05-12,0,32.8,13.3
"498",2014-05-13,3,32.8,15
"499",2014-05-14,0,31.7,16.1
"500",2014-05-15,0.3,27.2,16.7
"501",2014-05-16,47.2,20.6,9.4
"502",2014-05-17,0,19.4,6.7
"503",2014-05-18,0,20,6.7
"504",2014-05-19,0,21.1,6.1
"505",2014-05-20,0,26.7,6.1
"506",2014-05-21,0,28.9,18.3
"507",2014-05-22,0,29.4,18.3
"508",2014-05-23,0,29.4,16.7
"509",2014-05-24,0,27.8,11.1
"510",2014-05-25,0,26.7,11.1
"511",2014-05-26,0,31.1,11.1
"512",2014-05-27,0,31.1,14.4
"513",2014-05-28,0,31.7,19.4
"514",2014-05-29,0,31.7,17.8
"515",2014-05-30,4.3,26.7,17
"516",2014-05-31,0,27.8,16.1
"517",2014-06-01,0,27.8,15.6
"518",2014-06-02,0,28.3,11.7
"519",2014-06-03,0,28.3,11.7
"520",2014-06-04,0,29.4,17.8
"521",2014-06-05,18.8,29.4,19.4
"522",2014-06-06,1.3,28.9,12.2
"523",2014-06-07,0,28.9,12.2
"524",2014-06-08,0,27.8,15
"525",2014-06-09,6.3,30.6,17.8
"526",2014-06-10,0,32.2,17.8
"527",2014-06-11,2.5,30,18
"528",2014-06-12,16,30.6,18.3
"529",2014-06-13,9.4,29.4,16.7
"530",2014-06-14,0.3,29.4,16.1
"531",2014-06-15,0,28.3,12.2
"532",2014-06-16,0,31.7,12.2
"533",2014-06-17,0,33.9,18.9
"534",2014-06-18,0,34.4,19.4
"535",2014-06-19,0,34.4,21.7
"536",2014-06-20,0,31.1,21
"537",2014-06-21,14.7,33.3,20.6
"538",2014-06-22,0,30.6,18.9
"539",2014-06-23,7.6,27.2,18.9
"540",2014-06-24,0,29.4,18.9
"541",2014-06-25,0,30,19.4
"542",2014-06-26,0,31.7,20.6
"543",2014-06-27,0,31.7,19.4
"544",2014-06-28,0,30.6,19.4
"545",2014-06-29,0,27.8,17.2
"546",2014-06-30,1.8,29.4,17.2
"547",2014-07-01,0,34.4,17.2
"548",2014-07-02,0,35.6,20.6
"549",2014-07-03,0,35.6,20
"550",2014-07-04,17.3,30,18.3
"551",2014-07-05,0,27.2,11.7
"552",2014-07-06,0,30.6,11.7
"553",2014-07-07,0,32.8,12.8
"554",2014-07-08,0,34.4,17.8
"555",2014-07-09,1.8,34.4,21.1
"556",2014-07-10,9.4,28.9,20
"557",2014-07-11,5.8,28.9,18
"558",2014-07-12,1.3,31.1,18.3
"559",2014-07-13,0,32.2,18.3
"560",2014-07-14,0,33.9,20.6
"561",2014-07-15,4.1,33.9,21.1
"562",2014-07-16,6.6,28.9,15.6
"563",2014-07-17,0,26.7,12.2
"564",2014-07-18,0,26.7,12.2
"565",2014-07-19,0.8,25,15
"566",2014-07-20,0,25.6,18.3
"567",2014-07-21,1.5,26.7,18.3
"568",2014-07-22,1.3,30,20.6
"569",2014-07-23,0.3,33.3,20
"570",2014-07-24,0,33.3,20
"571",2014-07-25,32.8,26.7,17
"572",2014-07-26,17,32.2,17.2
"573",2014-07-27,5.1,32.2,20.6
"574",2014-07-28,0,28.9,21.1
"575",2014-07-29,0,26.7,15
"576",2014-07-30,0,26.7,12.8
"577",2014-07-31,0,27.8,12.8
"578",2014-08-01,3.6,27.8,14.4
"579",2014-08-02,9.7,22.8,16.7
"580",2014-08-03,0,28.3,16.7
"581",2014-08-04,0,28.3,14.4
"582",2014-08-05,0,29.4,14.4
"583",2014-08-06,1.8,31.1,16.1
"584",2014-08-07,0,31.1,16.7
"585",2014-08-08,0,28.3,19.4
"586",2014-08-09,37.3,23.3,17.8
"587",2014-08-10,12.7,20.6,17.8
"588",2014-08-11,7.4,21.1,18.3
"589",2014-08-12,20.8,26.7,18.9
"590",2014-08-13,7.6,26.7,16.7
"591",2014-08-14,0,26.7,14.4
"592",2014-08-15,0,28.3,14.4
"593",2014-08-16,0,28.9,12.8
"594",2014-08-17,0,29.4,12.8
"595",2014-08-18,0,29.4,18.3
"596",2014-08-19,16.5,26.1,20.6
"597",2014-08-20,0.8,30.6,17.2
"598",2014-08-21,0,31.1,17.2
"599",2014-08-22,0.8,31.1,19.4
"600",2014-08-23,2.8,28.3,20.6
"601",2014-08-24,43.7,22.8,18
"602",2014-08-25,0.5,25,14
"603",2014-08-26,0,26.7,12.8
"604",2014-08-27,0,29.4,12.8
"605",2014-08-28,0,31.1,21.7
"606",2014-08-29,0,31.7,17.8
"607",2014-08-30,0,30.6,17.8
"608",2014-08-31,0,32.2,20.6
"609",2014-09-01,0,32.2,20.6
"610",2014-09-02,0,33.3,21.7
"611",2014-09-03,12.7,33.3,20.6
"612",2014-09-04,0,28.9,20
"613",2014-09-05,0,30.6,20
"614",2014-09-06,0.3,30.6,20
"615",2014-09-07,2.5,30,18.3
"616",2014-09-08,0,23.9,17.8
"617",2014-09-09,0,25.6,17.2
"618",2014-09-10,0,25.6,17.2
"619",2014-09-11,0,30.6,17.2
"620",2014-09-12,0,30.6,17.2
"621",2014-09-13,9.7,22.8,16.7
"622",2014-09-14,0.5,22.2,14.4
"623",2014-09-15,0,23.3,13.3
"624",2014-09-16,0,25,13.3
"625",2014-09-17,0,25,13.9
"626",2014-09-18,0,25,12.8
"627",2014-09-19,0,25,12.8
"628",2014-09-20,3.3,25,14.4
"629",2014-09-21,0,28.9,12.2
"630",2014-09-22,2,28.9,12.2
"631",2014-09-23,0,22.8,8.3
"632",2014-09-24,0,20.6,8.3
"633",2014-09-25,0,24.4,11.7
"634",2014-09-26,0,24.4,15
"635",2014-09-27,0,25,12.2
"636",2014-09-28,0,25,10
"637",2014-09-29,0,23.9,10
"638",2014-09-30,0.3,28.3,13.9
"639",2014-10-01,0,28.3,12.2
"640",2014-10-02,0,28.3,12.2
"641",2014-10-03,0,28.3,15
"642",2014-10-04,6.6,25.6,9.4
"643",2014-10-05,0,18.9,3.3
"644",2014-10-06,0,22.8,3.3
"645",2014-10-07,6.9,22.8,5.6
"646",2014-10-08,15,24.4,11.7
"647",2014-10-09,2.8,26.1,8.3
"648",2014-10-10,0,26.1,8.3
"649",2014-10-11,8.1,17.8,11.7
"650",2014-10-12,3.3,16.1,11
"651",2014-10-13,17.3,16.7,11
"652",2014-10-14,7.6,25,11.7
"653",2014-10-15,21.8,25,14.4
"654",2014-10-16,0.3,23,10.6
"655",2014-10-17,0,23.3,10.6
"656",2014-10-18,0,23.3,11.7
"657",2014-10-19,0,17.2,7.8
"658",2014-10-20,0,20,3.9
"659",2014-10-21,0,20,3.9
"660",2014-10-22,0,18.9,8.9
"661",2014-10-23,0,17.2,8.3
"662",2014-10-24,0,21.1,5.6
"663",2014-10-25,0,23.3,5.6
"664",2014-10-26,0,23.3,5.6
"665",2014-10-27,0,26.1,4.4
"666",2014-10-28,0,28.3,4.4
"667",2014-10-29,0.3,28.3,8.9
"668",2014-10-30,0,18.9,3.9
"669",2014-10-31,0.3,16.1,1.1
"670",2014-11-01,11.4,12.2,1.1
"671",2014-11-02,0.5,9.4,2.2
"672",2014-11-03,0.3,18.9,2.2
"673",2014-11-04,0,22.2,2.8
"674",2014-11-05,0,22.2,9.4
"675",2014-11-06,1.3,20.6,10.6
"676",2014-11-07,0.3,11.1,5
"677",2014-11-08,0,11.7,-2.8
"678",2014-11-09,0,16.1,-2.8
"679",2014-11-10,0,17.8,0.6
"680",2014-11-11,0,20.6,0.6
"681",2014-11-12,0,20.6,1.1
"682",2014-11-13,0,8.3,4
"683",2014-11-14,0,8.9,-2.8
"684",2014-11-15,0.3,5,-7.2
"685",2014-11-16,0,8.3,-7.2
"686",2014-11-17,4.6,9.4,0.6
"687",2014-11-18,16.8,9.4,-6.1
"688",2014-11-19,0,5,-7.8
"689",2014-11-20,0,11.1,-7.8
"690",2014-11-21,0,11.1,-3.3
"691",2014-11-22,0,10.6,-7.2
"692",2014-11-23,0,10.6,-7.2
"693",2014-11-24,21.1,21.7,-2.2
"694",2014-11-25,0,21.7,8.3
"695",2014-11-26,24.1,15,0
"696",2014-11-27,13,7.2,0
"697",2014-11-28,0.3,6.7,-1.1
"698",2014-11-29,0,7.2,-3.9
"699",2014-11-30,0,18.9,-3.9
"700",2014-12-01,0,20,11.1
"701",2014-12-02,16.8,16.1,2
"702",2014-12-03,1.8,16.1,2.2
"703",2014-12-04,0.3,16.1,2.8
"704",2014-12-05,4.1,6,3
"705",2014-12-06,0.5,9.4,3.3
"706",2014-12-07,2.8,11.1,2.8
"707",2014-12-08,0,10,-2.2
"708",2014-12-09,1,10,-2.2
"709",2014-12-10,0.3,10,0
"710",2014-12-11,0,7.2,-1.7
"711",2014-12-12,0,11.1,-1.7
"712",2014-12-13,0,13.9,1.1
"713",2014-12-14,0,13.9,2.2
"714",2014-12-15,0,12.8,0
"715",2014-12-16,0.3,14.4,0
"716",2014-12-17,0.8,14.4,0
"717",2014-12-18,0,11.1,-0.6
"718",2014-12-19,0,8.3,-0.6
"719",2014-12-20,0,8.3,-1.7
"720",2014-12-21,0,8.3,-1.7
"721",2014-12-22,0,4.4,1
"722",2014-12-23,6.9,6.7,1.1
"723",2014-12-24,17.3,9.4,2.2
"724",2014-12-25,4.3,12,4.4
"725",2014-12-26,0,15,-1.7
"726",2014-12-27,0,17.8,-1.7
"727",2014-12-28,0,14.4,9.4
"728",2014-12-29,2.8,14.4,2.8
"729",2014-12-30,5.3,10.6,0.6
"730",2014-12-31,2,3.9,-3.3
"731",2015-01-01,0,8.3,-2.2
"732",2015-01-02,0,8.3,-2.2
"733",2015-01-03,2.3,7.8,2.8
"734",2015-01-04,4.6,17.8,3.9
"735",2015-01-05,0.8,17.8,-0.6
"736",2015-01-06,0,6.7,-2.8
"737",2015-01-07,0,6.7,-10.6
"738",2015-01-08,0,-0.6,-15
"739",2015-01-09,0,3.3,-5.6
"740",2015-01-10,0,3.3,-9.4
"741",2015-01-11,0,5.6,-11.7
"742",2015-01-12,5.3,6,0
"743",2015-01-13,4.3,8.3,0
"744",2015-01-14,1.3,1,-3
"745",2015-01-15,0,5.6,-5
"746",2015-01-16,0,7.2,-5
"747",2015-01-17,0,8.9,-3.3
"748",2015-01-18,0,12.2,-3.3
"749",2015-01-19,0,14.4,-1.7
"750",2015-01-20,0,17.8,-0.6
"751",2015-01-21,0,17.8,-0.6
"752",2015-01-22,0,12.2,-0.6
"753",2015-01-23,0,9.4,-1.7
"754",2015-01-24,12.7,6.1,-1.7
"755",2015-01-25,1.5,10.6,0.6
"756",2015-01-26,0,10.6,0.6
"757",2015-01-27,1.3,8.3,-5.6
"758",2015-01-28,0,6.7,-6.1
"759",2015-01-29,0,6.7,-6.1
"760",2015-01-30,0.3,7.2,-6.1
"761",2015-01-31,0,7.2,-6.7
"762",2015-02-01,0,10,-6.7
"763",2015-02-02,2.5,10,-3.3
"764",2015-02-03,1.5,10,-5.6
"765",2015-02-04,0,13.3,-5.6
"766",2015-02-05,0,13.3,-5
"767",2015-02-06,0,7.8,-8.3
"768",2015-02-07,0,17.2,-8.3
"769",2015-02-08,0,20.6,-2.8
"770",2015-02-09,0,20.6,2.8
"771",2015-02-10,1.8,18.3,2.8
"772",2015-02-11,0.8,11.7,-4.4
"773",2015-02-12,0,11.7,-4.4
"774",2015-02-13,0,6.1,-9.4
"775",2015-02-14,0,7.8,-9.4
"776",2015-02-15,1,-1.1,-13.9
"777",2015-02-16,0,-5.6,-13.9
"778",2015-02-17,25.1,1.1,-11
"779",2015-02-18,2.5,1.1,-10.6
"780",2015-02-19,0.5,0,-15
"781",2015-02-20,0.3,-5.6,-17.8
"782",2015-02-21,0.3,-3.9,-17.8
"783",2015-02-22,26.9,11.7,-12.2
"784",2015-02-23,0.8,11.7,-2.8
"785",2015-02-24,0,3.9,-7.2
"786",2015-02-25,0,6.1,-7.2
"787",2015-02-26,6.6,6.1,-6.1
"788",2015-02-27,0,3.9,-3.9
"789",2015-02-28,0,1.7,-8.3
"790",2015-03-01,0,2.8,-8.3
"791",2015-03-02,0,9.4,-3.3
"792",2015-03-03,0,9.4,0.6
"793",2015-03-04,4.3,13.3,0.6
"794",2015-03-05,16.8,8.9,-1.1
"795",2015-03-06,27.2,-0.6,-10.6
"796",2015-03-07,0,12.2,-11.7
"797",2015-03-08,0,17.2,6.1
"798",2015-03-09,0,18.3,5.6
"799",2015-03-10,0,18.3,6.1
"800",2015-03-11,1,18.9,7.8
"801",2015-03-12,0.5,18.9,4.4
"802",2015-03-13,0,18.3,3.3
"803",2015-03-14,8.4,16.7,2.8
"804",2015-03-15,5.1,20,3.3
"805",2015-03-16,0,25,8.9
"806",2015-03-17,0,25,10
"807",2015-03-18,0,21.1,0.6
"808",2015-03-19,0,15,0.6
"809",2015-03-20,15,8,1
"810",2015-03-21,0.3,20,2.2
"811",2015-03-22,0,20,8.3
"812",2015-03-23,0,20,6.1
"813",2015-03-24,0,15,2.2
"814",2015-03-25,0,15,2.2
"815",2015-03-26,0,23.9,5
"816",2015-03-27,28.7,23.9,4.4
"817",2015-03-28,2.3,10,-3.3
"818",2015-03-29,0,10.6,-5
"819",2015-03-30,0.3,15.6,6.7
"820",2015-03-31,0,23.3,6.1
"821",2015-04-01,0,23.3,5
"822",2015-04-02,0,22.2,3.9
"823",2015-04-03,0,21.7,14.4
"824",2015-04-04,1.3,22.2,8.3
"825",2015-04-05,0.5,18.9,0
"826",2015-04-06,0,24.4,0
"827",2015-04-07,6.3,24.4,5.6
"828",2015-04-08,1.8,26.7,14.4
"829",2015-04-09,17.3,16,13.3
"830",2015-04-10,15.7,24.4,11
"831",2015-04-11,1.8,20.6,12.2
"832",2015-04-12,0,21.1,4.4
"833",2015-04-13,0,22.8,8.9
"834",2015-04-14,1.5,20,15.6
"835",2015-04-15,19.6,15,10
"836",2015-04-16,1.8,12.2,10
"837",2015-04-17,3.3,26.1,10.6
"838",2015-04-18,0,26.1,12.2
"839",2015-04-19,0,21.7,13.3
"840",2015-04-20,46.7,24.4,11.1
"841",2015-04-21,5.6,17.8,10
"842",2015-04-22,0,21.1,6.1
"843",2015-04-23,0,16.7,5
"844",2015-04-24,0,17.8,6.1
"845",2015-04-25,2.3,13.9,5
"846",2015-04-26,9.7,11.7,5
"847",2015-04-27,6.6,14.4,3.9
"848",2015-04-28,0,20.6,5
"849",2015-04-29,0,21.1,5
"850",2015-04-30,0,21.1,5.6
"851",2015-05-01,9.7,21.1,8.9
"852",2015-05-02,2.8,21.7,8.3
"853",2015-05-03,0,24.4,6.7
"854",2015-05-04,0,27.8,6.7
"855",2015-05-05,0,28.9,8.9
"856",2015-05-06,0,28.9,12.8
"857",2015-05-07,15.5,28.9,13.9
"858",2015-05-08,0,26.1,13.9
"859",2015-05-09,0,26.7,13.9
"860",2015-05-10,0,26.7,13.9
"861",2015-05-11,0,31.1,16.1
"862",2015-05-12,0.8,31.1,16.1
"863",2015-05-13,0,30,12.8
"864",2015-05-14,0,23.9,9.4
"865",2015-05-15,0,26.1,9.4
"866",2015-05-16,0.5,28.9,11.7
"867",2015-05-17,0.5,30,15
"868",2015-05-18,0.3,31.1,18.3
"869",2015-05-19,0,31.1,18.9
"870",2015-05-20,0,30.6,15.6
"871",2015-05-21,0,23.3,12
"872",2015-05-22,5.6,22.8,8.9
"873",2015-05-23,0,24.4,8.9
"874",2015-05-24,0,27.8,10
"875",2015-05-25,0,28.3,10
"876",2015-05-26,0,30,12.8
"877",2015-05-27,0,30.6,15
"878",2015-05-28,0,30.6,17.2
"879",2015-05-29,0,30.6,17.2
"880",2015-05-30,1,30.6,17.2
"881",2015-05-31,0,30.6,16.1
"882",2015-06-01,15.7,29.4,16.1
"883",2015-06-02,27.7,28.9,16.7
"884",2015-06-03,83.3,18.3,14
"885",2015-06-04,9.1,20,13.9
"886",2015-06-05,2.5,26.1,13.9
"887",2015-06-06,0.3,29.4,15
"888",2015-06-07,0,29.4,16.7
"889",2015-06-08,0,30,18.9
"890",2015-06-09,15.7,30,18.9
"891",2015-06-10,0,28.3,15
"892",2015-06-11,0,31.7,15
"893",2015-06-12,0,31.7,17.8
"894",2015-06-13,1,32.8,20
"895",2015-06-14,1,32.8,20.6
"896",2015-06-15,1.8,33.3,20.6
"897",2015-06-16,0,33.9,20.6
"898",2015-06-17,0,33.9,22.8
"899",2015-06-18,39.9,32.8,20.6
"900",2015-06-19,9.9,32.8,20.6
"901",2015-06-20,1,31.7,20
"902",2015-06-21,0.5,32.8,20
"903",2015-06-22,0,32.8,21.1
"904",2015-06-23,0,33.9,21.1
"905",2015-06-24,0,33.9,21.1
"906",2015-06-25,0,33.3,19.4
"907",2015-06-26,8.1,33.3,19.4
"908",2015-06-27,23.4,30,20
"909",2015-06-28,5.1,26.7,17.8
"910",2015-06-29,0,26.7,12.2
"911",2015-06-30,0.3,30,12.2
"912",2015-07-01,3.3,30,16.1
"913",2015-07-02,0,29.4,16.1
"914",2015-07-03,0.3,25,20
"915",2015-07-04,5.8,29.4,19.4
"916",2015-07-05,3,29.4,19.4
"917",2015-07-06,9.9,28.9,19.4
"918",2015-07-07,36.6,31.1,18.3
"919",2015-07-08,0,31.1,18.3
"920",2015-07-09,0.5,32.8,21.7
"921",2015-07-10,0,32.8,21.7
"922",2015-07-11,3,32.2,21.1
"923",2015-07-12,10.4,29.4,19.4
"924",2015-07-13,45.2,31.1,19.4
"925",2015-07-14,3.6,31.7,19.4
"926",2015-07-15,0.5,31.7,19.4
"927",2015-07-16,0,29.4,20
"928",2015-07-17,0,28.3,20
"929",2015-07-18,0,32.8,20
"930",2015-07-19,0,33.9,21.1
"931",2015-07-20,0,33.9,22.8
"932",2015-07-21,0,32.8,23.3
"933",2015-07-22,0,31.7,20
"934",2015-07-23,0,31.1,18.3
"935",2015-07-24,0,31.1,17.8
"936",2015-07-25,0,31.1,17.8
"937",2015-07-26,0,31.7,18.9
"938",2015-07-27,0.3,31.7,19.4
"939",2015-07-28,0.3,32.2,21.1
"940",2015-07-29,0,32.2,22.2
"941",2015-07-30,0.5,34.4,22.2
"942",2015-07-31,0,34.4,17.8
"943",2015-08-01,0,31.7,17.8
"944",2015-08-02,0,31.7,15.6
"945",2015-08-03,0,33.3,15.6
"946",2015-08-04,0,33.9,16.1
"947",2015-08-05,0,33.9,22.2
"948",2015-08-06,0,33.9,20.6
"949",2015-08-07,3.6,28.3,19.4
"950",2015-08-08,0,28.9,19.4
"951",2015-08-09,0,31.1,19.4
"952",2015-08-10,0.3,31.1,19.4
"953",2015-08-11,40.4,31.7,21.1
"954",2015-08-12,6.1,31.7,17.8
"955",2015-08-13,0,28.9,15
"956",2015-08-14,0,29.4,15
"957",2015-08-15,0,31.1,16.7
"958",2015-08-16,0,33.3,17.8
"959",2015-08-17,9.4,33.3,17.8
"960",2015-08-18,0.3,31.7,18.3
"961",2015-08-19,2.3,30,21.1
"962",2015-08-20,15.7,29.4,22
"963",2015-08-21,0.3,29.4,17.8
"964",2015-08-22,0,28.3,15.6
"965",2015-08-23,0,28.9,15.6
"966",2015-08-24,0.3,31.7,19.4
"967",2015-08-25,0,31.7,15.6
"968",2015-08-26,0,28.3,13.3
"969",2015-08-27,0,27.2,13.3
"970",2015-08-28,0,28.3,15.6
"971",2015-08-29,0,29.4,16.1
"972",2015-08-30,0,29.4,16.1
"973",2015-08-31,0,30.6,18.9
"974",2015-09-01,0,33.3,17.8
"975",2015-09-02,0,33.3,17.8
"976",2015-09-03,0,33.3,18.3
"977",2015-09-04,0,34.4,18.3
"978",2015-09-05,15.7,34.4,18.9
"979",2015-09-06,0,28.9,18.9
"980",2015-09-07,0,30.6,16.7
"981",2015-09-08,0,31.1,16.7
"982",2015-09-09,0,31.1,17.8
"983",2015-09-10,11.7,31.1,19.4
"984",2015-09-11,0.3,29.4,17.2
"985",2015-09-12,0,29.4,17.2
"986",2015-09-13,0.3,23.3,11.7
"987",2015-09-14,0,25,8.9
"988",2015-09-15,0,27.2,8.9
"989",2015-09-16,0,27.8,9.4
"990",2015-09-17,0,28.9,10.6
"991",2015-09-18,0,30,11.7
"992",2015-09-19,0,30.6,11.7
"993",2015-09-20,0,30.6,12.8
"994",2015-09-21,13.2,27.8,13.3
"995",2015-09-22,26.2,20,13.3
"996",2015-09-23,2,25,14.4
"997",2015-09-24,0,25,12.8
"998",2015-09-25,0,25,12.8
"999",2015-09-26,20.8,18.3,15
"1000",2015-09-27,31,17.2,14.4
"1001",2015-09-28,47.2,21.7,14.4
"1002",2015-09-29,19.8,23.9,17.8
"1003",2015-09-30,29.2,28.3,18.9
"1004",2015-10-01,0,28.3,14.4
"1005",2015-10-02,11.9,14.4,10
"1006",2015-10-03,30.5,11.1,8
"1007",2015-10-04,19,13.9,8.3
"1008",2015-10-05,0.5,21.7,10.6
"1009",2015-10-06,0,23.3,7.2
"1010",2015-10-07,0,26.7,7.2
"1011",2015-10-08,0,26.7,10
"1012",2015-10-09,0,26.7,11.7
"1013",2015-10-10,16.3,17.8,11.7
"1014",2015-10-11,2.5,21.7,11.1
"1015",2015-10-12,0,23.9,7.2
"1016",2015-10-13,0,25,7.2
"1017",2015-10-14,0,25,12.2
"1018",2015-10-15,0,21.7,7.8
"1019",2015-10-16,0,21.1,7.8
"1020",2015-10-17,0,20.6,5
"1021",2015-10-18,0,14.4,1.1
"1022",2015-10-19,0,15.6,-1.7
"1023",2015-10-20,0,23.3,-1.7
"1024",2015-10-21,0,25,2.8
"1025",2015-10-22,0,27.2,5
"1026",2015-10-23,0,27.2,7.2
"1027",2015-10-24,0,25.6,12.2
"1028",2015-10-25,0,20,13.3
"1029",2015-10-26,0,20,10.6
"1030",2015-10-27,3.8,14.4,7.2
"1031",2015-10-28,60.2,21.7,7.2
"1032",2015-10-29,10.2,21.7,10.6
"1033",2015-10-30,0,18.9,6.7
"1034",2015-10-31,0,15,1.7
"1035",2015-11-01,0,20,11.1
"1036",2015-11-02,0.3,20,11.1
"1037",2015-11-03,0.3,21.7,12.8
"1038",2015-11-04,0,21.7,12.8
"1039",2015-11-05,0,25,13.3
"1040",2015-11-06,0,27.8,13.3
"1041",2015-11-07,0,27.8,12.2
"1042",2015-11-08,2.3,18.9,3.9
"1043",2015-11-09,0.5,12.8,2.8
"1044",2015-11-10,30,18.9,2.8
"1045",2015-11-11,2.3,20,8.3
"1046",2015-11-12,0,22.2,5.6
"1047",2015-11-13,0,22.2,5.6
"1048",2015-11-14,0,15,5
"1049",2015-11-15,0,18.3,1.1
"1050",2015-11-16,0,18.3,1.1
"1051",2015-11-17,0,18.3,1.1
"1052",2015-11-18,0.3,15,6.7
"1053",2015-11-19,49.5,22.8,10.6
"1054",2015-11-20,36.3,22.8,5.6
"1055",2015-11-21,0,13.3,-2.2
"1056",2015-11-22,0,11.1,-2.2
"1057",2015-11-23,0,8.3,-1.1
"1058",2015-11-24,0,13.3,-1.7
"1059",2015-11-25,0,13.3,-2.2
"1060",2015-11-26,0,13.9,-2.2
"1061",2015-11-27,0,17.8,1.1
"1062",2015-11-28,0,20,2.8
"1063",2015-11-29,0.3,20,7.2
"1064",2015-11-30,8.6,16.7,4
"1065",2015-12-01,20.1,9.4,4.4
"1066",2015-12-02,20.8,14.4,5
"1067",2015-12-03,8.1,14.4,1.7
"1068",2015-12-04,0,12.2,-2.8
"1069",2015-12-05,0,12.2,-2.8
"1070",2015-12-06,0,12.2,-3.3
"1071",2015-12-07,0,13.9,-3.3
"1072",2015-12-08,0.5,13.9,0
"1073",2015-12-09,0,14.4,-0.6
"1074",2015-12-10,0,17.8,-0.6
"1075",2015-12-11,0,22.2,5
"1076",2015-12-12,0,23.9,5
"1077",2015-12-13,0,23.9,7.2
"1078",2015-12-14,0,19.4,7.2
"1079",2015-12-15,0.8,20,12.2
"1080",2015-12-16,0,20,2.8
"1081",2015-12-17,3.8,12.8,2.8
"1082",2015-12-18,16,11.7,1.1
"1083",2015-12-19,0,11.1,-2.2
"1084",2015-12-20,0,9.4,-2.8
"1085",2015-12-21,0,10,-2.8
"1086",2015-12-22,5.3,11.7,7.8
"1087",2015-12-23,10.7,14.4,7.8
"1088",2015-12-24,13.7,20.6,11.7
"1089",2015-12-25,5.6,20.6,12.8
"1090",2015-12-26,3.3,18.3,12.2
"1091",2015-12-27,0.3,24.4,12
"1092",2015-12-28,0,20,4
"1093",2015-12-29,14.2,18.9,3.9
"1094",2015-12-30,4.6,18.9,3.9
"1095",2015-12-31,2,13.9,8.3
"1096",2016-01-01,0,13.9,3.3
"1097",2016-01-02,0,10,0
"1098",2016-01-03,0,12.2,0
"1099",2016-01-04,0,12.2,-1.7
"1100",2016-01-05,0,3.3,-7.8
"1101",2016-01-06,0,5,-10
"1102",2016-01-07,0,9.4,-10
"1103",2016-01-08,0,9.4,-7.2
"1104",2016-01-09,3.3,7.8,-2.8
"1105",2016-01-10,19.3,12.2,2.2
"1106",2016-01-11,0.3,3.3,-5.6
"1107",2016-01-12,0,6.7,-5.6
"1108",2016-01-13,0,6.7,-7.8
"1109",2016-01-14,0,13.9,-7.8
"1110",2016-01-15,0,13.9,-3.3
"1111",2016-01-16,11.9,11.7,-3.3
"1112",2016-01-17,0,4.4,-1
"1113",2016-01-18,0.8,5,-9.4
"1114",2016-01-19,0,0,-11.1
"1115",2016-01-20,0,0.6,-11.1
"1116",2016-01-21,0,3.9,-10.6
"1117",2016-01-22,1.8,0.6,-7
"1118",2016-01-23,38.1,-2.8,-7.2
"1119",2016-01-24,0.5,5,-7.2
"1120",2016-01-25,0,8.3,-6.7
"1121",2016-01-26,0,8.3,-6.1
"1122",2016-01-27,0,8.3,-4.4
"1123",2016-01-28,0,7.2,-6.7
"1124",2016-01-29,0,4.4,1.7
"1125",2016-01-30,0,10.6,-3.9
"1126",2016-01-31,0,17.2,-3.9
"1127",2016-02-01,0,17.8,-2.2
"1128",2016-02-02,1.5,17.8,2.8
"1129",2016-02-03,2.3,9.4,5
"1130",2016-02-04,27.4,10.6,5
"1131",2016-02-05,0,10.6,-1.1
"1132",2016-02-06,0,6.7,-5
"1133",2016-02-07,0,8.3,-5
"1134",2016-02-08,0,8.3,-4.4
"1135",2016-02-09,0.5,6.7,-3.9
"1136",2016-02-10,0,2.2,-5.6
"1137",2016-02-11,0,0,-8.3
"1138",2016-02-12,0,0,-8.3
"1139",2016-02-13,0,1.1,-8.3
"1140",2016-02-14,0,-0.6,-12.8
"1141",2016-02-15,12.2,-3,-7.2
"1142",2016-02-16,45.7,7.2,-7.2
"1143",2016-02-17,1.5,7.8,-2.2
"1144",2016-02-18,0,7.8,-0.6
"1145",2016-02-19,0,10.6,-3.3
"1146",2016-02-20,0,19.4,-3.3
"1147",2016-02-21,0,19.4,3.3
"1148",2016-02-22,6.1,14.4,6.7
"1149",2016-02-23,13.2,10.6,4.4
"1150",2016-02-24,12.2,17.8,4
"1151",2016-02-25,10.4,18.3,3.3
"1152",2016-02-26,0,7.2,-0.6
"1153",2016-02-27,0,10,-1.1
"1154",2016-02-28,0,20.6,-0.6
"1155",2016-02-29,0,18.3,11.1
"1156",2016-03-01,0,20.6,0
"1157",2016-03-02,5.8,20.6,-0.6
"1158",2016-03-03,0,10.6,-3.9
"1159",2016-03-04,1.5,10,-3.9
"1160",2016-03-05,0,10.6,-1.7
"1161",2016-03-06,2.3,13.9,-1.7
"1162",2016-03-07,0,20.6,-0.6
"1163",2016-03-08,0,25,10
"1164",2016-03-09,0,26.1,6.1
"1165",2016-03-10,0,26.1,15.6
"1166",2016-03-11,0,26.1,14.4
"1167",2016-03-12,0,23.3,13.3
"1168",2016-03-13,0,21.7,13.3
"1169",2016-03-14,12.2,17.2,12.2
"1170",2016-03-15,17.8,23.9,10.6
"1171",2016-03-16,0.3,28.3,8.9
"1172",2016-03-17,0,28.3,8.9
"1173",2016-03-18,0,21.7,5
"1174",2016-03-19,0,15,4
"1175",2016-03-20,7.6,10.6,2.8
"1176",2016-03-21,0,11.7,2.8
"1177",2016-03-22,0,18.9,3.3
"1178",2016-03-23,0,25.6,6.1
"1179",2016-03-24,0,25.6,6.1
"1180",2016-03-25,0,24.4,10.6
"1181",2016-03-26,0.3,20,5.6
"1182",2016-03-27,0,14.4,5.6
"1183",2016-03-28,9.4,17.2,10
"1184",2016-03-29,5.8,17.8,6.7
"1185",2016-03-30,0,20,2.8
"1186",2016-03-31,0,20,13.3
"1187",2016-04-01,3.8,26.7,12.8
"1188",2016-04-02,3.6,26.7,12.2
"1189",2016-04-03,0,18.3,1.1
"1190",2016-04-04,0,24.4,10
"1191",2016-04-05,0,17.8,1.7
"1192",2016-04-06,0,14.4,-1.7
"1193",2016-04-07,1.5,16.1,7.8
"1194",2016-04-08,0.3,17.2,4.4
"1195",2016-04-09,0.5,12.2,-0.6
"1196",2016-04-10,0,14.4,-3.9
"1197",2016-04-11,0,22.2,8.9
"1198",2016-04-12,0,22.8,8.3
"1199",2016-04-13,0,20.6,4.4
"1200",2016-04-14,0,17.8,4.4
"1201",2016-04-15,0,18.3,3.9
"1202",2016-04-16,0,20.6,2.2
"1203",2016-04-17,0,25.6,2.2
"1204",2016-04-18,0,31.1,3.3
"1205",2016-04-19,0,31.1,7.8
"1206",2016-04-20,0,30.6,11.1
"1207",2016-04-21,0,26.1,12.2
"1208",2016-04-22,0.3,26.1,12.2
"1209",2016-04-23,5.1,23.3,11.1
"1210",2016-04-24,0,23.9,5.6
"1211",2016-04-25,0,29.4,5.6
"1212",2016-04-26,0,30,9.4
"1213",2016-04-27,1.8,30,15.6
"1214",2016-04-28,5.1,27.8,15
"1215",2016-04-29,6.3,28.3,13.9
"1216",2016-04-30,0,28.3,12.8
"1217",2016-05-01,15.5,25,12
"1218",2016-05-02,14.5,28.9,12.2
"1219",2016-05-03,7.6,28.9,15
"1220",2016-05-04,0.3,24.4,11.1
"1221",2016-05-05,5.1,20.6,8.9
"1222",2016-05-06,12.4,18.9,8.9
"1223",2016-05-07,0,24.4,8.9
"1224",2016-05-08,0,23.3,18.3
"1225",2016-05-09,0,23.9,10.6
"1226",2016-05-10,1.3,23.9,10.6
"1227",2016-05-11,4.8,24.4,15
"1228",2016-05-12,35.1,25.6,15
"1229",2016-05-13,24.9,25.6,17.2
"1230",2016-05-14,0.3,24.4,10
"1231",2016-05-15,0.8,22.8,7.2
"1232",2016-05-16,0,18.3,6.7
"1233",2016-05-17,1.8,18.3,6.7
"1234",2016-05-18,3.6,16.7,10
"1235",2016-05-19,0.3,18.9,11.1
"1236",2016-05-20,0,18.9,10.6
"1237",2016-05-21,18.5,22.8,10.6
"1238",2016-05-22,1.3,22.8,13.9
"1239",2016-05-23,0,22.2,11.1
"1240",2016-05-24,0.5,27.2,10.6
"1241",2016-05-25,0,30,10.6
"1242",2016-05-26,0.8,30,11.7
"1243",2016-05-27,0.3,30,17.8
"1244",2016-05-28,0,30,17.2
"1245",2016-05-29,0.3,29.4,16.7
"1246",2016-05-30,10.4,28.9,15.6
"1247",2016-05-31,0,29.4,15.6
"1248",2016-06-01,0,29.4,17.2
"1249",2016-06-02,0,29.4,17.2
"1250",2016-06-03,2.3,29,20
"1251",2016-06-04,0.3,30,18.3
"1252",2016-06-05,12.7,30,18.3
"1253",2016-06-06,0,28.9,18.3
"1254",2016-06-07,0,29.4,18.3
"1255",2016-06-08,0,29.4,14.4
"1256",2016-06-09,0,27.8,10.6
"1257",2016-06-10,0,31.1,10.6
"1258",2016-06-11,0,35,15
"1259",2016-06-12,0,35,18.3
"1260",2016-06-13,0,33.9,15
"1261",2016-06-14,0,30.6,15
"1262",2016-06-15,0,31.1,15.6
"1263",2016-06-16,48.5,33.3,17.8
"1264",2016-06-17,19.3,33.3,19.4
"1265",2016-06-18,1.3,27.2,12.8
"1266",2016-06-19,0,27.8,12.2
"1267",2016-06-20,0,31.1,12.2
"1268",2016-06-21,0,29.4,23.3
"1269",2016-06-22,0.8,29.4,20
"1270",2016-06-23,0.8,28.3,20
"1271",2016-06-24,47.8,29.4,18.9
"1272",2016-06-25,16.8,29.4,18.3
"1273",2016-06-26,0,28.3,18.3
"1274",2016-06-27,0,28.9,18.3
"1275",2016-06-28,2.8,31.7,18.3
"1276",2016-06-29,0,31.7,17.8
"1277",2016-06-30,0,29.4,17.2
"1278",2016-07-01,0,31.7,17.2
"1279",2016-07-02,0,31.7,18.9
"1280",2016-07-03,25.7,28.9,18.3
"1281",2016-07-04,5.3,22.8,17.8
"1282",2016-07-05,16,31.7,17.8
"1283",2016-07-06,0.5,32.2,20.6
"1284",2016-07-07,0,32.2,22.2
"1285",2016-07-08,1.5,31.7,21.1
"1286",2016-07-09,2.5,31.7,21.1
"1287",2016-07-10,0,31.1,19.4
"1288",2016-07-11,0,30,17.2
"1289",2016-07-12,0,30,17.2
"1290",2016-07-13,5.3,32.2,21.1
"1291",2016-07-14,0,32.8,20.6
"1292",2016-07-15,0,32.8,20.6
"1293",2016-07-16,0,31.1,18.9
"1294",2016-07-17,0,33.3,18.3
"1295",2016-07-18,0,33.9,18.3
"1296",2016-07-19,0,33.9,21.7
"1297",2016-07-20,0,33.3,19.4
"1298",2016-07-21,0,32.2,17.8
"1299",2016-07-22,0,34.4,17.8
"1300",2016-07-23,0,35.6,20.6
"1301",2016-07-24,0,36.1,21.1
"1302",2016-07-25,0,36.1,21.1
"1303",2016-07-26,2.3,36.7,22.8
"1304",2016-07-27,0.3,36.7,22.8
"1305",2016-07-28,16.8,33.3,22.8
"1306",2016-07-29,30.7,32.8,21.7
"1307",2016-07-30,10.9,31.7,21
"1308",2016-07-31,9.7,32.8,21.1
"1309",2016-08-01,23.1,32.8,21.1
"1310",2016-08-02,6.1,32.2,21.7
"1311",2016-08-03,6.3,30,22.2
"1312",2016-08-04,8.9,23.3,19
"1313",2016-08-05,10.9,27,20.6
"1314",2016-08-06,1.8,32.8,20.6
"1315",2016-08-07,0,32.8,21.1
"1316",2016-08-08,5.6,27.2,20
"1317",2016-08-09,4.6,25,19
"1318",2016-08-10,8.1,31.1,19.4
"1319",2016-08-11,0.8,31.1,21.1
"1320",2016-08-12,0,32.8,21.1
"1321",2016-08-13,0,33.9,21.7
"1322",2016-08-14,0,34.4,22.8
"1323",2016-08-15,1.5,34.4,21.1
"1324",2016-08-16,27.7,32.8,21.1
"1325",2016-08-17,0,33.3,21.7
"1326",2016-08-18,0,33.3,21.7
"1327",2016-08-19,1.8,30,21.1
"1328",2016-08-20,0.3,29.4,20.6
"1329",2016-08-21,4.6,29.4,20.6
"1330",2016-08-22,4.6,27.8,16.1
"1331",2016-08-23,0,27.8,15
"1332",2016-08-24,0,28.3,15
"1333",2016-08-25,0,33.3,17.2
"1334",2016-08-26,0,34.4,20
"1335",2016-08-27,0,34.4,21.7
"1336",2016-08-28,0,32.8,20.6
"1337",2016-08-29,0,32.2,18.3
"1338",2016-08-30,0,32.2,18.3
"1339",2016-08-31,0,32.8,20
"1340",2016-09-01,20.6,32.8,20
"1341",2016-09-02,8.4,26.1,18.9
"1342",2016-09-03,0,27.2,13.9
"1343",2016-09-04,0,28.3,13.9
"1344",2016-09-05,0,29.4,14.4
"1345",2016-09-06,0,31.7,14.4
"1346",2016-09-07,0,33.3,17.2
"1347",2016-09-08,0,33.9,22.2
"1348",2016-09-09,0,33.9,21.7
"1349",2016-09-10,0,33.9,20.6
"1350",2016-09-11,0,32.8,20.6
"1351",2016-09-12,0,30,14.4
"1352",2016-09-13,0,31.1,14.4
"1353",2016-09-14,0,34.4,17.2
"1354",2016-09-15,0,34.4,17.2
"1355",2016-09-16,0,28.3,17.2
"1356",2016-09-17,0,28.3,18.3
"1357",2016-09-18,0,30,16.7
"1358",2016-09-19,21.1,30,16.7
"1359",2016-09-20,0,29.4,17.8
"1360",2016-09-21,0,29.4,16.7
"1361",2016-09-22,0,28.3,16.7
"1362",2016-09-23,0,31.7,15.6
"1363",2016-09-24,0,32.8,15.6
"1364",2016-09-25,0,32.8,17.2
"1365",2016-09-26,0.3,22.2,17.8
"1366",2016-09-27,21.1,27.8,17.8
"1367",2016-09-28,11.2,24.4,16
"1368",2016-09-29,30.5,25,16.1
"1369",2016-09-30,17.8,22.8,17.8
"1370",2016-10-01,21.6,24.4,16.1
"1371",2016-10-02,0,25,13.9
"1372",2016-10-03,0,25.6,12.8
"1373",2016-10-04,0,25.6,12.8
"1374",2016-10-05,0,24.4,12.8
"1375",2016-10-06,0,22.2,10.6
"1376",2016-10-07,8.6,22.2,10.6
"1377",2016-10-08,98.6,19.4,16.1
"1378",2016-10-09,2,21.1,11.1
"1379",2016-10-10,0,21.1,6.7
"1380",2016-10-11,0,20.6,4.4
"1381",2016-10-12,0,20.6,4.4
"1382",2016-10-13,0,23.3,4.4
"1383",2016-10-14,0,23.3,7.2
"1384",2016-10-15,0,21.1,7.2
"1385",2016-10-16,0,25,11.1
"1386",2016-10-17,0,27.8,11.1
"1387",2016-10-18,0,28.9,13.9
"1388",2016-10-19,0,31.7,13.9
"1389",2016-10-20,0,31.7,15
"1390",2016-10-21,0,28.3,13.3
"1391",2016-10-22,3,20.6,9.4
"1392",2016-10-23,0,21.1,8.9
"1393",2016-10-24,0,23.9,8.9
"1394",2016-10-25,0,23.9,6.7
"1395",2016-10-26,0,20,4.4
"1396",2016-10-27,0,22.2,4.4
"1397",2016-10-28,0,23.3,7.2
"1398",2016-10-29,0,27.8,6.1
"1399",2016-10-30,0,27.8,6.1
"1400",2016-10-31,0,27.2,13.3
"1401",2016-11-01,0,21.1,12.2
"1402",2016-11-02,0,28.3,12.2
"1403",2016-11-03,0,28.3,13.9
"1404",2016-11-04,0.5,27.8,11.7
"1405",2016-11-05,0,20,2.8
"1406",2016-11-06,0,21.1,2.8
"1407",2016-11-07,0,21.1,3.3
"1408",2016-11-08,0,21.7,2.8
"1409",2016-11-09,0,21.7,2.8
"1410",2016-11-10,0,18.3,5.6
"1411",2016-11-11,0,18.9,5.6
"1412",2016-11-12,0,18.9,3.3
"1413",2016-11-13,0,19.4,-2.2
"1414",2016-11-14,0,19.4,-2.2
"1415",2016-11-15,0,18.3,0
"1416",2016-11-16,0,20.6,0.6
"1417",2016-11-17,0,21.1,2.2
"1418",2016-11-18,0,25.6,2.8
"1419",2016-11-19,0,25.6,3.9
"1420",2016-11-20,0,5.6,1.7
"1421",2016-11-21,0,8.9,0.6
"1422",2016-11-22,0,10.6,1.1
"1423",2016-11-23,0,11.1,-1.7
"1424",2016-11-24,0,21.7,-1.7
"1425",2016-11-25,0,21.7,3.9
"1426",2016-11-26,0,20.6,3.9
"1427",2016-11-27,0,12.2,-1.7
"1428",2016-11-28,0,12.2,-1.7
"1429",2016-11-29,2.5,18.9,8
"1430",2016-11-30,14.5,20,8.3
"1431",2016-12-01,9.9,20,5.6
"1432",2016-12-02,0,13.9,4.4
"1433",2016-12-03,0,11.1,1.7
"1434",2016-12-04,0,7.2,1.7
"1435",2016-12-05,6.3,15,2.2
"1436",2016-12-06,1.3,15,2.8
"1437",2016-12-07,39.9,12.8,3.9
"1438",2016-12-08,0,12.8,2.8
"1439",2016-12-09,0,7.2,-4.4
"1440",2016-12-10,0,4.4,-7.8
"1441",2016-12-11,0,5,-7.8
"1442",2016-12-12,2.8,16.7,-3.3
"1443",2016-12-13,0.3,16.7,2.8
"1444",2016-12-14,0,10,2.8
"1445",2016-12-15,0,7.2,-7.2
"1446",2016-12-16,0,5,-10
"1447",2016-12-17,0.3,10,-10
"1448",2016-12-18,0.3,16.7,-2.8
"1449",2016-12-19,1,4.4,-0.6
"1450",2016-12-20,0,5.6,-6.1
"1451",2016-12-21,0,13.9,-6.1
"1452",2016-12-22,0,14.4,0
"1453",2016-12-23,0,14.4,-2.2
"1454",2016-12-24,7.6,11.7,-2.2
"1455",2016-12-25,4.6,13.3,3.3
"1456",2016-12-26,0,7.8,6
"1457",2016-12-27,0,18.9,4.4
"1458",2016-12-28,0.3,18.9,3.3
"1459",2016-12-29,6.1,11.7,0
"1460",2016-12-30,0.3,11.1,0
"1461",2016-12-31,0,6.7,-2.8
"1462",2017-01-01,0,13.9,-2.8
"1463",2017-01-02,2.3,13.9,2.2
"1464",2017-01-03,12.7,8.9,5.6
"1465",2017-01-04,1,14.4,4.4
"1466",2017-01-05,0,4.4,-1.1
"1467",2017-01-06,0,2.8,-3.3
"1468",2017-01-07,7.1,1.7,-7.8
"1469",2017-01-08,1,-4.4,-11.7
"1470",2017-01-09,0,-3.9,-12.8
"1471",2017-01-10,0,3.3,-12.8
"1472",2017-01-11,0.3,8.3,-7.2
"1473",2017-01-12,1.3,20.6,0
"1474",2017-01-13,0,20.6,5
"1475",2017-01-14,2.3,18.9,2.8
"1476",2017-01-15,1.3,12.2,2.8
"1477",2017-01-16,1.8,12.2,3.9
"1478",2017-01-17,0.5,11.7,3.9
"1479",2017-01-18,3.8,16.1,4.4
"1480",2017-01-19,0,16.1,2.8
"1481",2017-01-20,2.3,16.1,2.8
"1482",2017-01-21,4.8,12.2,6.7
"1483",2017-01-22,7.9,12,10
"1484",2017-01-23,26.9,11.7,5.6
"1485",2017-01-24,25.4,11.7,3.9
"1486",2017-01-25,0,21.7,3.3
"1487",2017-01-26,0.3,21.7,3.3
"1488",2017-01-27,0,4.4,1.1
"1489",2017-01-28,0,8.3,-1.1
"1490",2017-01-29,0,8.3,-0.6
"1491",2017-01-30,1.8,7.2,-2.2
"1492",2017-01-31,0,18.3,-5.6
"1493",2017-02-01,0,15,5
"1494",2017-02-02,0,15.6,3.3
"1495",2017-02-03,0,11.7,0
"1496",2017-02-04,0,5.6,-7.2
"1497",2017-02-05,0,13.9,-7.2
"1498",2017-02-06,0,20,-3.3
"1499",2017-02-07,0,22.8,4.4
"1500",2017-02-08,0,22.8,7.8
"1501",2017-02-09,4.6,20,-1.7
"1502",2017-02-10,2.5,11.7,-5
"1503",2017-02-11,0,20.6,-5
"1504",2017-02-12,0,25,12.2
"1505",2017-02-13,0,16.1,2.8
"1506",2017-02-14,0,12.8,-1.1
"1507",2017-02-15,1,12.8,-1.1
"1508",2017-02-16,0,11.1,0
"1509",2017-02-17,0,19.4,0
"1510",2017-02-18,0,21.7,9.4
"1511",2017-02-19,0,21.7,8.3
"1512",2017-02-20,0,22.2,2.2
"1513",2017-02-21,0,22.2,2.2
"1514",2017-02-22,0,16.1,7.2
"1515",2017-02-23,4.6,23.3,8.3
"1516",2017-02-24,0,24.4,7.8
"1517",2017-02-25,0,24.4,7.8
"1518",2017-02-26,0.3,17.8,-0.6
"1519",2017-02-27,0,14.4,-1.1
"1520",2017-02-28,0,19.4,-1.1
"1521",2017-03-01,3.3,23.9,1.7
"1522",2017-03-02,4.6,23.9,5
"1523",2017-03-03,0,12.2,1.7
"1524",2017-03-04,0,10,-2.8
"1525",2017-03-05,0,10,-3.3
"1526",2017-03-06,0,15.6,-3.3
"1527",2017-03-07,0,18.3,10
"1528",2017-03-08,4.1,18.3,7.8
"1529",2017-03-09,0,21.7,7.8
"1530",2017-03-10,0,21.7,4.4
"1531",2017-03-11,0,15,-2.8
"1532",2017-03-12,0,10,-2.8
"1533",2017-03-13,0,10,-2.8
"1534",2017-03-14,7.1,8.3,-2.8
"1535",2017-03-15,3.3,5,-8.9
"1536",2017-03-16,0,5.6,-8.9
"1537",2017-03-17,0,10,-4.4
"1538",2017-03-18,6.3,19.4,-3.9
"1539",2017-03-19,2.5,19.4,3.3
"1540",2017-03-20,0,18.9,0
"1541",2017-03-21,0,21.1,0
"1542",2017-03-22,0,21.1,7.2
"1543",2017-03-23,0,14.4,-1.1
"1544",2017-03-24,0,21.7,-1.1
"1545",2017-03-25,0,23.9,12.8
"1546",2017-03-26,0,23.9,11.1
"1547",2017-03-27,1.8,26.7,11.1
"1548",2017-03-28,6.9,26.7,12.2
"1549",2017-03-29,1,23.3,11.7
"1550",2017-03-30,0,23.3,9.4
"1551",2017-03-31,13.5,19.4,9
"1552",2017-04-01,11.2,20,9.4
"1553",2017-04-02,0,18.3,5
"1554",2017-04-03,0,18.3,5
"1555",2017-04-04,18,26.7,7.8
"1556",2017-04-05,0.3,26.7,11.1
"1557",2017-04-06,7.1,22.2,8.3
"1558",2017-04-07,1.3,8.3,5
"1559",2017-04-08,0,19.4,4.4
"1560",2017-04-09,0,22.8,1.7
"1561",2017-04-10,0,26.7,1.7
"1562",2017-04-11,0,30,6.7
"1563",2017-04-12,0,30,11.1
"1564",2017-04-13,0,26.7,10
"1565",2017-04-14,0,25,10
"1566",2017-04-15,0,27.8,13.3
"1567",2017-04-16,19.3,28.3,13.9
"1568",2017-04-17,0,28.3,15
"1569",2017-04-18,3.3,23.3,13.3
"1570",2017-04-19,2,22.2,9.4
"1571",2017-04-20,2.3,26.7,9.4
"1572",2017-04-21,1.3,28.3,12.2
"1573",2017-04-22,1.8,28.3,13.3
"1574",2017-04-23,15.2,20,8.9
"1575",2017-04-24,37.6,12,8.3
"1576",2017-04-25,38.6,17.2,8.3
"1577",2017-04-26,0.3,27.2,10
"1578",2017-04-27,0,27.2,11.1
"1579",2017-04-28,2.3,27.8,13.3
"1580",2017-04-29,0,30.6,13.3
"1581",2017-04-30,0,30.6,17.8
"1582",2017-05-01,0,29.4,17.8
"1583",2017-05-02,3,23.9,13.9
"1584",2017-05-03,0,23.9,11.7
"1585",2017-05-04,0,23.9,8.9
"1586",2017-05-05,57.1,22.8,8.9
"1587",2017-05-06,40.9,22.8,9.4
"1588",2017-05-07,0.3,17.8,7.2
"1589",2017-05-08,0,19.4,3.9
"1590",2017-05-09,0,19.4,3.9
"1591",2017-05-10,10.4,26.1,3.9
"1592",2017-05-11,1.8,27.2,12.2
"1593",2017-05-12,2.3,27.2,10
"1594",2017-05-13,20.8,22.2,10
"1595",2017-05-14,1.5,27.8,9.4
"1596",2017-05-15,0,27.2,18.3
"1597",2017-05-16,0,27.8,10
"1598",2017-05-17,0,32.8,10
"1599",2017-05-18,0,32.8,15
"1600",2017-05-19,0,31.7,18.9
"1601",2017-05-20,0,30.6,19.4
"1602",2017-05-21,24.6,21.7,15.6
"1603",2017-05-22,15.5,25.6,15
"1604",2017-05-23,0.3,21.7,14
"1605",2017-05-24,30.2,16.7,13.9
"1606",2017-05-25,39.6,21.1,13.9
"1607",2017-05-26,2.8,25.6,13.9
"1608",2017-05-27,0,29.4,14.4
"1609",2017-05-28,0,29.4,14.4
"1610",2017-05-29,0,28.3,17.8
"1611",2017-05-30,0,29.4,16.7
"1612",2017-05-31,0,29.4,16.7
"1613",2017-06-01,0.8,28.3,16.1
"1614",2017-06-02,0,28.3,12.8
"1615",2017-06-03,0,29.4,11.1
"1616",2017-06-04,0,31.1,11.1
"1617",2017-06-05,9.9,22.2,17.8
"1618",2017-06-06,17,26.1,17.2
"1619",2017-06-07,0,26.1,10.6
"1620",2017-06-08,1.3,22.2,10.6
"1621",2017-06-09,0,26.7,12.8
"1622",2017-06-10,0,30,12.8
"1623",2017-06-11,0,31.7,12.8
"1624",2017-06-12,0,31.7,17.2
"1625",2017-06-13,0,32.8,20
"1626",2017-06-14,21.1,32.8,20.6
"1627",2017-06-15,1.3,32.2,18.9
"1628",2017-06-16,40.1,30,18.9
"1629",2017-06-17,8.6,28.9,19.4
"1630",2017-06-18,3.6,30.6,20.6
"1631",2017-06-19,1.3,30.6,20
"1632",2017-06-20,7.6,29.4,18.3
"1633",2017-06-21,0,30.6,18.3
"1634",2017-06-22,0,30.6,18.9
"1635",2017-06-23,0.8,30.6,18.9
"1636",2017-06-24,1.8,30.6,20
"1637",2017-06-25,1.3,30,16.7
"1638",2017-06-26,0,27.8,12.8
"1639",2017-06-27,0,27.8,12.8
"1640",2017-06-28,0,27.8,10
"1641",2017-06-29,0,30.6,10
"1642",2017-06-30,0,30.6,14.4
"1643",2017-07-01,0,33.9,19.4
"1644",2017-07-02,0,33.9,22.2
"1645",2017-07-03,0,32.2,18.3
"1646",2017-07-04,0,32.2,18.3
"1647",2017-07-05,7.9,31.1,21.1
"1648",2017-07-06,8.4,30.6,19.4
"1649",2017-07-07,4.1,31.7,19.4
"1650",2017-07-08,0,31.7,21.7
"1651",2017-07-09,0,30.6,16.7
"1652",2017-07-10,0,32.2,16.7
"1653",2017-07-11,0,34.4,17.2
"1654",2017-07-12,0,35,18.3
"1655",2017-07-13,0,35,20
"1656",2017-07-14,1,34.4,22.2
"1657",2017-07-15,0,33.9,22.2
"1658",2017-07-16,0,32.8,17.8
"1659",2017-07-17,0,33.3,17.2
"1660",2017-07-18,0,33.9,17.2
"1661",2017-07-19,1.5,35.6,18.3
"1662",2017-07-20,0,36.1,18.3
"1663",2017-07-21,0,36.1,20.6
"1664",2017-07-22,0,36.1,22.2
"1665",2017-07-23,0,36.1,22.8
"1666",2017-07-24,22.4,35,21.1
"1667",2017-07-25,6.3,32.8,20
"1668",2017-07-26,0,32.2,20
"1669",2017-07-27,0,30.6,20
"1670",2017-07-28,0.8,30.6,20
"1671",2017-07-29,5.6,26.7,18.9
"1672",2017-07-30,1,28.3,13.9
"1673",2017-07-31,0,30.6,13.9
"1674",2017-08-01,0,30.6,13.9
"1675",2017-08-02,0,30.6,18.3
"1676",2017-08-03,0,31.7,16.7
"1677",2017-08-04,0,31.7,16.7
"1678",2017-08-05,0.3,31.7,17.8
"1679",2017-08-06,0,29.4,12.2
"1680",2017-08-07,3,29.4,12.2
"1681",2017-08-08,14.7,28.3,20
"1682",2017-08-09,0.3,27.8,17.8
"1683",2017-08-10,0,27.8,14.4
"1684",2017-08-11,0,27.8,14.4
"1685",2017-08-12,1.8,29.4,20
"1686",2017-08-13,1.5,29.4,20.6
"1687",2017-08-14,0,28.9,21.1
"1688",2017-08-15,0.8,30.6,21.1
"1689",2017-08-16,1.8,33.3,19.4
"1690",2017-08-17,0,35.6,19.4
"1691",2017-08-18,0.5,35.6,22.2
"1692",2017-08-19,0,33.9,19.4
"1693",2017-08-20,0,33.3,17.8
"1694",2017-08-21,0,36.1,17.8
"1695",2017-08-22,7.1,36.1,20
"1696",2017-08-23,0,35,20.6
"1697",2017-08-24,0,31.7,18.3
"1698",2017-08-25,0,28.3,13.3
"1699",2017-08-26,0,28.3,13.3
"1700",2017-08-27,0.5,27.2,17.8
"1701",2017-08-28,0,26.1,15.6
"1702",2017-08-29,0.8,23.9,15.6
"1703",2017-08-30,22.4,28.3,16.7
"1704",2017-08-31,4.3,28.3,16.7
"1705",2017-09-01,0,27.8,14.4
"1706",2017-09-02,23.1,15.6,12
"1707",2017-09-03,2.8,27.2,12.2
"1708",2017-09-04,0,30,13.3
"1709",2017-09-05,0,30.6,13.3
"1710",2017-09-06,0.5,21.7,14.4
"1711",2017-09-07,14,22.2,9.4
"1712",2017-09-08,0,24.4,8.3
"1713",2017-09-09,0,24.4,8.3
"1714",2017-09-10,0,23.9,8.3
"1715",2017-09-11,0,21.1,8.3
"1716",2017-09-12,0.5,18.3,12.8
"1717",2017-09-13,18,26.7,15
"1718",2017-09-14,1.3,26.7,17.8
"1719",2017-09-15,0.8,26.1,14.4
"1720",2017-09-16,0,27.2,14.4
"1721",2017-09-17,0,28.9,15
"1722",2017-09-18,0.8,28.9,16.1
"1723",2017-09-19,0,28.9,16.1
"1724",2017-09-20,0,28.9,16.1
"1725",2017-09-21,0,30,17.2
"1726",2017-09-22,0,30.6,17.2
"1727",2017-09-23,0,31.1,16.1
"1728",2017-09-24,0,31.1,15
"1729",2017-09-25,0,30.6,15
"1730",2017-09-26,0,32.2,16.7
"1731",2017-09-27,0,33.9,16.7
"1732",2017-09-28,0,33.9,17.2
"1733",2017-09-29,0,30.6,11.7
"1734",2017-09-30,0,27.2,11.7
"1735",2017-10-01,0,24.4,5.6
"1736",2017-10-02,0,22.8,5
"1737",2017-10-03,0,23.9,5
"1738",2017-10-04,0,27.8,7.8
"1739",2017-10-05,0,30.6,8.3
"1740",2017-10-06,0,30.6,11.1
"1741",2017-10-07,0,30.6,12.2
"1742",2017-10-08,0.8,28.3,12.2
"1743",2017-10-09,29.5,30.6,20
"1744",2017-10-10,0.3,30.6,20.6
"1745",2017-10-11,26.9,31.7,20.6
"1746",2017-10-12,0.3,31.7,17.8
"1747",2017-10-13,0,22.8,15
"1748",2017-10-14,1.5,25.6,15
"1749",2017-10-15,0,28.3,15.6
"1750",2017-10-16,0,28.3,11.7
"1751",2017-10-17,0,21.1,3.9
"1752",2017-10-18,0,20,2.8
"1753",2017-10-19,0,24.4,2.8
"1754",2017-10-20,0,24.4,4.4
"1755",2017-10-21,0,24.4,8.3
"1756",2017-10-22,0,24.4,8.3
"1757",2017-10-23,0,23.3,8.9
"1758",2017-10-24,34.3,20,10.6
"1759",2017-10-25,0,20,5.6
"1760",2017-10-26,0,15.6,3.9
"1761",2017-10-27,0,21.1,1.7
"1762",2017-10-28,0,21.1,1.7
"1763",2017-10-29,12.7,18.9,5.6
"1764",2017-10-30,8.1,15,3.9
"1765",2017-10-31,0,17.8,4.4
"1766",2017-11-01,0,15.6,5
"1767",2017-11-02,0,24.4,4.4
"1768",2017-11-03,0,26.1,9.4
"1769",2017-11-04,2.8,26.1,8.9
"1770",2017-11-05,5.3,19.4,8.3
"1771",2017-11-06,0,25,8.9
"1772",2017-11-07,0.5,25,7.8
"1773",2017-11-08,1,14.4,5.6
"1774",2017-11-09,2.8,11.7,5.6
"1775",2017-11-10,0.3,11.7,2.8
"1776",2017-11-11,0,10.6,-4.4
"1777",2017-11-12,0,8.3,-4.4
"1778",2017-11-13,2.5,13.9,-2.2
"1779",2017-11-14,0,13.9,3.3
"1780",2017-11-15,0,9.4,0.6
"1781",2017-11-16,0,16.7,2.2
"1782",2017-11-17,0,16.7,-0.6
"1783",2017-11-18,0,17.2,-0.6
"1784",2017-11-19,2.5,17.2,0.6
"1785",2017-11-20,0,16.7,0.6
"1786",2017-11-21,0,15.6,-2.8
"1787",2017-11-22,0,15.6,-2.8
"1788",2017-11-23,0,12.2,-3.9
"1789",2017-11-24,0,14.4,-3.9
"1790",2017-11-25,0,18.3,-3.3
"1791",2017-11-26,0,18.3,-0.6
"1792",2017-11-27,0,16.7,3.3
"1793",2017-11-28,0,18.3,0
"1794",2017-11-29,0,20,0
"1795",2017-11-30,0,20,2.2
"1796",2017-12-01,0,16.1,2.2
"1797",2017-12-02,0,16.1,0
"1798",2017-12-03,0,17.8,0
"1799",2017-12-04,0,17.8,-0.6
"1800",2017-12-05,0,16.1,-0.6
"1801",2017-12-06,0.5,16.1,2.2
"1802",2017-12-07,0,12.8,2.8
"1803",2017-12-08,0,9.4,0.6
"1804",2017-12-09,0.8,4.4,-1.1
"1805",2017-12-10,2.5,5,-1.1
"1806",2017-12-11,0,11.1,-0.6
"1807",2017-12-12,0,11.1,-3.3
"1808",2017-12-13,0,7.8,-6.1
"1809",2017-12-14,0,7.8,-6.1
"1810",2017-12-15,0,7.8,-1.1
"1811",2017-12-16,0,10,-1.1
"1812",2017-12-17,0,10,-0.6
"1813",2017-12-18,0.3,15.6,-0.6
"1814",2017-12-19,0,20,3.3
"1815",2017-12-20,0,20,6.7
"1816",2017-12-21,0,14.4,-1.1
"1817",2017-12-22,0,13.3,-1.1
"1818",2017-12-23,1.5,16.7,0.6
"1819",2017-12-24,3.3,16.7,3.3
"1820",2017-12-25,0.3,7.2,-3.3
"1821",2017-12-26,0,5,-3.9
"1822",2017-12-27,0,3.9,-5
"1823",2017-12-28,0,3.3,-11.1
"1824",2017-12-29,0,5.6,-11.1
"1825",2017-12-30,0,5.6,-8.9
"1826",2017-12-31,0,2.8,-10
"1827",2018-01-01,0,-4.4,-12.8
"1828",2018-01-02,0,0,-13.3
"1829",2018-01-03,0,0,-13.9
"1830",2018-01-04,0,-1.1,-13.9
"1831",2018-01-05,0,-2.8,-10
"1832",2018-01-06,0,-6.1,-12.2
"1833",2018-01-07,0,-2.2,-15.6
"1834",2018-01-08,0,2.2,-15.6
"1835",2018-01-09,1.5,14.4,0
"1836",2018-01-10,0,15,-0.6
"1837",2018-01-11,0,9,4
"1838",2018-01-12,16.5,19.4,5.6
"1839",2018-01-13,8.4,19.4,-5
"1840",2018-01-14,0.8,-1.7,-9.4
"1841",2018-01-15,0,0.6,-10.6
"1842",2018-01-16,0,6.7,-12.2
"1843",2018-01-17,1.3,6.7,-8.9
"1844",2018-01-18,2.5,3.9,-11.1
"1845",2018-01-19,0,11.7,-1.1
"1846",2018-01-20,0,16.7,-1.7
"1847",2018-01-21,0,16.7,1.7
"1848",2018-01-22,0,17.8,3.9
"1849",2018-01-23,5.6,17.8,3.9
"1850",2018-01-24,0,15.6,2.2
"1851",2018-01-25,0,8.9,-1.7
"1852",2018-01-26,0,12.8,-5
"1853",2018-01-27,0,13.3,-5
"1854",2018-01-28,1,12,8.3
"1855",2018-01-29,14.7,11.7,2.8
"1856",2018-01-30,2.8,10,-3.3
"1857",2018-01-31,0.3,8.3,-6.7
"1858",2018-02-01,0,11.1,1.7
"1859",2018-02-02,0,11.7,-7.2
"1860",2018-02-03,0,5,-9.4
"1861",2018-02-04,0,4.4,-9.4
"1862",2018-02-05,23.1,6.1,-2.2
"1863",2018-02-06,0,9.4,-4.4
"1864",2018-02-07,6.6,9.4,-4.4
"1865",2018-02-08,19,7.8,-1.1
"1866",2018-02-09,0,13.3,-3.9
"1867",2018-02-10,0.3,13.3,-3.9
"1868",2018-02-11,34.5,19.4,1.1
"1869",2018-02-12,4.3,19.4,7.2
"1870",2018-02-13,1,16.1,0.6
"1871",2018-02-14,1,16.1,-0.6
"1872",2018-02-15,1,22.8,8.3
"1873",2018-02-16,0,23.3,8.3
"1874",2018-02-17,0.5,11.7,1.1
"1875",2018-02-18,2.3,12.8,1.1
"1876",2018-02-19,5.3,12.8,2.8
"1877",2018-02-20,0,24.4,4.4
"1878",2018-02-21,0,25,8.9
"1879",2018-02-22,0,28.9,8.9
"1880",2018-02-23,0,22.2,7
"1881",2018-02-24,0,22.2,7.2
"1882",2018-02-25,0.3,22.2,7.2
"1883",2018-02-26,1.5,18.9,8.3
"1884",2018-02-27,0,15,-1.7
"1885",2018-02-28,0,15,-1.7
"1886",2018-03-01,2.8,12.8,4.4
"1887",2018-03-02,6.3,15,3.9
"1888",2018-03-03,0,11.7,0
"1889",2018-03-04,0,15,0
"1890",2018-03-05,0,15,0
"1891",2018-03-06,0,12.2,0
"1892",2018-03-07,0,8.3,1.7
"1893",2018-03-08,0.3,8.3,-1.1
"1894",2018-03-09,0.5,7.8,-2.8
"1895",2018-03-10,0,8.3,-2.8
"1896",2018-03-11,0.3,8.9,1.7
"1897",2018-03-12,3.6,8.9,0
"1898",2018-03-13,8.6,5,0
"1899",2018-03-14,0.3,4.4,-2.2
"1900",2018-03-15,0,15,-2.2
"1901",2018-03-16,0,15,-1.7
"1902",2018-03-17,0,19.4,0
"1903",2018-03-18,11.7,19.4,0
"1904",2018-03-19,1.5,17.2,5
"1905",2018-03-20,18.8,14.4,2.8
"1906",2018-03-21,13.7,8.3,-1.7
"1907",2018-03-22,2.3,8.3,-1.7
"1908",2018-03-23,0,10.6,0
"1909",2018-03-24,0,10.6,-3.3
"1910",2018-03-25,11.4,10,-3.3
"1911",2018-03-26,0.3,10.6,-0.6
"1912",2018-03-27,2.5,10.6,0
"1913",2018-03-28,2.3,22.2,0.6
"1914",2018-03-29,0,25.6,11.7
"1915",2018-03-30,0.8,26.1,8.9
"1916",2018-03-31,0.5,18.3,0.6
"1917",2018-04-01,0,18.3,10.6
"1918",2018-04-02,0,18.9,10
"1919",2018-04-03,1.5,17.8,6.7
"1920",2018-04-04,1.3,17.2,6.7
"1921",2018-04-05,1,17.2,-1.1
"1922",2018-04-06,0,21.7,-1.1
"1923",2018-04-07,0,21.7,1.1
"1924",2018-04-08,2.3,11.7,-1.7
"1925",2018-04-09,0.3,11.1,-1.7
"1926",2018-04-10,0.3,14.4,1.1
"1927",2018-04-11,0,18.3,1.1
"1928",2018-04-12,0,26.1,4.4
"1929",2018-04-13,0,27.8,4.4
"1930",2018-04-14,0,27.8,10
"1931",2018-04-15,0,27.8,13.9
"1932",2018-04-16,36.6,23.9,4.4
"1933",2018-04-17,3,18.3,1.1
"1934",2018-04-18,0,27.2,1.1
"1935",2018-04-19,0,27.2,6.1
"1936",2018-04-20,0,21.7,3.3
"1937",2018-04-21,0,19.4,1.1
"1938",2018-04-22,0,20.6,1.1
"1939",2018-04-23,0,20.6,7.2
"1940",2018-04-24,21.8,17.2,10
"1941",2018-04-25,33,21.1,10
"1942",2018-04-26,0.5,22.2,8.3
"1943",2018-04-27,4.8,22.2,8.3
"1944",2018-04-28,1.8,25,8.3
"1945",2018-04-29,0,25,6.1
"1946",2018-04-30,0,22.8,5
"1947",2018-05-01,0,28.9,5
"1948",2018-05-02,0,30.6,5.6
"1949",2018-05-03,0,32.2,13.3
"1950",2018-05-04,0,32.2,16.1
"1951",2018-05-05,0,32.2,17.2
"1952",2018-05-06,0,25.6,15
"1953",2018-05-07,0,25.6,10
"1954",2018-05-08,0,25.6,10
"1955",2018-05-09,0,26.1,11.1
"1956",2018-05-10,0,30.6,11.1
"1957",2018-05-11,3,31.7,13.3
"1958",2018-05-12,0,33.9,13.9
"1959",2018-05-13,0,33.9,18.3
"1960",2018-05-14,0,33.9,18.3
"1961",2018-05-15,0,31.7,17.8
"1962",2018-05-16,41.1,31.7,17.8
"1963",2018-05-17,35.1,25,18.3
"1964",2018-05-18,66.8,25,18.3
"1965",2018-05-19,38.1,23,16.1
"1966",2018-05-20,1,31.1,16.1
"1967",2018-05-21,0,31.1,17.8
"1968",2018-05-22,9.4,28.9,17.8
"1969",2018-05-23,13.5,29.4,17.8
"1970",2018-05-24,0,29.4,17.8
"1971",2018-05-25,0,28.9,16.1
"1972",2018-05-26,0,28.9,16.1
"1973",2018-05-27,3,29.4,19.4
"1974",2018-05-28,11.9,29.4,19.4
"1975",2018-05-29,0.8,25.6,20
"1976",2018-05-30,3,27.2,20
"1977",2018-05-31,9.1,27.8,21
"1978",2018-06-01,5.3,31.7,19.4
"1979",2018-06-02,0.3,31.7,19.4
"1980",2018-06-03,4.3,31.1,19.4
"1981",2018-06-04,1.5,31.1,15
"1982",2018-06-05,0,28.3,15
"1983",2018-06-06,0,28.3,15
"1984",2018-06-07,0,27.2,15
"1985",2018-06-08,0,30.6,15
"1986",2018-06-09,0,31.7,16.1
"1987",2018-06-10,0,31.7,18.3
"1988",2018-06-11,1.5,31.1,17.2
"1989",2018-06-12,1.5,20,16
"1990",2018-06-13,0.8,29.4,16.1
"1991",2018-06-14,0.5,32.2,18.3
"1992",2018-06-15,0,32.2,13.9
"1993",2018-06-16,0,31.7,13.9
"1994",2018-06-17,0,34.4,15.6
"1995",2018-06-18,4.6,35.6,19.4
"1996",2018-06-19,0,35.6,20
"1997",2018-06-20,0,35,22.8
"1998",2018-06-21,0,33.9,22.8
"1999",2018-06-22,23.6,31.1,21.1
"2000",2018-06-23,38.6,30,19.4
"2001",2018-06-24,0,32.2,19.4
"2002",2018-06-25,0,32.2,20.6
"2003",2018-06-26,7.4,24.4,19
"2004",2018-06-27,8.4,27.8,18.3
"2005",2018-06-28,0.3,31.7,18.3
"2006",2018-06-29,0,31.7,18.3
"2007",2018-06-30,0,31.7,18.3
"2008",2018-07-01,0,33.3,18.9
"2009",2018-07-02,0,33.3,18.9
"2010",2018-07-03,0.5,33.9,21.1
"2011",2018-07-04,0,33.9,21.1
"2012",2018-07-05,0,33.3,23.3
"2013",2018-07-06,7.4,33.3,21.1
"2014",2018-07-07,19.6,32.2,20
"2015",2018-07-08,0,27.8,13.3
"2016",2018-07-09,0,30.6,13.3
"2017",2018-07-10,0,32.8,13.3
"2018",2018-07-11,0,33.3,17.2
"2019",2018-07-12,0,33.3,20.6
"2020",2018-07-13,0,30.6,21.1
"2021",2018-07-14,0,31.1,18.3
"2022",2018-07-15,0,33.3,18.3
"2023",2018-07-16,0,33.3,18.9
"2024",2018-07-17,0,32.8,22.2
"2025",2018-07-18,0,32.8,19.4
"2026",2018-07-19,0,30.6,15.6
"2027",2018-07-20,0,30,15.6
"2028",2018-07-21,0,28.3,19.4
"2029",2018-07-22,5.1,28.3,18.3
"2030",2018-07-23,13.2,27.2,18
"2031",2018-07-24,23.6,27.2,18.3
"2032",2018-07-25,10.7,27.2,20.6
"2033",2018-07-26,22.9,31.7,19.4
"2034",2018-07-27,0,32.2,19.4
"2035",2018-07-28,0,32.2,19.4
"2036",2018-07-29,0,30,18.3
"2037",2018-07-30,7.9,28.3,18.3
"2038",2018-07-31,0.8,28.3,20
"2039",2018-08-01,2,29.4,20
"2040",2018-08-02,9.9,29.4,21.1
"2041",2018-08-03,10.9,27.8,20.6
"2042",2018-08-04,7.1,31.7,18.9
"2043",2018-08-05,0,32.2,18.9
"2044",2018-08-06,0,32.2,20
"2045",2018-08-07,5.6,32.8,20
"2046",2018-08-08,2.3,32.8,21.1
"2047",2018-08-09,1.8,31.7,21.7
"2048",2018-08-10,0,31.7,18.3
"2049",2018-08-11,1.5,31.7,18.3
"2050",2018-08-12,0.3,31.1,19.4
"2051",2018-08-13,20.6,29.4,18.3
"2052",2018-08-14,0,29.4,16.7
"2053",2018-08-15,0,30.6,16.7
"2054",2018-08-16,0,32.8,17.2
"2055",2018-08-17,0,33.9,19.4
"2056",2018-08-18,0,33.9,21.1
"2057",2018-08-19,22.1,30,20.6
"2058",2018-08-20,1,30,20.6
"2059",2018-08-21,42.9,28.3,21.1
"2060",2018-08-22,0,28.3,20.6
"2061",2018-08-23,0,27.8,13.9
"2062",2018-08-24,0,26.7,12.2
"2063",2018-08-25,0,27.8,12.2
"2064",2018-08-26,0,30.6,13.3
"2065",2018-08-27,1,31.7,16.7
"2066",2018-08-28,0,33.9,20.6
"2067",2018-08-29,0,34.4,20.6
"2068",2018-08-30,0,34.4,21.1
"2069",2018-08-31,4.3,29.4,19
"2070",2018-09-01,0,31.1,19.4
"2071",2018-09-02,0,32.2,19.4
"2072",2018-09-03,0,33.3,19.4
"2073",2018-09-04,0,33.3,20
"2074",2018-09-05,0,33.3,20.6
"2075",2018-09-06,0,34.4,20
"2076",2018-09-07,0,34.4,20
"2077",2018-09-08,0,32.2,19.4
"2078",2018-09-09,17,19.4,16
"2079",2018-09-10,7.9,21.1,15.6
"2080",2018-09-11,7.6,26.7,15.6
"2081",2018-09-12,54.4,27.2,20
"2082",2018-09-13,1.5,29.4,21.1
"2083",2018-09-14,0.8,29.4,22.2
"2084",2018-09-15,4.1,25.6,21.1
"2085",2018-09-16,1.5,25,20
"2086",2018-09-17,75.7,28.9,22
"2087",2018-09-18,38.1,29.4,22.2
"2088",2018-09-19,0,31.7,17.2
"2089",2018-09-20,0,31.7,17.2
"2090",2018-09-21,0.5,30.6,18.9
"2091",2018-09-22,0,30.6,20.6
"2092",2018-09-23,58.7,30,16.7
"2093",2018-09-24,0.8,18.3,16.7
"2094",2018-09-25,3.6,25,16.7
"2095",2018-09-26,2.3,29.4,17.8
"2096",2018-09-27,0.5,29.4,15
"2097",2018-09-28,25.9,26.1,15
"2098",2018-09-29,0.5,26.1,14.4
"2099",2018-09-30,0,25.6,13.3
"2100",2018-10-01,0,27.8,13.3
"2101",2018-10-02,0,28.3,17.8
"2102",2018-10-03,0,30.6,17.8
"2103",2018-10-04,4.8,31.1,18.3
"2104",2018-10-05,0,31.1,18.3
"2105",2018-10-06,3.8,28.9,20
"2106",2018-10-07,0,30.6,20
"2107",2018-10-08,8.9,26.7,19
"2108",2018-10-09,0,27.8,19.4
"2109",2018-10-10,2.3,25.6,20
"2110",2018-10-11,16.3,23.3,20
"2111",2018-10-12,61.5,23.3,10
"2112",2018-10-13,0,19.4,10
"2113",2018-10-14,0,11.7,8
"2114",2018-10-15,1.5,26.7,8.3
"2115",2018-10-16,0.3,26.7,11.1
"2116",2018-10-17,1.5,20,11.7
"2117",2018-10-18,0,20,7.2
"2118",2018-10-19,0,20,2.8
"2119",2018-10-20,0,18.9,13.9
"2120",2018-10-21,0,19.4,5
"2121",2018-10-22,0,16.1,0
"2122",2018-10-23,0,21.7,0
"2123",2018-10-24,0,21.7,4.4
"2124",2018-10-25,0,16.1,1.1
"2125",2018-10-26,0.3,13.3,1.1
"2126",2018-10-27,28.2,15.6,6.1
"2127",2018-10-28,0,17.8,7.2
"2128",2018-10-29,3.3,17.8,8.9
"2129",2018-10-30,0,19.4,2.8
"2130",2018-10-31,0,24.4,2.8
"2131",2018-11-01,0,24.4,6.1
"2132",2018-11-02,1,21.7,10
"2133",2018-11-03,9.1,19.4,7.2
"2134",2018-11-04,0,14.4,0
"2135",2018-11-05,1.5,14.4,9
"2136",2018-11-06,0.3,19.4,9.4
"2137",2018-11-07,2.5,21.7,6.1
"2138",2018-11-08,0,21.7,6.1
"2139",2018-11-09,2.8,17.2,6.1
"2140",2018-11-10,7.6,10,1.1
"2141",2018-11-11,0,8.3,-5.6
"2142",2018-11-12,0,8.3,-5.6
"2143",2018-11-13,24.9,10,-1.7
"2144",2018-11-14,1,10,2.2
"2145",2018-11-15,7.4,6.1,0.6
"2146",2018-11-16,33.3,10,0.6
"2147",2018-11-17,0,14.4,2.2
"2148",2018-11-18,0,11.7,-0.6
"2149",2018-11-19,0,16.7,2.8
"2150",2018-11-20,0,12.2,6.7
"2151",2018-11-21,0,11.7,1.1
"2152",2018-11-22,0,11.1,2.8
"2153",2018-11-23,0,11.1,-1.7
"2154",2018-11-24,1,7.2,-1.7
"2155",2018-11-25,25.7,16.1,-1.7
"2156",2018-11-26,0,16.1,3.3
"2157",2018-11-27,0,4.4,-0.6
"2158",2018-11-28,0,3.3,-4.4
"2159",2018-11-29,0,11.1,-5
"2160",2018-11-30,1.3,16.1,5
"2161",2018-12-01,4.6,13.9,4
"2162",2018-12-02,3.8,13.9,3.9
"2163",2018-12-03,0.3,16.7,4.4
"2164",2018-12-04,0,16.7,3.9
"2165",2018-12-05,0,6.1,1.1
"2166",2018-12-06,0,7.2,-1.1
"2167",2018-12-07,0,7.2,-1.1
"2168",2018-12-08,0,4.4,-2
"2169",2018-12-09,3.8,4.4,-3.3
"2170",2018-12-10,29,7.2,-3.3
"2171",2018-12-11,0.3,7.2,-7.8
"2172",2018-12-12,0,6.7,-7.8
"2173",2018-12-13,0,9.4,-0.6
"2174",2018-12-14,0,9.4,-3.3
"2175",2018-12-15,15.7,8.3,2.2
"2176",2018-12-16,13.5,13.3,3.9
"2177",2018-12-17,4.6,14.4,5
"2178",2018-12-18,0,14.4,2.2
"2179",2018-12-19,0,11.1,-2.8
"2180",2018-12-20,0,10.6,-2.8
"2181",2018-12-21,39.6,15.6,0.6
"2182",2018-12-22,6.3,7.2,3.3
"2183",2018-12-23,0,11.1,-1.7
"2184",2018-12-24,0,11.1,-1.7
"2185",2018-12-25,0,8.9,-0.6
"2186",2018-12-26,0,8.9,-3.9
"2187",2018-12-27,0,8.3,-3.9
"2188",2018-12-28,21.6,11.1,-3.3
"2189",2018-12-29,17.8,15.6,3.3
"2190",2018-12-30,0,15.6,4.4
"2191",2018-12-31,0,14.4,4.4
"2192",2019-01-01,1.5,16.7,5
"2193",2019-01-02,0,16.7,3.9
"2194",2019-01-03,3.6,11.1,3.9
"2195",2019-01-04,2.5,11.1,2.2
"2196",2019-01-05,7.4,12.8,2.2
"2197",2019-01-06,0.5,17.2,4.4
"2198",2019-01-07,0,17.2,3.3
"2199",2019-01-08,0,18.9,3.3
"2200",2019-01-09,0,18.9,1.1
"2201",2019-01-10,0,1.7,-4.4
"2202",2019-01-11,0,5,-7.2
"2203",2019-01-12,0,5,-7.2
"2204",2019-01-13,15,1.1,-2.2
"2205",2019-01-14,0.8,2.2,-2
"2206",2019-01-15,0,5.6,-1.7
"2207",2019-01-16,0,7.2,-2.2
"2208",2019-01-17,0,7.2,-3.3
"2209",2019-01-18,2,10,-3.3
"2210",2019-01-19,0,10,0
"2211",2019-01-20,17.8,9.4,-6.1
"2212",2019-01-21,3,-2.8,-12.2
"2213",2019-01-22,0,2.2,-12.2
"2214",2019-01-23,0,8.3,-0.6
"2215",2019-01-24,11.2,12.8,0
"2216",2019-01-25,0.5,4.4,-1.1
"2217",2019-01-26,0,6.7,-3.9
"2218",2019-01-27,0,8.3,-3.9
"2219",2019-01-28,0,9.4,-3.9
"2220",2019-01-29,0,9.4,-2.2
"2221",2019-01-30,0.5,4.4,-7.2
"2222",2019-01-31,0,1.7,-12.8
"2223",2019-02-01,0,6.1,-12.8
"2224",2019-02-02,0,16.1,-5
"2225",2019-02-03,0,18.3,-3.9
"2226",2019-02-04,0,20,-0.6
"2227",2019-02-05,0,21.1,8.3
"2228",2019-02-06,0,21.7,6.1
"2229",2019-02-07,0.3,22.2,6.1
"2230",2019-02-08,3,22.2,6.7
"2231",2019-02-09,0,6.7,-2.2
"2232",2019-02-10,0,5.6,-5.6
"2233",2019-02-11,4.6,6.1,-5.6
"2234",2019-02-12,11.4,6.1,0
"2235",2019-02-13,5.3,10.6,1.1
"2236",2019-02-14,0,14.4,0.6
"2237",2019-02-15,0,16.1,9.4
"2238",2019-02-16,1.5,16.1,1.7
"2239",2019-02-17,9.7,10,0.6
"2240",2019-02-18,18.8,10,0.6
"2241",2019-02-19,1.3,10,-1.1
"2242",2019-02-20,15.5,7.2,-1.1
"2243",2019-02-21,20.1,16.1,0
"2244",2019-02-22,6.3,16.1,0.6
"2245",2019-02-23,25.1,6.7,3
"2246",2019-02-24,23.4,19.4,2
"2247",2019-02-25,8.1,19.4,2.2
"2248",2019-02-26,0,17.2,-1.1
"2249",2019-02-27,0,17.2,-1.1
"2250",2019-02-28,0,16.1,0.6
"2251",2019-03-01,4.6,16.1,2.2
"2252",2019-03-02,14.7,12.8,2
"2253",2019-03-03,0,12.8,2.2
"2254",2019-03-04,14,5.6,0
"2255",2019-03-05,0,5,-4.4
"2256",2019-03-06,0,5,-6.7
"2257",2019-03-07,0,8.3,-6.7
"2258",2019-03-08,0,8.3,-3.3
"2259",2019-03-09,3.6,3.9,0
"2260",2019-03-10,6.6,22.8,0.6
"2261",2019-03-11,3.8,22.8,1.1
"2262",2019-03-12,0,17.2,3.9
"2263",2019-03-13,0,16.7,-0.6
"2264",2019-03-14,0,20,6.7
"2265",2019-03-15,0,22.8,16.7
"2266",2019-03-16,0.3,22.8,3.9
"2267",2019-03-17,0,13.9,-0.6
"2268",2019-03-18,0,13.9,-0.6
"2269",2019-03-19,0,11.7,-3.3
"2270",2019-03-20,0,13.3,-3.3
"2271",2019-03-21,2.3,13.9,-1.1
"2272",2019-03-22,0,13.9,5
"2273",2019-03-23,0,15,3.3
"2274",2019-03-24,0,21.7,-2.2
"2275",2019-03-25,0,18.9,7.8
"2276",2019-03-26,2.3,18.3,6.1
"2277",2019-03-27,0,13.9,-1.1
"2278",2019-03-28,0,20,-1.1
"2279",2019-03-29,0,23.3,9.4
"2280",2019-03-30,0,25,8.3
"2281",2019-03-31,0,25,6.7
"2282",2019-04-01,0,10,-2.8
"2283",2019-04-02,0,11.1,-2.8
"2284",2019-04-03,0,21.7,-0.6
"2285",2019-04-04,0,22.8,1.1
"2286",2019-04-05,1,22.8,7.2
"2287",2019-04-06,12.2,21.7,8.9
"2288",2019-04-07,0,21.7,9.4
"2289",2019-04-08,1.5,26.1,12.8
"2290",2019-04-09,11.7,26.7,12.8
"2291",2019-04-10,0,25,7.8
"2292",2019-04-11,0,25,7.8
"2293",2019-04-12,0,23.9,10
"2294",2019-04-13,7.1,20.6,14.4
"2295",2019-04-14,0.5,22.2,13.3
"2296",2019-04-15,46.5,22.8,7.8
"2297",2019-04-16,0.8,22.2,3.3
"2298",2019-04-17,0,27.2,13.9
"2299",2019-04-18,0,28.3,12.2
"2300",2019-04-19,1.5,28.3,12.8
"2301",2019-04-20,30.5,22.2,10
"2302",2019-04-21,0,17.8,6.7
"2303",2019-04-22,0,25,6.1
"2304",2019-04-23,0,30,6.1
"2305",2019-04-24,0,27.8,19.4
"2306",2019-04-25,0,28.3,12.8
"2307",2019-04-26,0.3,26.1,12.8
"2308",2019-04-27,3.8,22.8,10
"2309",2019-04-28,0,27.2,10.6
"2310",2019-04-29,0,27.2,9.4
"2311",2019-04-30,0,31.7,9.4
"2312",2019-05-01,0,31.7,10.6
"2313",2019-05-02,0,31.1,15
"2314",2019-05-03,0,30.6,15
"2315",2019-05-04,18.8,29.4,15
"2316",2019-05-05,3.6,27.2,15.6
"2317",2019-05-06,4.1,25.6,12.8
"2318",2019-05-07,0,25.6,11.7
"2319",2019-05-08,3.3,28.3,11.7
"2320",2019-05-09,0,28.3,15
"2321",2019-05-10,0,27.2,18.3
"2322",2019-05-11,0,27.2,18.9
"2323",2019-05-12,8.4,25,18.9
"2324",2019-05-13,7.6,25,12.2
"2325",2019-05-14,0.3,20.6,10
"2326",2019-05-15,0,22.8,6.1
"2327",2019-05-16,0,26.7,6.1
"2328",2019-05-17,0,31.1,10
"2329",2019-05-18,1,32.8,12.8
"2330",2019-05-19,0.8,32.8,16.7
"2331",2019-05-20,0,32.2,16.7
"2332",2019-05-21,0,31.1,13.9
"2333",2019-05-22,0,27.8,12.8
"2334",2019-05-23,0,32.8,12.8
"2335",2019-05-24,0,33.3,18.9
"2336",2019-05-25,0,33.3,20
"2337",2019-05-26,3.3,32.8,20
"2338",2019-05-27,6.3,32.8,18.9
"2339",2019-05-28,0,33.9,18.9
"2340",2019-05-29,0,33.9,19.4
"2341",2019-05-30,4.8,32.8,18.9
"2342",2019-05-31,0,31.7,18.9
"2343",2019-06-01,10.2,30,15.6
"2344",2019-06-02,1,30,15
"2345",2019-06-03,0,30,15
"2346",2019-06-04,0,26.7,10
"2347",2019-06-05,0,26.7,10
"2348",2019-06-06,0,32.2,16.7
"2349",2019-06-07,2.5,22.8,20.6
"2350",2019-06-08,33,21.1,17
"2351",2019-06-09,53.8,21.1,17
"2352",2019-06-10,9.7,26.1,17.2
"2353",2019-06-11,12.4,26.1,16.7
"2354",2019-06-12,0,26.1,11.7
"2355",2019-06-13,2.8,25.6,11.7
"2356",2019-06-14,1.5,25.6,14.4
"2357",2019-06-15,0,28.9,11.1
"2358",2019-06-16,0,32.8,11.1
"2359",2019-06-17,1,32.8,18.9
"2360",2019-06-18,4.6,31.7,20
"2361",2019-06-19,3.3,29.4,19.4
"2362",2019-06-20,3.6,28.9,19.4
"2363",2019-06-21,0,28.9,19.4
"2364",2019-06-22,0,27.2,17.2
"2365",2019-06-23,0,27.8,14.4
"2366",2019-06-24,0,32.8,14.4
"2367",2019-06-25,7.1,32.8,17.8
"2368",2019-06-26,0,31.7,17.2
"2369",2019-06-27,0,32.8,17.2
"2370",2019-06-28,0,32.8,18.3
"2371",2019-06-29,0,33.9,20
"2372",2019-06-30,5.6,33.9,20
"2373",2019-07-01,0,33.3,20
"2374",2019-07-02,0,33.9,18.9
"2375",2019-07-03,0.3,33.9,18.9
"2376",2019-07-04,0,33.9,21.1
"2377",2019-07-05,1.8,32.8,21.1
"2378",2019-07-06,0,34.4,21.1
"2379",2019-07-07,0,34.4,21.7
"2380",2019-07-08,3.6,33.3,21.1
"2381",2019-07-09,0,33.3,21.1
"2382",2019-07-10,0,32.2,20.6
"2383",2019-07-11,0,32.2,20.6
"2384",2019-07-12,1,33.9,21.7
"2385",2019-07-13,0,33.9,20.6
"2386",2019-07-14,0,35.6,20.6
"2387",2019-07-15,0,35.6,21.1
"2388",2019-07-16,2.5,33.9,20.6
"2389",2019-07-17,0,33.9,20.6
"2390",2019-07-18,0,35,22.2
"2391",2019-07-19,0,36.1,23.3
"2392",2019-07-20,0,37.2,23.3
"2393",2019-07-21,0,37.2,22.2
"2394",2019-07-22,70.1,35,21.7
"2395",2019-07-23,22.6,30,17.8
"2396",2019-07-24,11.9,28.3,16.1
"2397",2019-07-25,0,29.4,14.4
"2398",2019-07-26,0,29.4,14.4
"2399",2019-07-27,0,30.6,15.6
"2400",2019-07-28,0,32.8,16.7
"2401",2019-07-29,0,32.8,18.3
"2402",2019-07-30,0,33.3,19.4
"2403",2019-07-31,5.6,33.3,20
"2404",2019-08-01,0,32.2,18.9
"2405",2019-08-02,6.3,32.2,18.9
"2406",2019-08-03,0,30.6,18.9
"2407",2019-08-04,0.3,32.2,18.9
"2408",2019-08-05,0,32.2,19.4
"2409",2019-08-06,0,32.2,18.9
"2410",2019-08-07,0,32.2,18.9
"2411",2019-08-08,0,32.2,19.4
"2412",2019-08-09,0,32.2,19.4
"2413",2019-08-10,0,32.2,18.9
"2414",2019-08-11,0,30,15.6
"2415",2019-08-12,0,32.8,15.6
"2416",2019-08-13,0,32.8,17.8
"2417",2019-08-14,0.8,35,23.3
"2418",2019-08-15,0,35,21.1
"2419",2019-08-16,5.3,33.3,20
"2420",2019-08-17,16.5,33.3,20
"2421",2019-08-18,0,33.9,20
"2422",2019-08-19,0,33.9,20
"2423",2019-08-20,0,33.9,21.1
"2424",2019-08-21,0,35,21.1
"2425",2019-08-22,0,35.6,21.1
"2426",2019-08-23,8.1,35.6,21.1
"2427",2019-08-24,38.1,30.6,17.2
"2428",2019-08-25,0.3,24.4,16.7
"2429",2019-08-26,0,24.4,16.7
"2430",2019-08-27,1,24.4,17.8
"2431",2019-08-28,3,30,18.3
"2432",2019-08-29,0,30,13.3
"2433",2019-08-30,0,31.1,13.3
"2434",2019-08-31,0,32.2,13.3
"2435",2019-09-01,0,32.2,16.7
"2436",2019-09-02,0,30.6,16.7
"2437",2019-09-03,1.3,31.1,16.7
"2438",2019-09-04,0,35,18.3
"2439",2019-09-05,0,35,18.3
"2440",2019-09-06,0,31.7,20.6
"2441",2019-09-07,0.3,31.7,16.7
"2442",2019-09-08,0,30.6,13.9
"2443",2019-09-09,0,30.6,13.9
"2444",2019-09-10,0,30.6,20.6
"2445",2019-09-11,0,35,20.6
"2446",2019-09-12,14.5,36.1,20.6
"2447",2019-09-13,0.5,36.1,20.6
"2448",2019-09-14,0,26.7,18.9
"2449",2019-09-15,3.8,30.6,18.3
"2450",2019-09-16,0,33.3,16.7
"2451",2019-09-17,0,33.3,16.7
"2452",2019-09-18,0,28.9,18.9
"2453",2019-09-19,0,25,15.6
"2454",2019-09-20,0,26.7,9.4
"2455",2019-09-21,0,31.1,9.4
"2456",2019-09-22,0,33.3,15.6
"2457",2019-09-23,0,33.3,17.8
"2458",2019-09-24,0,32.2,18.9
"2459",2019-09-25,0,29.4,11.7
"2460",2019-09-26,0,33.9,11.7
"2461",2019-09-27,0,33.9,15.6
"2462",2019-09-28,0,32.2,15.6
"2463",2019-09-29,13,33.3,19.4
"2464",2019-09-30,0,33.3,19.4
"2465",2019-10-01,0.3,32.8,20.6
"2466",2019-10-02,0,34.4,20.6
"2467",2019-10-03,0,36.7,20.6
"2468",2019-10-04,0,36.7,20.6
"2469",2019-10-05,0,31.7,11.1
"2470",2019-10-06,4.6,20.6,11.1
"2471",2019-10-07,0,26.1,12.8
"2472",2019-10-08,3.8,23.3,13
"2473",2019-10-09,7.6,22.8,12.8
"2474",2019-10-10,0,24.4,12.8
"2475",2019-10-11,0,26.1,9.4
"2476",2019-10-12,0,26.1,9.4
"2477",2019-10-13,0,25,10.6
"2478",2019-10-14,0,24.4,8.9
"2479",2019-10-15,0,24.4,6.1
"2480",2019-10-16,6.1,23.3,6.1
"2481",2019-10-17,18.5,17.8,8.9
"2482",2019-10-18,0,19.4,7.2
"2483",2019-10-19,0,19.4,2.2
"2484",2019-10-20,43.4,20.6,2.2
"2485",2019-10-21,0.8,20.6,10
"2486",2019-10-22,1.3,20,10.6
"2487",2019-10-23,11.7,20,8.9
"2488",2019-10-24,0,20,2.2
"2489",2019-10-25,0,20,2.2
"2490",2019-10-26,0.3,20,5.6
"2491",2019-10-27,23.9,23.9,12.2
"2492",2019-10-28,20.1,23.9,8.3
"2493",2019-10-29,0,21.1,8.3
"2494",2019-10-30,0,16.7,12.2
"2495",2019-10-31,18.8,25,15
"2496",2019-11-01,20.1,15.6,2.8
"2497",2019-11-02,0,15,-1.1
"2498",2019-11-03,0,15,-1.1
"2499",2019-11-04,0,15.6,-1.7
"2500",2019-11-05,0,18.9,-1.7
"2501",2019-11-06,0,18.9,0.6
"2502",2019-11-07,0,16.7,4.4
"2503",2019-11-08,0.5,16.7,0.6
"2504",2019-11-09,0,10,-5
"2505",2019-11-10,0,20,-5
"2506",2019-11-11,0,21.1,-1.7
"2507",2019-11-12,0,21.1,-2.8
"2508",2019-11-13,0.5,2.2,-7.8
"2509",2019-11-14,0,6.7,-7.8
"2510",2019-11-15,0,12.2,-7.8
"2511",2019-11-16,0,12.2,-1.1
"2512",2019-11-17,0,8.9,-1.1
"2513",2019-11-18,0,7.8,1.7
"2514",2019-11-19,4.3,11.7,2.2
"2515",2019-11-20,0,13.3,2.2
"2516",2019-11-21,0,13.3,0.6
"2517",2019-11-22,0,15.6,0.6
"2518",2019-11-23,0.5,15.6,1.1
"2519",2019-11-24,12.7,11.1,1.1
"2520",2019-11-25,0.3,15.6,1.1
"2521",2019-11-26,0,16.7,1.1
"2522",2019-11-27,3.3,20,1.1
"2523",2019-11-28,2.3,20,4.4
"2524",2019-11-29,0,13.3,2.8
"2525",2019-11-30,0.3,13.3,2.8
"2526",2019-12-01,23.4,10,3.9
"2527",2019-12-02,12.4,7.2,2.8
"2528",2019-12-03,0,7.2,2.2
"2529",2019-12-04,0,11.7,0.6
"2530",2019-12-05,0,12.2,0.6
"2531",2019-12-06,0,12.2,0
"2532",2019-12-07,0,12.2,0
"2533",2019-12-08,0,9.4,-1.1
"2534",2019-12-09,2.3,7.8,-1.1
"2535",2019-12-10,10.9,13.3,0.6
"2536",2019-12-11,1.8,13.3,-0.6
"2537",2019-12-12,0,6.1,-5
"2538",2019-12-13,4.8,4.4,-5
"2539",2019-12-14,17.8,12.8,-1.1
"2540",2019-12-15,2.3,12.8,2.8
"2541",2019-12-16,0,12.2,2.8
"2542",2019-12-17,0.5,11.7,2.8
"2543",2019-12-18,0.5,11.7,-2.8
"2544",2019-12-19,0,6.7,-5.6
"2545",2019-12-20,0,12.2,-5.6
"2546",2019-12-21,0,12.2,-3.3
"2547",2019-12-22,0,9.4,-1.7
"2548",2019-12-23,0,11.7,-1.7
"2549",2019-12-24,0,18.3,0.6
"2550",2019-12-25,0,18.3,-0.6
"2551",2019-12-26,0,20,-0.6
"2552",2019-12-27,0,20,0.6
"2553",2019-12-28,0,20,3.9
"2554",2019-12-29,2,20,5
"2555",2019-12-30,2.3,19.4,7.2
"2556",2019-12-31,0.3,19.4,3.9
"2557",2020-01-01,0,11.7,5
