,mdate,P_inperd,MaxTemp,MinTemp
1,1/1/2014,0,9.4,-3.3
2,1/2/2014,0,9.4,-3.3
3,1/3/2014,2.8,5,-9.4
4,1/4/2014,0,2.8,-10.6
5,1/5/2014,0,3,-2.8
6,1/6/2014,4.1,7.8,-10.6
7,1/7/2014,1.3,-6.7,-17.2
8,1/8/2014,0,6.1,-17.2
9,1/9/2014,0,9.4,-11.7
10,1/10/2014,1.3,9.4,-4.4
11,1/11/2014,16.8,11.1,0.6
12,1/12/2014,13.7,12.2,3.3
13,1/13/2014,0,12.2,-2.8
14,1/14/2014,2,11.7,5.6
15,1/15/2014,1.5,12.2,-1.7
16,1/16/2014,0,8.9,-5.6
17,1/17/2014,0,8.9,-5.6
18,1/18/2014,0,8.9,-6.1
19,1/19/2014,0,6.7,-6.1
20,1/20/2014,0,15,3.3
21,1/21/2014,0,15,-2.8
22,1/22/2014,2.5,2.8,-11.1
23,1/23/2014,0,-3.3,-11.1
24,1/24/2014,0,-3.3,-15
25,1/25/2014,0,1.7,-15
26,1/26/2014,0,9.4,-8.9
27,1/27/2014,0,12.2,-6.7
28,1/28/2014,0,-2.2,-10.6
29,1/29/2014,1.3,-3.9,-13.9
30,1/30/2014,0,0,-14.4
31,1/31/2014,0,13.3,-14.4
32,2/1/2014,0,13.9,-7.2
33,2/2/2014,0,17.8,-4.4
34,2/3/2014,38.1,17.8,2.8
35,2/4/2014,9.9,11.7,0.6
36,2/5/2014,4.6,15,0
37,2/6/2014,0.3,5,-2.2
38,2/7/2014,0,5.6,-4.4
39,2/8/2014,0,5.6,-4.4
40,2/9/2014,0,7.8,-1.7
41,2/10/2014,0,7.8,-1.1
42,2/11/2014,0,3.3,-5.6
43,2/12/2014,0,2.8,-7.2
44,2/13/2014,33.8,4.4,-7.2
45,2/14/2014,16.3,10.6,-6.1
46,2/15/2014,1.3,10.6,-2.8
47,2/16/2014,0.5,5.6,-6.7
48,2/17/2014,0,5.6,-6.7
49,2/18/2014,0,13.3,-6.1
50,2/19/2014,0,18.9,-3.3
51,2/20/2014,0,18.9,0
52,2/21/2014,0,15.6,1.7
53,2/22/2014,8.9,17.2,2.2
54,2/23/2014,0,20,0
55,2/24/2014,0,20,0
56,2/25/2014,0,9.4,-1.1
57,2/26/2014,0,6.7,-1.7
58,2/27/2014,0,6.7,-6.7
59,2/28/2014,0,6.7,-7.8
60,3/1/2014,0,10.6,-7.8
61,3/2/2014,0,19.4,-5.6
62,3/3/2014,22.1,19.4,-5
63,3/4/2014,5.8,0.6,-10
64,3/5/2014,0,11.7,-10.6
65,3/6/2014,0,11.7,-4.4
66,3/7/2014,3,8.3,-2.8
67,3/8/2014,0.8,19.4,-2.2
68,3/9/2014,0,15,8.9
69,3/10/2014,0,21.1,5
70,3/11/2014,0,24.4,10.6
71,3/12/2014,0,21.7,5
72,3/13/2014,0.3,5,-4.4
73,3/14/2014,0,17.2,-4.4
74,3/15/2014,0,19.4,10.6
75,3/16/2014,0,20,0
76,3/17/2014,12.7,1.1,-3
77,3/18/2014,0.3,4.4,-2.8
78,3/19/2014,1,8,1
79,3/20/2014,0.8,15.6,0.6
80,3/21/2014,0,20.6,3.3
81,3/22/2014,0,20.6,4.4
82,3/23/2014,0,20.6,5.6
83,3/24/2014,1,11.7,-5
84,3/25/2014,0.8,10,-5
85,3/26/2014,7.4,4.4,-3.3
86,3/27/2014,0,13.3,-5
87,3/28/2014,0,17.2,8.3
88,3/29/2014,0.3,17.2,7.8
89,3/30/2014,14.7,15,2.8
90,3/31/2014,0.8,22.2,2.8
91,4/1/2014,0,27,3.9
92,4/2/2014,0,28.3,10.6
93,4/3/2014,0,28.9,9.4
94,4/4/2014,2.3,21.7,10
95,4/5/2014,0.3,21.7,7.8
96,4/6/2014,0,16.7,0.6
97,4/7/2014,15.7,15,0.6
98,4/8/2014,11.4,17.2,6.7
99,4/9/2014,0,17.8,6.1
100,4/10/2014,0,22.2,2.2
101,4/11/2014,0,25.6,13.9
102,4/12/2014,0,26.1,10
103,4/13/2014,0,27.2,10
104,4/14/2014,0,27.2,12.2
105,4/15/2014,21.3,21.7,3.9
106,4/16/2014,4.3,17.8,-2.2
107,4/17/2014,0,13.9,-2.2
108,4/18/2014,0,13.9,-1.1
109,4/19/2014,0,17.8,3.3
110,4/20/2014,0,20.6,6.1
111,4/21/2014,0,23.9,3.3
112,4/22/2014,0,23.3,14.4
113,4/23/2014,0,23.9,8.9
114,4/24/2014,0,20.6,4.4
115,4/25/2014,0,20.6,4.4
116,4/26/2014,6.1,27.2,8.3
117,4/27/2014,0,30,9.4
118,4/28/2014,0,30,9.4
119,4/29/2014,32.5,17.2,8.3
120,4/30/2014,11.7,18.9,8.3
121,5/1/2014,0.5,23.9,10
122,5/2/2014,0,23.9,8.3
123,5/3/2014,0,22.2,8.3
124,5/4/2014,0,27.2,9.4
125,5/5/2014,0,27.2,11.1
126,5/6/2014,1.5,23.3,10
127,5/7/2014,0,25.6,10
128,5/8/2014,0,31.7,14.4
129,5/9/2014,0,31.7,14.4
130,5/10/2014,2.3,21.7,18.3
131,5/11/2014,1.8,28.3,13.3
132,5/12/2014,0,32.8,13.3
133,5/13/2014,3,32.8,15
134,5/14/2014,0,31.7,16.1
135,5/15/2014,0.3,27.2,16.7
136,5/16/2014,47.2,20.6,9.4
137,5/17/2014,0,19.4,6.7
138,5/18/2014,0,20,6.7
139,5/19/2014,0,21.1,6.1
140,5/20/2014,0,26.7,6.1
141,5/21/2014,0,28.9,18.3
142,5/22/2014,0,29.4,18.3
143,5/23/2014,0,29.4,16.7
144,5/24/2014,0,27.8,11.1
145,5/25/2014,0,26.7,11.1
146,5/26/2014,0,31.1,11.1
147,5/27/2014,0,31.1,14.4
148,5/28/2014,0,31.7,19.4
149,5/29/2014,0,31.7,17.8
150,5/30/2014,4.3,26.7,17
151,5/31/2014,0,27.8,16.1
152,6/1/2014,0,27.8,15.6
153,6/2/2014,0,28.3,11.7
154,6/3/2014,0,28.3,11.7
155,6/4/2014,0,29.4,17.8
156,6/5/2014,18.8,29.4,19.4
157,6/6/2014,1.3,28.9,12.2
158,6/7/2014,0,28.9,12.2
159,6/8/2014,0,27.8,15
160,6/9/2014,6.3,30.6,17.8
161,6/10/2014,0,32.2,17.8
162,6/11/2014,2.5,30,18
163,6/12/2014,16,30.6,18.3
164,6/13/2014,9.4,29.4,16.7
165,6/14/2014,0.3,29.4,16.1
166,6/15/2014,0,28.3,12.2
167,6/16/2014,0,31.7,12.2
168,6/17/2014,0,33.9,18.9
169,6/18/2014,0,34.4,19.4
170,6/19/2014,0,34.4,21.7
171,6/20/2014,0,31.1,21
172,6/21/2014,14.7,33.3,20.6
173,6/22/2014,0,30.6,18.9
174,6/23/2014,7.6,27.2,18.9
175,6/24/2014,0,29.4,18.9
176,6/25/2014,0,30,19.4
177,6/26/2014,0,31.7,20.6
178,6/27/2014,0,31.7,19.4
179,6/28/2014,0,30.6,19.4
180,6/29/2014,0,27.8,17.2
181,6/30/2014,1.8,29.4,17.2
182,7/1/2014,0,34.4,17.2
183,7/2/2014,0,35.6,20.6
184,7/3/2014,0,35.6,20
185,7/4/2014,17.3,30,18.3
186,7/5/2014,0,27.2,11.7
187,7/6/2014,0,30.6,11.7
188,7/7/2014,0,32.8,12.8
189,7/8/2014,0,34.4,17.8
190,7/9/2014,1.8,34.4,21.1
191,7/10/2014,9.4,28.9,20
192,7/11/2014,5.8,28.9,18
193,7/12/2014,1.3,31.1,18.3
194,7/13/2014,0,32.2,18.3
195,7/14/2014,0,33.9,20.6
196,7/15/2014,4.1,33.9,21.1
197,7/16/2014,6.6,28.9,15.6
198,7/17/2014,0,26.7,12.2
199,7/18/2014,0,26.7,12.2
200,7/19/2014,0.8,25,15
201,7/20/2014,0,25.6,18.3
202,7/21/2014,1.5,26.7,18.3
203,7/22/2014,1.3,30,20.6
204,7/23/2014,0.3,33.3,20
205,7/24/2014,0,33.3,20
206,7/25/2014,32.8,26.7,17
207,7/26/2014,17,32.2,17.2
208,7/27/2014,5.1,32.2,20.6
209,7/28/2014,0,28.9,21.1
210,7/29/2014,0,26.7,15
211,7/30/2014,0,26.7,12.8
212,7/31/2014,0,27.8,12.8
213,8/1/2014,3.6,27.8,14.4
214,8/2/2014,9.7,22.8,16.7
215,8/3/2014,0,28.3,16.7
216,8/4/2014,0,28.3,14.4
217,8/5/2014,0,29.4,14.4
218,8/6/2014,1.8,31.1,16.1
219,8/7/2014,0,31.1,16.7
220,8/8/2014,0,28.3,19.4
221,8/9/2014,37.3,23.3,17.8
222,8/10/2014,12.7,20.6,17.8
223,8/11/2014,7.4,21.1,18.3
224,8/12/2014,20.8,26.7,18.9
225,8/13/2014,7.6,26.7,16.7
226,8/14/2014,0,26.7,14.4
227,8/15/2014,0,28.3,14.4
228,8/16/2014,0,28.9,12.8
229,8/17/2014,0,29.4,12.8
230,8/18/2014,0,29.4,18.3
231,8/19/2014,16.5,26.1,20.6
232,8/20/2014,0.8,30.6,17.2
233,8/21/2014,0,31.1,17.2
234,8/22/2014,0.8,31.1,19.4
235,8/23/2014,2.8,28.3,20.6
236,8/24/2014,43.7,22.8,18
237,8/25/2014,0.5,25,14
238,8/26/2014,0,26.7,12.8
239,8/27/2014,0,29.4,12.8
240,8/28/2014,0,31.1,21.7
241,8/29/2014,0,31.7,17.8
242,8/30/2014,0,30.6,17.8
243,8/31/2014,0,32.2,20.6
244,9/1/2014,0,32.2,20.6
245,9/2/2014,0,33.3,21.7
246,9/3/2014,12.7,33.3,20.6
247,9/4/2014,0,28.9,20
248,9/5/2014,0,30.6,20
249,9/6/2014,0.3,30.6,20
250,9/7/2014,2.5,30,18.3
251,9/8/2014,0,23.9,17.8
252,9/9/2014,0,25.6,17.2
253,9/10/2014,0,25.6,17.2
254,9/11/2014,0,30.6,17.2
255,9/12/2014,0,30.6,17.2
256,9/13/2014,9.7,22.8,16.7
257,9/14/2014,0.5,22.2,14.4
258,9/15/2014,0,23.3,13.3
259,9/16/2014,0,25,13.3
260,9/17/2014,0,25,13.9
261,9/18/2014,0,25,12.8
262,9/19/2014,0,25,12.8
263,9/20/2014,3.3,25,14.4
264,9/21/2014,0,28.9,12.2
265,9/22/2014,2,28.9,12.2
266,9/23/2014,0,22.8,8.3
267,9/24/2014,0,20.6,8.3
268,9/25/2014,0,24.4,11.7
269,9/26/2014,0,24.4,15
270,9/27/2014,0,25,12.2
271,9/28/2014,0,25,10
272,9/29/2014,0,23.9,10
273,9/30/2014,0.3,28.3,13.9
274,10/1/2014,0,28.3,12.2
275,10/2/2014,0,28.3,12.2
276,10/3/2014,0,28.3,15
277,10/4/2014,6.6,25.6,9.4
278,10/5/2014,0,18.9,3.3
279,10/6/2014,0,22.8,3.3
280,10/7/2014,6.9,22.8,5.6
281,10/8/2014,15,24.4,11.7
282,10/9/2014,2.8,26.1,8.3
283,10/10/2014,0,26.1,8.3
284,10/11/2014,8.1,17.8,11.7
285,10/12/2014,3.3,16.1,11
286,10/13/2014,17.3,16.7,11
287,10/14/2014,7.6,25,11.7
288,10/15/2014,21.8,25,14.4
289,10/16/2014,0.3,23,10.6
290,10/17/2014,0,23.3,10.6
291,10/18/2014,0,23.3,11.7
292,10/19/2014,0,17.2,7.8
293,10/20/2014,0,20,3.9
294,10/21/2014,0,20,3.9
295,10/22/2014,0,18.9,8.9
296,10/23/2014,0,17.2,8.3
297,10/24/2014,0,21.1,5.6
298,10/25/2014,0,23.3,5.6
299,10/26/2014,0,23.3,5.6
300,10/27/2014,0,26.1,4.4
301,10/28/2014,0,28.3,4.4
302,10/29/2014,0.3,28.3,8.9
303,10/30/2014,0,18.9,3.9
304,10/31/2014,0.3,16.1,1.1
305,11/1/2014,11.4,12.2,1.1
306,11/2/2014,0.5,9.4,2.2
307,11/3/2014,0.3,18.9,2.2
308,11/4/2014,0,22.2,2.8
309,11/5/2014,0,22.2,9.4
310,11/6/2014,1.3,20.6,10.6
311,11/7/2014,0.3,11.1,5
312,11/8/2014,0,11.7,-2.8
313,11/9/2014,0,16.1,-2.8
314,11/10/2014,0,17.8,0.6
315,11/11/2014,0,20.6,0.6
316,11/12/2014,0,20.6,1.1
317,11/13/2014,0,8.3,4
318,11/14/2014,0,8.9,-2.8
319,11/15/2014,0.3,5,-7.2
320,11/16/2014,0,8.3,-7.2
321,11/17/2014,4.6,9.4,0.6
322,11/18/2014,16.8,9.4,-6.1
323,11/19/2014,0,5,-7.8
324,11/20/2014,0,11.1,-7.8
325,11/21/2014,0,11.1,-3.3
326,11/22/2014,0,10.6,-7.2
327,11/23/2014,0,10.6,-7.2
328,11/24/2014,21.1,21.7,-2.2
329,11/25/2014,0,21.7,8.3
330,11/26/2014,24.1,15,0
331,11/27/2014,13,7.2,0
332,11/28/2014,0.3,6.7,-1.1
333,11/29/2014,0,7.2,-3.9
334,11/30/2014,0,18.9,-3.9
335,12/1/2014,0,20,11.1
336,12/2/2014,16.8,16.1,2
337,12/3/2014,1.8,16.1,2.2
338,12/4/2014,0.3,16.1,2.8
339,12/5/2014,4.1,6,3
340,12/6/2014,0.5,9.4,3.3
341,12/7/2014,2.8,11.1,2.8
342,12/8/2014,0,10,-2.2
343,12/9/2014,1,10,-2.2
344,12/10/2014,0.3,10,0
345,12/11/2014,0,7.2,-1.7
346,12/12/2014,0,11.1,-1.7
347,12/13/2014,0,13.9,1.1
348,12/14/2014,0,13.9,2.2
349,12/15/2014,0,12.8,0
350,12/16/2014,0.3,14.4,0
351,12/17/2014,0.8,14.4,0
352,12/18/2014,0,11.1,-0.6
353,12/19/2014,0,8.3,-0.6
354,12/20/2014,0,8.3,-1.7
355,12/21/2014,0,8.3,-1.7
356,12/22/2014,0,4.4,1
357,12/23/2014,6.9,6.7,1.1
358,12/24/2014,17.3,9.4,2.2
359,12/25/2014,4.3,12,4.4
360,12/26/2014,0,15,-1.7
361,12/27/2014,0,17.8,-1.7
362,12/28/2014,0,14.4,9.4
363,12/29/2014,2.8,14.4,2.8
364,12/30/2014,5.3,10.6,0.6
365,12/31/2014,2,3.9,-3.3
366,1/1/2015,0,8.3,-2.2
367,1/2/2015,0,8.3,-2.2
368,1/3/2015,2.3,7.8,2.8
369,1/4/2015,4.6,17.8,3.9
370,1/5/2015,0.8,17.8,-0.6
371,1/6/2015,0,6.7,-2.8
372,1/7/2015,0,6.7,-10.6
373,1/8/2015,0,-0.6,-15
374,1/9/2015,0,3.3,-5.6
375,1/10/2015,0,3.3,-9.4
376,1/11/2015,0,5.6,-11.7
377,1/12/2015,5.3,6,0
378,1/13/2015,4.3,8.3,0
379,1/14/2015,1.3,1,-3
380,1/15/2015,0,5.6,-5
381,1/16/2015,0,7.2,-5
382,1/17/2015,0,8.9,-3.3
383,1/18/2015,0,12.2,-3.3
384,1/19/2015,0,14.4,-1.7
385,1/20/2015,0,17.8,-0.6
386,1/21/2015,0,17.8,-0.6
387,1/22/2015,0,12.2,-0.6
388,1/23/2015,0,9.4,-1.7
389,1/24/2015,12.7,6.1,-1.7
390,1/25/2015,1.5,10.6,0.6
391,1/26/2015,0,10.6,0.6
392,1/27/2015,1.3,8.3,-5.6
393,1/28/2015,0,6.7,-6.1
394,1/29/2015,0,6.7,-6.1
395,1/30/2015,0.3,7.2,-6.1
396,1/31/2015,0,7.2,-6.7
397,2/1/2015,0,10,-6.7
398,2/2/2015,2.5,10,-3.3
399,2/3/2015,1.5,10,-5.6
400,2/4/2015,0,13.3,-5.6
401,2/5/2015,0,13.3,-5
402,2/6/2015,0,7.8,-8.3
403,2/7/2015,0,17.2,-8.3
404,2/8/2015,0,20.6,-2.8
405,2/9/2015,0,20.6,2.8
406,2/10/2015,1.8,18.3,2.8
407,2/11/2015,0.8,11.7,-4.4
408,2/12/2015,0,11.7,-4.4
409,2/13/2015,0,6.1,-9.4
410,2/14/2015,0,7.8,-9.4
411,2/15/2015,1,-1.1,-13.9
412,2/16/2015,0,-5.6,-13.9
413,2/17/2015,25.1,1.1,-11
414,2/18/2015,2.5,1.1,-10.6
415,2/19/2015,0.5,0,-15
416,2/20/2015,0.3,-5.6,-17.8
417,2/21/2015,0.3,-3.9,-17.8
418,2/22/2015,26.9,11.7,-12.2
419,2/23/2015,0.8,11.7,-2.8
420,2/24/2015,0,3.9,-7.2
421,2/25/2015,0,6.1,-7.2
422,2/26/2015,6.6,6.1,-6.1
423,2/27/2015,0,3.9,-3.9
424,2/28/2015,0,1.7,-8.3
425,3/1/2015,0,2.8,-8.3
426,3/2/2015,0,9.4,-3.3
427,3/3/2015,0,9.4,0.6
428,3/4/2015,4.3,13.3,0.6
429,3/5/2015,16.8,8.9,-1.1
430,3/6/2015,27.2,-0.6,-10.6
431,3/7/2015,0,12.2,-11.7
432,3/8/2015,0,17.2,6.1
433,3/9/2015,0,18.3,5.6
434,3/10/2015,0,18.3,6.1
435,3/11/2015,1,18.9,7.8
436,3/12/2015,0.5,18.9,4.4
437,3/13/2015,0,18.3,3.3
438,3/14/2015,8.4,16.7,2.8
439,3/15/2015,5.1,20,3.3
440,3/16/2015,0,25,8.9
441,3/17/2015,0,25,10
442,3/18/2015,0,21.1,0.6
443,3/19/2015,0,15,0.6
444,3/20/2015,15,8,1
445,3/21/2015,0.3,20,2.2
446,3/22/2015,0,20,8.3
447,3/23/2015,0,20,6.1
448,3/24/2015,0,15,2.2
449,3/25/2015,0,15,2.2
450,3/26/2015,0,23.9,5
451,3/27/2015,28.7,23.9,4.4
452,3/28/2015,2.3,10,-3.3
453,3/29/2015,0,10.6,-5
454,3/30/2015,0.3,15.6,6.7
455,3/31/2015,0,23.3,6.1
456,4/1/2015,0,23.3,5
457,4/2/2015,0,22.2,3.9
458,4/3/2015,0,21.7,14.4
459,4/4/2015,1.3,22.2,8.3
460,4/5/2015,0.5,18.9,0
461,4/6/2015,0,24.4,0
462,4/7/2015,6.3,24.4,5.6
463,4/8/2015,1.8,26.7,14.4
464,4/9/2015,17.3,16,13.3
465,4/10/2015,15.7,24.4,11
466,4/11/2015,1.8,20.6,12.2
467,4/12/2015,0,21.1,4.4
468,4/13/2015,0,22.8,8.9
469,4/14/2015,1.5,20,15.6
470,4/15/2015,19.6,15,10
471,4/16/2015,1.8,12.2,10
472,4/17/2015,3.3,26.1,10.6
473,4/18/2015,0,26.1,12.2
474,4/19/2015,0,21.7,13.3
475,4/20/2015,46.7,24.4,11.1
476,4/21/2015,5.6,17.8,10
477,4/22/2015,0,21.1,6.1
478,4/23/2015,0,16.7,5
479,4/24/2015,0,17.8,6.1
480,4/25/2015,2.3,13.9,5
481,4/26/2015,9.7,11.7,5
482,4/27/2015,6.6,14.4,3.9
483,4/28/2015,0,20.6,5
484,4/29/2015,0,21.1,5
485,4/30/2015,0,21.1,5.6
486,5/1/2015,9.7,21.1,8.9
487,5/2/2015,2.8,21.7,8.3
488,5/3/2015,0,24.4,6.7
489,5/4/2015,0,27.8,6.7
490,5/5/2015,0,28.9,8.9
491,5/6/2015,0,28.9,12.8
492,5/7/2015,15.5,28.9,13.9
493,5/8/2015,0,26.1,13.9
494,5/9/2015,0,26.7,13.9
495,5/10/2015,0,26.7,13.9
496,5/11/2015,0,31.1,16.1
497,5/12/2015,0.8,31.1,16.1
498,5/13/2015,0,30,12.8
499,5/14/2015,0,23.9,9.4
500,5/15/2015,0,26.1,9.4
501,5/16/2015,0.5,28.9,11.7
502,5/17/2015,0.5,30,15
503,5/18/2015,0.3,31.1,18.3
504,5/19/2015,0,31.1,18.9
505,5/20/2015,0,30.6,15.6
506,5/21/2015,0,23.3,12
507,5/22/2015,5.6,22.8,8.9
508,5/23/2015,0,24.4,8.9
509,5/24/2015,0,27.8,10
510,5/25/2015,0,28.3,10
511,5/26/2015,0,30,12.8
512,5/27/2015,0,30.6,15
513,5/28/2015,0,30.6,17.2
514,5/29/2015,0,30.6,17.2
515,5/30/2015,1,30.6,17.2
516,5/31/2015,0,30.6,16.1
517,6/1/2015,15.7,29.4,16.1
518,6/2/2015,27.7,28.9,16.7
519,6/3/2015,83.3,18.3,14
520,6/4/2015,9.1,20,13.9
521,6/5/2015,2.5,26.1,13.9
522,6/6/2015,0.3,29.4,15
523,6/7/2015,0,29.4,16.7
524,6/8/2015,0,30,18.9
525,6/9/2015,15.7,30,18.9
526,6/10/2015,0,28.3,15
527,6/11/2015,0,31.7,15
528,6/12/2015,0,31.7,17.8
529,6/13/2015,1,32.8,20
530,6/14/2015,1,32.8,20.6
531,6/15/2015,1.8,33.3,20.6
532,6/16/2015,0,33.9,20.6
533,6/17/2015,0,33.9,22.8
534,6/18/2015,39.9,32.8,20.6
535,6/19/2015,9.9,32.8,20.6
536,6/20/2015,1,31.7,20
537,6/21/2015,0.5,32.8,20
538,6/22/2015,0,32.8,21.1
539,6/23/2015,0,33.9,21.1
540,6/24/2015,0,33.9,21.1
541,6/25/2015,0,33.3,19.4
542,6/26/2015,8.1,33.3,19.4
543,6/27/2015,23.4,30,20
544,6/28/2015,5.1,26.7,17.8
545,6/29/2015,0,26.7,12.2
546,6/30/2015,0.3,30,12.2
547,7/1/2015,3.3,30,16.1
548,7/2/2015,0,29.4,16.1
549,7/3/2015,0.3,25,20
550,7/4/2015,5.8,29.4,19.4
551,7/5/2015,3,29.4,19.4
552,7/6/2015,9.9,28.9,19.4
553,7/7/2015,36.6,31.1,18.3
554,7/8/2015,0,31.1,18.3
555,7/9/2015,0.5,32.8,21.7
556,7/10/2015,0,32.8,21.7
557,7/11/2015,3,32.2,21.1
558,7/12/2015,10.4,29.4,19.4
559,7/13/2015,45.2,31.1,19.4
560,7/14/2015,3.6,31.7,19.4
561,7/15/2015,0.5,31.7,19.4
562,7/16/2015,0,29.4,20
563,7/17/2015,0,28.3,20
564,7/18/2015,0,32.8,20
565,7/19/2015,0,33.9,21.1
566,7/20/2015,0,33.9,22.8
567,7/21/2015,0,32.8,23.3
568,7/22/2015,0,31.7,20
569,7/23/2015,0,31.1,18.3
570,7/24/2015,0,31.1,17.8
571,7/25/2015,0,31.1,17.8
572,7/26/2015,0,31.7,18.9
573,7/27/2015,0.3,31.7,19.4
574,7/28/2015,0.3,32.2,21.1
575,7/29/2015,0,32.2,22.2
576,7/30/2015,0.5,34.4,22.2
577,7/31/2015,0,34.4,17.8
578,8/1/2015,0,31.7,17.8
579,8/2/2015,0,31.7,15.6
580,8/3/2015,0,33.3,15.6
581,8/4/2015,0,33.9,16.1
582,8/5/2015,0,33.9,22.2
583,8/6/2015,0,33.9,20.6
584,8/7/2015,3.6,28.3,19.4
585,8/8/2015,0,28.9,19.4
586,8/9/2015,0,31.1,19.4
587,8/10/2015,0.3,31.1,19.4
588,8/11/2015,40.4,31.7,21.1
589,8/12/2015,6.1,31.7,17.8
590,8/13/2015,0,28.9,15
591,8/14/2015,0,29.4,15
592,8/15/2015,0,31.1,16.7
593,8/16/2015,0,33.3,17.8
594,8/17/2015,9.4,33.3,17.8
595,8/18/2015,0.3,31.7,18.3
596,8/19/2015,2.3,30,21.1
597,8/20/2015,15.7,29.4,22
598,8/21/2015,0.3,29.4,17.8
599,8/22/2015,0,28.3,15.6
600,8/23/2015,0,28.9,15.6
601,8/24/2015,0.3,31.7,19.4
602,8/25/2015,0,31.7,15.6
603,8/26/2015,0,28.3,13.3
604,8/27/2015,0,27.2,13.3
605,8/28/2015,0,28.3,15.6
606,8/29/2015,0,29.4,16.1
607,8/30/2015,0,29.4,16.1
608,8/31/2015,0,30.6,18.9
609,9/1/2015,0,33.3,17.8
610,9/2/2015,0,33.3,17.8
611,9/3/2015,0,33.3,18.3
612,9/4/2015,0,34.4,18.3
613,9/5/2015,15.7,34.4,18.9
614,9/6/2015,0,28.9,18.9
615,9/7/2015,0,30.6,16.7
616,9/8/2015,0,31.1,16.7
617,9/9/2015,0,31.1,17.8
618,9/10/2015,11.7,31.1,19.4
619,9/11/2015,0.3,29.4,17.2
620,9/12/2015,0,29.4,17.2
621,9/13/2015,0.3,23.3,11.7
622,9/14/2015,0,25,8.9
623,9/15/2015,0,27.2,8.9
624,9/16/2015,0,27.8,9.4
625,9/17/2015,0,28.9,10.6
626,9/18/2015,0,30,11.7
627,9/19/2015,0,30.6,11.7
628,9/20/2015,0,30.6,12.8
629,9/21/2015,13.2,27.8,13.3
630,9/22/2015,26.2,20,13.3
631,9/23/2015,2,25,14.4
632,9/24/2015,0,25,12.8
633,9/25/2015,0,25,12.8
634,9/26/2015,20.8,18.3,15
635,9/27/2015,31,17.2,14.4
636,9/28/2015,47.2,21.7,14.4
637,9/29/2015,19.8,23.9,17.8
638,9/30/2015,29.2,28.3,18.9
639,10/1/2015,0,28.3,14.4
640,10/2/2015,11.9,14.4,10
641,10/3/2015,30.5,11.1,8
642,10/4/2015,19,13.9,8.3
643,10/5/2015,0.5,21.7,10.6
644,10/6/2015,0,23.3,7.2
645,10/7/2015,0,26.7,7.2
646,10/8/2015,0,26.7,10
647,10/9/2015,0,26.7,11.7
648,10/10/2015,16.3,17.8,11.7
649,10/11/2015,2.5,21.7,11.1
650,10/12/2015,0,23.9,7.2
651,10/13/2015,0,25,7.2
652,10/14/2015,0,25,12.2
653,10/15/2015,0,21.7,7.8
654,10/16/2015,0,21.1,7.8
655,10/17/2015,0,20.6,5
656,10/18/2015,0,14.4,1.1
657,10/19/2015,0,15.6,-1.7
658,10/20/2015,0,23.3,-1.7
659,10/21/2015,0,25,2.8
660,10/22/2015,0,27.2,5
661,10/23/2015,0,27.2,7.2
662,10/24/2015,0,25.6,12.2
663,10/25/2015,0,20,13.3
664,10/26/2015,0,20,10.6
665,10/27/2015,3.8,14.4,7.2
666,10/28/2015,60.2,21.7,7.2
667,10/29/2015,10.2,21.7,10.6
668,10/30/2015,0,18.9,6.7
669,10/31/2015,0,15,1.7
670,11/1/2015,0,20,11.1
671,11/2/2015,0.3,20,11.1
672,11/3/2015,0.3,21.7,12.8
673,11/4/2015,0,21.7,12.8
674,11/5/2015,0,25,13.3
675,11/6/2015,0,27.8,13.3
676,11/7/2015,0,27.8,12.2
677,11/8/2015,2.3,18.9,3.9
678,11/9/2015,0.5,12.8,2.8
679,11/10/2015,30,18.9,2.8
680,11/11/2015,2.3,20,8.3
681,11/12/2015,0,22.2,5.6
682,11/13/2015,0,22.2,5.6
683,11/14/2015,0,15,5
684,11/15/2015,0,18.3,1.1
685,11/16/2015,0,18.3,1.1
686,11/17/2015,0,18.3,1.1
687,11/18/2015,0.3,15,6.7
688,11/19/2015,49.5,22.8,10.6
689,11/20/2015,36.3,22.8,5.6
690,11/21/2015,0,13.3,-2.2
691,11/22/2015,0,11.1,-2.2
692,11/23/2015,0,8.3,-1.1
693,11/24/2015,0,13.3,-1.7
694,11/25/2015,0,13.3,-2.2
695,11/26/2015,0,13.9,-2.2
696,11/27/2015,0,17.8,1.1
697,11/28/2015,0,20,2.8
698,11/29/2015,0.3,20,7.2
699,11/30/2015,8.6,16.7,4
700,12/1/2015,20.1,9.4,4.4
701,12/2/2015,20.8,14.4,5
702,12/3/2015,8.1,14.4,1.7
703,12/4/2015,0,12.2,-2.8
704,12/5/2015,0,12.2,-2.8
705,12/6/2015,0,12.2,-3.3
706,12/7/2015,0,13.9,-3.3
707,12/8/2015,0.5,13.9,0
708,12/9/2015,0,14.4,-0.6
709,12/10/2015,0,17.8,-0.6
710,12/11/2015,0,22.2,5
711,12/12/2015,0,23.9,5
712,12/13/2015,0,23.9,7.2
713,12/14/2015,0,19.4,7.2
714,12/15/2015,0.8,20,12.2
715,12/16/2015,0,20,2.8
716,12/17/2015,3.8,12.8,2.8
717,12/18/2015,16,11.7,1.1
718,12/19/2015,0,11.1,-2.2
719,12/20/2015,0,9.4,-2.8
720,12/21/2015,0,10,-2.8
721,12/22/2015,5.3,11.7,7.8
722,12/23/2015,10.7,14.4,7.8
723,12/24/2015,13.7,20.6,11.7
724,12/25/2015,5.6,20.6,12.8
725,12/26/2015,3.3,18.3,12.2
726,12/27/2015,0.3,24.4,12
727,12/28/2015,0,20,4
728,12/29/2015,14.2,18.9,3.9
729,12/30/2015,4.6,18.9,3.9
730,12/31/2015,2,13.9,8.3
731,1/1/2016,0,13.9,3.3
732,1/2/2016,0,10,0
733,1/3/2016,0,12.2,0
734,1/4/2016,0,12.2,-1.7
735,1/5/2016,0,3.3,-7.8
736,1/6/2016,0,5,-10
737,1/7/2016,0,9.4,-10
738,1/8/2016,0,9.4,-7.2
739,1/9/2016,3.3,7.8,-2.8
740,1/10/2016,19.3,12.2,2.2
741,1/11/2016,0.3,3.3,-5.6
742,1/12/2016,0,6.7,-5.6
743,1/13/2016,0,6.7,-7.8
744,1/14/2016,0,13.9,-7.8
745,1/15/2016,0,13.9,-3.3
746,1/16/2016,11.9,11.7,-3.3
747,1/17/2016,0,4.4,-1
748,1/18/2016,0.8,5,-9.4
749,1/19/2016,0,0,-11.1
750,1/20/2016,0,0.6,-11.1
751,1/21/2016,0,3.9,-10.6
752,1/22/2016,1.8,0.6,-7
753,1/23/2016,38.1,-2.8,-7.2
754,1/24/2016,0.5,5,-7.2
755,1/25/2016,0,8.3,-6.7
756,1/26/2016,0,8.3,-6.1
757,1/27/2016,0,8.3,-4.4
758,1/28/2016,0,7.2,-6.7
759,1/29/2016,0,4.4,1.7
760,1/30/2016,0,10.6,-3.9
761,1/31/2016,0,17.2,-3.9
762,2/1/2016,0,17.8,-2.2
763,2/2/2016,1.5,17.8,2.8
764,2/3/2016,2.3,9.4,5
765,2/4/2016,27.4,10.6,5
766,2/5/2016,0,10.6,-1.1
767,2/6/2016,0,6.7,-5
768,2/7/2016,0,8.3,-5
769,2/8/2016,0,8.3,-4.4
770,2/9/2016,0.5,6.7,-3.9
771,2/10/2016,0,2.2,-5.6
772,2/11/2016,0,0,-8.3
773,2/12/2016,0,0,-8.3
774,2/13/2016,0,1.1,-8.3
775,2/14/2016,0,-0.6,-12.8
776,2/15/2016,12.2,-3,-7.2
777,2/16/2016,45.7,7.2,-7.2
778,2/17/2016,1.5,7.8,-2.2
779,2/18/2016,0,7.8,-0.6
780,2/19/2016,0,10.6,-3.3
781,2/20/2016,0,19.4,-3.3
782,2/21/2016,0,19.4,3.3
783,2/22/2016,6.1,14.4,6.7
784,2/23/2016,13.2,10.6,4.4
785,2/24/2016,12.2,17.8,4
786,2/25/2016,10.4,18.3,3.3
787,2/26/2016,0,7.2,-0.6
788,2/27/2016,0,10,-1.1
789,2/28/2016,0,20.6,-0.6
790,2/29/2016,0,18.3,11.1
791,3/1/2016,0,20.6,0
792,3/2/2016,5.8,20.6,-0.6
793,3/3/2016,0,10.6,-3.9
794,3/4/2016,1.5,10,-3.9
795,3/5/2016,0,10.6,-1.7
796,3/6/2016,2.3,13.9,-1.7
797,3/7/2016,0,20.6,-0.6
798,3/8/2016,0,25,10
799,3/9/2016,0,26.1,6.1
800,3/10/2016,0,26.1,15.6
801,3/11/2016,0,26.1,14.4
802,3/12/2016,0,23.3,13.3
803,3/13/2016,0,21.7,13.3
804,3/14/2016,12.2,17.2,12.2
805,3/15/2016,17.8,23.9,10.6
806,3/16/2016,0.3,28.3,8.9
807,3/17/2016,0,28.3,8.9
808,3/18/2016,0,21.7,5
809,3/19/2016,0,15,4
810,3/20/2016,7.6,10.6,2.8
811,3/21/2016,0,11.7,2.8
812,3/22/2016,0,18.9,3.3
813,3/23/2016,0,25.6,6.1
814,3/24/2016,0,25.6,6.1
815,3/25/2016,0,24.4,10.6
816,3/26/2016,0.3,20,5.6
817,3/27/2016,0,14.4,5.6
818,3/28/2016,9.4,17.2,10
819,3/29/2016,5.8,17.8,6.7
820,3/30/2016,0,20,2.8
821,3/31/2016,0,20,13.3
822,4/1/2016,3.8,26.7,12.8
823,4/2/2016,3.6,26.7,12.2
824,4/3/2016,0,18.3,1.1
825,4/4/2016,0,24.4,10
826,4/5/2016,0,17.8,1.7
827,4/6/2016,0,14.4,-1.7
828,4/7/2016,1.5,16.1,7.8
829,4/8/2016,0.3,17.2,4.4
830,4/9/2016,0.5,12.2,-0.6
831,4/10/2016,0,14.4,-3.9
832,4/11/2016,0,22.2,8.9
833,4/12/2016,0,22.8,8.3
834,4/13/2016,0,20.6,4.4
835,4/14/2016,0,17.8,4.4
836,4/15/2016,0,18.3,3.9
837,4/16/2016,0,20.6,2.2
838,4/17/2016,0,25.6,2.2
839,4/18/2016,0,31.1,3.3
840,4/19/2016,0,31.1,7.8
841,4/20/2016,0,30.6,11.1
842,4/21/2016,0,26.1,12.2
843,4/22/2016,0.3,26.1,12.2
844,4/23/2016,5.1,23.3,11.1
845,4/24/2016,0,23.9,5.6
846,4/25/2016,0,29.4,5.6
847,4/26/2016,0,30,9.4
848,4/27/2016,1.8,30,15.6
849,4/28/2016,5.1,27.8,15
850,4/29/2016,6.3,28.3,13.9
851,4/30/2016,0,28.3,12.8
852,5/1/2016,15.5,25,12
853,5/2/2016,14.5,28.9,12.2
854,5/3/2016,7.6,28.9,15
855,5/4/2016,0.3,24.4,11.1
856,5/5/2016,5.1,20.6,8.9
857,5/6/2016,12.4,18.9,8.9
858,5/7/2016,0,24.4,8.9
859,5/8/2016,0,23.3,18.3
860,5/9/2016,0,23.9,10.6
861,5/10/2016,1.3,23.9,10.6
862,5/11/2016,4.8,24.4,15
863,5/12/2016,35.1,25.6,15
864,5/13/2016,24.9,25.6,17.2
865,5/14/2016,0.3,24.4,10
866,5/15/2016,0.8,22.8,7.2
867,5/16/2016,0,18.3,6.7
868,5/17/2016,1.8,18.3,6.7
869,5/18/2016,3.6,16.7,10
870,5/19/2016,0.3,18.9,11.1
871,5/20/2016,0,18.9,10.6
872,5/21/2016,18.5,22.8,10.6
873,5/22/2016,1.3,22.8,13.9
874,5/23/2016,0,22.2,11.1
875,5/24/2016,0.5,27.2,10.6
876,5/25/2016,0,30,10.6
877,5/26/2016,0.8,30,11.7
878,5/27/2016,0.3,30,17.8
879,5/28/2016,0,30,17.2
880,5/29/2016,0.3,29.4,16.7
881,5/30/2016,10.4,28.9,15.6
882,5/31/2016,0,29.4,15.6
883,6/1/2016,0,29.4,17.2
884,6/2/2016,0,29.4,17.2
885,6/3/2016,2.3,29,20
886,6/4/2016,0.3,30,18.3
887,6/5/2016,12.7,30,18.3
888,6/6/2016,0,28.9,18.3
889,6/7/2016,0,29.4,18.3
890,6/8/2016,0,29.4,14.4
891,6/9/2016,0,27.8,10.6
892,6/10/2016,0,31.1,10.6
893,6/11/2016,0,35,15
894,6/12/2016,0,35,18.3
895,6/13/2016,0,33.9,15
896,6/14/2016,0,30.6,15
897,6/15/2016,0,31.1,15.6
898,6/16/2016,48.5,33.3,17.8
899,6/17/2016,19.3,33.3,19.4
900,6/18/2016,1.3,27.2,12.8
901,6/19/2016,0,27.8,12.2
902,6/20/2016,0,31.1,12.2
903,6/21/2016,0,29.4,23.3
904,6/22/2016,0.8,29.4,20
905,6/23/2016,0.8,28.3,20
906,6/24/2016,47.8,29.4,18.9
907,6/25/2016,16.8,29.4,18.3
908,6/26/2016,0,28.3,18.3
909,6/27/2016,0,28.9,18.3
910,6/28/2016,2.8,31.7,18.3
911,6/29/2016,0,31.7,17.8
912,6/30/2016,0,29.4,17.2
913,7/1/2016,0,31.7,17.2
914,7/2/2016,0,31.7,18.9
915,7/3/2016,25.7,28.9,18.3
916,7/4/2016,5.3,22.8,17.8
917,7/5/2016,16,31.7,17.8
918,7/6/2016,0.5,32.2,20.6
919,7/7/2016,0,32.2,22.2
920,7/8/2016,1.5,31.7,21.1
921,7/9/2016,2.5,31.7,21.1
922,7/10/2016,0,31.1,19.4
923,7/11/2016,0,30,17.2
924,7/12/2016,0,30,17.2
925,7/13/2016,5.3,32.2,21.1
926,7/14/2016,0,32.8,20.6
927,7/15/2016,0,32.8,20.6
928,7/16/2016,0,31.1,18.9
929,7/17/2016,0,33.3,18.3
930,7/18/2016,0,33.9,18.3
931,7/19/2016,0,33.9,21.7
932,7/20/2016,0,33.3,19.4
933,7/21/2016,0,32.2,17.8
934,7/22/2016,0,34.4,17.8
935,7/23/2016,0,35.6,20.6
936,7/24/2016,0,36.1,21.1
937,7/25/2016,0,36.1,21.1
938,7/26/2016,2.3,36.7,22.8
939,7/27/2016,0.3,36.7,22.8
940,7/28/2016,16.8,33.3,22.8
941,7/29/2016,30.7,32.8,21.7
942,7/30/2016,10.9,31.7,21
943,7/31/2016,9.7,32.8,21.1
944,8/1/2016,23.1,32.8,21.1
945,8/2/2016,6.1,32.2,21.7
946,8/3/2016,6.3,30,22.2
947,8/4/2016,8.9,23.3,19
948,8/5/2016,10.9,27,20.6
949,8/6/2016,1.8,32.8,20.6
950,8/7/2016,0,32.8,21.1
951,8/8/2016,5.6,27.2,20
952,8/9/2016,4.6,25,19
953,8/10/2016,8.1,31.1,19.4
954,8/11/2016,0.8,31.1,21.1
955,8/12/2016,0,32.8,21.1
956,8/13/2016,0,33.9,21.7
957,8/14/2016,0,34.4,22.8
958,8/15/2016,1.5,34.4,21.1
959,8/16/2016,27.7,32.8,21.1
960,8/17/2016,0,33.3,21.7
961,8/18/2016,0,33.3,21.7
962,8/19/2016,1.8,30,21.1
963,8/20/2016,0.3,29.4,20.6
964,8/21/2016,4.6,29.4,20.6
965,8/22/2016,4.6,27.8,16.1
966,8/23/2016,0,27.8,15
967,8/24/2016,0,28.3,15
968,8/25/2016,0,33.3,17.2
969,8/26/2016,0,34.4,20
970,8/27/2016,0,34.4,21.7
971,8/28/2016,0,32.8,20.6
972,8/29/2016,0,32.2,18.3
973,8/30/2016,0,32.2,18.3
974,8/31/2016,0,32.8,20
975,9/1/2016,20.6,32.8,20
976,9/2/2016,8.4,26.1,18.9
977,9/3/2016,0,27.2,13.9
978,9/4/2016,0,28.3,13.9
979,9/5/2016,0,29.4,14.4
980,9/6/2016,0,31.7,14.4
981,9/7/2016,0,33.3,17.2
982,9/8/2016,0,33.9,22.2
983,9/9/2016,0,33.9,21.7
984,9/10/2016,0,33.9,20.6
985,9/11/2016,0,32.8,20.6
986,9/12/2016,0,30,14.4
987,9/13/2016,0,31.1,14.4
988,9/14/2016,0,34.4,17.2
989,9/15/2016,0,34.4,17.2
990,9/16/2016,0,28.3,17.2
991,9/17/2016,0,28.3,18.3
992,9/18/2016,0,30,16.7
993,9/19/2016,21.1,30,16.7
994,9/20/2016,0,29.4,17.8
995,9/21/2016,0,29.4,16.7
996,9/22/2016,0,28.3,16.7
997,9/23/2016,0,31.7,15.6
998,9/24/2016,0,32.8,15.6
999,9/25/2016,0,32.8,17.2
1000,9/26/2016,0.3,22.2,17.8
1001,9/27/2016,21.1,27.8,17.8
1002,9/28/2016,11.2,24.4,16
1003,9/29/2016,30.5,25,16.1
1004,9/30/2016,17.8,22.8,17.8
1005,10/1/2016,21.6,24.4,16.1
1006,10/2/2016,0,25,13.9
1007,10/3/2016,0,25.6,12.8
1008,10/4/2016,0,25.6,12.8
1009,10/5/2016,0,24.4,12.8
1010,10/6/2016,0,22.2,10.6
1011,10/7/2016,8.6,22.2,10.6
1012,10/8/2016,98.6,19.4,16.1
1013,10/9/2016,2,21.1,11.1
1014,10/10/2016,0,21.1,6.7
1015,10/11/2016,0,20.6,4.4
1016,10/12/2016,0,20.6,4.4
1017,10/13/2016,0,23.3,4.4
1018,10/14/2016,0,23.3,7.2
1019,10/15/2016,0,21.1,7.2
1020,10/16/2016,0,25,11.1
1021,10/17/2016,0,27.8,11.1
1022,10/18/2016,0,28.9,13.9
1023,10/19/2016,0,31.7,13.9
1024,10/20/2016,0,31.7,15
1025,10/21/2016,0,28.3,13.3
1026,10/22/2016,3,20.6,9.4
1027,10/23/2016,0,21.1,8.9
1028,10/24/2016,0,23.9,8.9
1029,10/25/2016,0,23.9,6.7
1030,10/26/2016,0,20,4.4
1031,10/27/2016,0,22.2,4.4
1032,10/28/2016,0,23.3,7.2
1033,10/29/2016,0,27.8,6.1
1034,10/30/2016,0,27.8,6.1
1035,10/31/2016,0,27.2,13.3
1036,11/1/2016,0,21.1,12.2
1037,11/2/2016,0,28.3,12.2
1038,11/3/2016,0,28.3,13.9
1039,11/4/2016,0.5,27.8,11.7
1040,11/5/2016,0,20,2.8
1041,11/6/2016,0,21.1,2.8
1042,11/7/2016,0,21.1,3.3
1043,11/8/2016,0,21.7,2.8
1044,11/9/2016,0,21.7,2.8
1045,11/10/2016,0,18.3,5.6
1046,11/11/2016,0,18.9,5.6
1047,11/12/2016,0,18.9,3.3
1048,11/13/2016,0,19.4,-2.2
1049,11/14/2016,0,19.4,-2.2
1050,11/15/2016,0,18.3,0
1051,11/16/2016,0,20.6,0.6
1052,11/17/2016,0,21.1,2.2
1053,11/18/2016,0,25.6,2.8
1054,11/19/2016,0,25.6,3.9
1055,11/20/2016,0,5.6,1.7
1056,11/21/2016,0,8.9,0.6
1057,11/22/2016,0,10.6,1.1
1058,11/23/2016,0,11.1,-1.7
1059,11/24/2016,0,21.7,-1.7
1060,11/25/2016,0,21.7,3.9
1061,11/26/2016,0,20.6,3.9
1062,11/27/2016,0,12.2,-1.7
1063,11/28/2016,0,12.2,-1.7
1064,11/29/2016,2.5,18.9,8
1065,11/30/2016,14.5,20,8.3
1066,12/1/2016,9.9,20,5.6
1067,12/2/2016,0,13.9,4.4
1068,12/3/2016,0,11.1,1.7
1069,12/4/2016,0,7.2,1.7
1070,12/5/2016,6.3,15,2.2
1071,12/6/2016,1.3,15,2.8
1072,12/7/2016,39.9,12.8,3.9
1073,12/8/2016,0,12.8,2.8
1074,12/9/2016,0,7.2,-4.4
1075,12/10/2016,0,4.4,-7.8
1076,12/11/2016,0,5,-7.8
1077,12/12/2016,2.8,16.7,-3.3
1078,12/13/2016,0.3,16.7,2.8
1079,12/14/2016,0,10,2.8
1080,12/15/2016,0,7.2,-7.2
1081,12/16/2016,0,5,-10
1082,12/17/2016,0.3,10,-10
1083,12/18/2016,0.3,16.7,-2.8
1084,12/19/2016,1,4.4,-0.6
1085,12/20/2016,0,5.6,-6.1
1086,12/21/2016,0,13.9,-6.1
1087,12/22/2016,0,14.4,0
1088,12/23/2016,0,14.4,-2.2
1089,12/24/2016,7.6,11.7,-2.2
1090,12/25/2016,4.6,13.3,3.3
1091,12/26/2016,0,7.8,6
1092,12/27/2016,0,18.9,4.4
1093,12/28/2016,0.3,18.9,3.3
1094,12/29/2016,6.1,11.7,0
1095,12/30/2016,0.3,11.1,0
1096,12/31/2016,0,6.7,-2.8
1097,1/1/2017,0,13.9,-2.8
1098,1/2/2017,2.3,13.9,2.2
1099,1/3/2017,12.7,8.9,5.6
1100,1/4/2017,1,14.4,4.4
1101,1/5/2017,0,4.4,-1.1
1102,1/6/2017,0,2.8,-3.3
1103,1/7/2017,7.1,1.7,-7.8
1104,1/8/2017,1,-4.4,-11.7
1105,1/9/2017,0,-3.9,-12.8
1106,1/10/2017,0,3.3,-12.8
1107,1/11/2017,0.3,8.3,-7.2
1108,1/12/2017,1.3,20.6,0
1109,1/13/2017,0,20.6,5
1110,1/14/2017,2.3,18.9,2.8
1111,1/15/2017,1.3,12.2,2.8
1112,1/16/2017,1.8,12.2,3.9
1113,1/17/2017,0.5,11.7,3.9
1114,1/18/2017,3.8,16.1,4.4
1115,1/19/2017,0,16.1,2.8
1116,1/20/2017,2.3,16.1,2.8
1117,1/21/2017,4.8,12.2,6.7
1118,1/22/2017,7.9,12,10
1119,1/23/2017,26.9,11.7,5.6
1120,1/24/2017,25.4,11.7,3.9
1121,1/25/2017,0,21.7,3.3
1122,1/26/2017,0.3,21.7,3.3
1123,1/27/2017,0,4.4,1.1
1124,1/28/2017,0,8.3,-1.1
1125,1/29/2017,0,8.3,-0.6
1126,1/30/2017,1.8,7.2,-2.2
1127,1/31/2017,0,18.3,-5.6
1128,2/1/2017,0,15,5
1129,2/2/2017,0,15.6,3.3
1130,2/3/2017,0,11.7,0
1131,2/4/2017,0,5.6,-7.2
1132,2/5/2017,0,13.9,-7.2
1133,2/6/2017,0,20,-3.3
1134,2/7/2017,0,22.8,4.4
1135,2/8/2017,0,22.8,7.8
1136,2/9/2017,4.6,20,-1.7
1137,2/10/2017,2.5,11.7,-5
1138,2/11/2017,0,20.6,-5
1139,2/12/2017,0,25,12.2
1140,2/13/2017,0,16.1,2.8
1141,2/14/2017,0,12.8,-1.1
1142,2/15/2017,1,12.8,-1.1
1143,2/16/2017,0,11.1,0
1144,2/17/2017,0,19.4,0
1145,2/18/2017,0,21.7,9.4
1146,2/19/2017,0,21.7,8.3
1147,2/20/2017,0,22.2,2.2
1148,2/21/2017,0,22.2,2.2
1149,2/22/2017,0,16.1,7.2
1150,2/23/2017,4.6,23.3,8.3
1151,2/24/2017,0,24.4,7.8
1152,2/25/2017,0,24.4,7.8
1153,2/26/2017,0.3,17.8,-0.6
1154,2/27/2017,0,14.4,-1.1
1155,2/28/2017,0,19.4,-1.1
1156,3/1/2017,3.3,23.9,1.7
1157,3/2/2017,4.6,23.9,5
1158,3/3/2017,0,12.2,1.7
1159,3/4/2017,0,10,-2.8
1160,3/5/2017,0,10,-3.3
1161,3/6/2017,0,15.6,-3.3
1162,3/7/2017,0,18.3,10
1163,3/8/2017,4.1,18.3,7.8
1164,3/9/2017,0,21.7,7.8
1165,3/10/2017,0,21.7,4.4
1166,3/11/2017,0,15,-2.8
1167,3/12/2017,0,10,-2.8
1168,3/13/2017,0,10,-2.8
1169,3/14/2017,7.1,8.3,-2.8
1170,3/15/2017,3.3,5,-8.9
1171,3/16/2017,0,5.6,-8.9
1172,3/17/2017,0,10,-4.4
1173,3/18/2017,6.3,19.4,-3.9
1174,3/19/2017,2.5,19.4,3.3
1175,3/20/2017,0,18.9,0
1176,3/21/2017,0,21.1,0
1177,3/22/2017,0,21.1,7.2
1178,3/23/2017,0,14.4,-1.1
1179,3/24/2017,0,21.7,-1.1
1180,3/25/2017,0,23.9,12.8
1181,3/26/2017,0,23.9,11.1
1182,3/27/2017,1.8,26.7,11.1
1183,3/28/2017,6.9,26.7,12.2
1184,3/29/2017,1,23.3,11.7
1185,3/30/2017,0,23.3,9.4
1186,3/31/2017,13.5,19.4,9
1187,4/1/2017,11.2,20,9.4
1188,4/2/2017,0,18.3,5
1189,4/3/2017,0,18.3,5
1190,4/4/2017,18,26.7,7.8
1191,4/5/2017,0.3,26.7,11.1
1192,4/6/2017,7.1,22.2,8.3
1193,4/7/2017,1.3,8.3,5
1194,4/8/2017,0,19.4,4.4
1195,4/9/2017,0,22.8,1.7
1196,4/10/2017,0,26.7,1.7
1197,4/11/2017,0,30,6.7
1198,4/12/2017,0,30,11.1
1199,4/13/2017,0,26.7,10
1200,4/14/2017,0,25,10
1201,4/15/2017,0,27.8,13.3
1202,4/16/2017,19.3,28.3,13.9
1203,4/17/2017,0,28.3,15
1204,4/18/2017,3.3,23.3,13.3
1205,4/19/2017,2,22.2,9.4
1206,4/20/2017,2.3,26.7,9.4
1207,4/21/2017,1.3,28.3,12.2
1208,4/22/2017,1.8,28.3,13.3
1209,4/23/2017,15.2,20,8.9
1210,4/24/2017,37.6,12,8.3
1211,4/25/2017,38.6,17.2,8.3
1212,4/26/2017,0.3,27.2,10
1213,4/27/2017,0,27.2,11.1
1214,4/28/2017,2.3,27.8,13.3
1215,4/29/2017,0,30.6,13.3
1216,4/30/2017,0,30.6,17.8
1217,5/1/2017,0,29.4,17.8
1218,5/2/2017,3,23.9,13.9
1219,5/3/2017,0,23.9,11.7
1220,5/4/2017,0,23.9,8.9
1221,5/5/2017,57.1,22.8,8.9
1222,5/6/2017,40.9,22.8,9.4
1223,5/7/2017,0.3,17.8,7.2
1224,5/8/2017,0,19.4,3.9
1225,5/9/2017,0,19.4,3.9
1226,5/10/2017,10.4,26.1,3.9
1227,5/11/2017,1.8,27.2,12.2
1228,5/12/2017,2.3,27.2,10
1229,5/13/2017,20.8,22.2,10
1230,5/14/2017,1.5,27.8,9.4
1231,5/15/2017,0,27.2,18.3
1232,5/16/2017,0,27.8,10
1233,5/17/2017,0,32.8,10
1234,5/18/2017,0,32.8,15
1235,5/19/2017,0,31.7,18.9
1236,5/20/2017,0,30.6,19.4
1237,5/21/2017,24.6,21.7,15.6
1238,5/22/2017,15.5,25.6,15
1239,5/23/2017,0.3,21.7,14
1240,5/24/2017,30.2,16.7,13.9
1241,5/25/2017,39.6,21.1,13.9
1242,5/26/2017,2.8,25.6,13.9
1243,5/27/2017,0,29.4,14.4
1244,5/28/2017,0,29.4,14.4
1245,5/29/2017,0,28.3,17.8
1246,5/30/2017,0,29.4,16.7
1247,5/31/2017,0,29.4,16.7
1248,6/1/2017,0.8,28.3,16.1
1249,6/2/2017,0,28.3,12.8
1250,6/3/2017,0,29.4,11.1
1251,6/4/2017,0,31.1,11.1
1252,6/5/2017,9.9,22.2,17.8
1253,6/6/2017,17,26.1,17.2
1254,6/7/2017,0,26.1,10.6
1255,6/8/2017,1.3,22.2,10.6
1256,6/9/2017,0,26.7,12.8
1257,6/10/2017,0,30,12.8
1258,6/11/2017,0,31.7,12.8
1259,6/12/2017,0,31.7,17.2
1260,6/13/2017,0,32.8,20
1261,6/14/2017,21.1,32.8,20.6
1262,6/15/2017,1.3,32.2,18.9
1263,6/16/2017,40.1,30,18.9
1264,6/17/2017,8.6,28.9,19.4
1265,6/18/2017,3.6,30.6,20.6
1266,6/19/2017,1.3,30.6,20
1267,6/20/2017,7.6,29.4,18.3
1268,6/21/2017,0,30.6,18.3
1269,6/22/2017,0,30.6,18.9
1270,6/23/2017,0.8,30.6,18.9
1271,6/24/2017,1.8,30.6,20
1272,6/25/2017,1.3,30,16.7
1273,6/26/2017,0,27.8,12.8
1274,6/27/2017,0,27.8,12.8
1275,6/28/2017,0,27.8,10
1276,6/29/2017,0,30.6,10
1277,6/30/2017,0,30.6,14.4
1278,7/1/2017,0,33.9,19.4
1279,7/2/2017,0,33.9,22.2
1280,7/3/2017,0,32.2,18.3
1281,7/4/2017,0,32.2,18.3
1282,7/5/2017,7.9,31.1,21.1
1283,7/6/2017,8.4,30.6,19.4
1284,7/7/2017,4.1,31.7,19.4
1285,7/8/2017,0,31.7,21.7
1286,7/9/2017,0,30.6,16.7
1287,7/10/2017,0,32.2,16.7
1288,7/11/2017,0,34.4,17.2
1289,7/12/2017,0,35,18.3
1290,7/13/2017,0,35,20
1291,7/14/2017,1,34.4,22.2
1292,7/15/2017,0,33.9,22.2
1293,7/16/2017,0,32.8,17.8
1294,7/17/2017,0,33.3,17.2
1295,7/18/2017,0,33.9,17.2
1296,7/19/2017,1.5,35.6,18.3
1297,7/20/2017,0,36.1,18.3
1298,7/21/2017,0,36.1,20.6
1299,7/22/2017,0,36.1,22.2
1300,7/23/2017,0,36.1,22.8
1301,7/24/2017,22.4,35,21.1
1302,7/25/2017,6.3,32.8,20
1303,7/26/2017,0,32.2,20
1304,7/27/2017,0,30.6,20
1305,7/28/2017,0.8,30.6,20
1306,7/29/2017,5.6,26.7,18.9
1307,7/30/2017,1,28.3,13.9
1308,7/31/2017,0,30.6,13.9
1309,8/1/2017,0,30.6,13.9
1310,8/2/2017,0,30.6,18.3
1311,8/3/2017,0,31.7,16.7
1312,8/4/2017,0,31.7,16.7
1313,8/5/2017,0.3,31.7,17.8
1314,8/6/2017,0,29.4,12.2
1315,8/7/2017,3,29.4,12.2
1316,8/8/2017,14.7,28.3,20
1317,8/9/2017,0.3,27.8,17.8
1318,8/10/2017,0,27.8,14.4
1319,8/11/2017,0,27.8,14.4
1320,8/12/2017,1.8,29.4,20
1321,8/13/2017,1.5,29.4,20.6
1322,8/14/2017,0,28.9,21.1
1323,8/15/2017,0.8,30.6,21.1
1324,8/16/2017,1.8,33.3,19.4
1325,8/17/2017,0,35.6,19.4
1326,8/18/2017,0.5,35.6,22.2
1327,8/19/2017,0,33.9,19.4
1328,8/20/2017,0,33.3,17.8
1329,8/21/2017,0,36.1,17.8
1330,8/22/2017,7.1,36.1,20
1331,8/23/2017,0,35,20.6
1332,8/24/2017,0,31.7,18.3
1333,8/25/2017,0,28.3,13.3
1334,8/26/2017,0,28.3,13.3
1335,8/27/2017,0.5,27.2,17.8
1336,8/28/2017,0,26.1,15.6
1337,8/29/2017,0.8,23.9,15.6
1338,8/30/2017,22.4,28.3,16.7
1339,8/31/2017,4.3,28.3,16.7
1340,9/1/2017,0,27.8,14.4
1341,9/2/2017,23.1,15.6,12
1342,9/3/2017,2.8,27.2,12.2
1343,9/4/2017,0,30,13.3
1344,9/5/2017,0,30.6,13.3
1345,9/6/2017,0.5,21.7,14.4
1346,9/7/2017,14,22.2,9.4
1347,9/8/2017,0,24.4,8.3
1348,9/9/2017,0,24.4,8.3
1349,9/10/2017,0,23.9,8.3
1350,9/11/2017,0,21.1,8.3
1351,9/12/2017,0.5,18.3,12.8
1352,9/13/2017,18,26.7,15
1353,9/14/2017,1.3,26.7,17.8
1354,9/15/2017,0.8,26.1,14.4
1355,9/16/2017,0,27.2,14.4
1356,9/17/2017,0,28.9,15
1357,9/18/2017,0.8,28.9,16.1
1358,9/19/2017,0,28.9,16.1
1359,9/20/2017,0,28.9,16.1
1360,9/21/2017,0,30,17.2
1361,9/22/2017,0,30.6,17.2
1362,9/23/2017,0,31.1,16.1
1363,9/24/2017,0,31.1,15
1364,9/25/2017,0,30.6,15
1365,9/26/2017,0,32.2,16.7
1366,9/27/2017,0,33.9,16.7
1367,9/28/2017,0,33.9,17.2
1368,9/29/2017,0,30.6,11.7
1369,9/30/2017,0,27.2,11.7
1370,10/1/2017,0,24.4,5.6
1371,10/2/2017,0,22.8,5
1372,10/3/2017,0,23.9,5
1373,10/4/2017,0,27.8,7.8
1374,10/5/2017,0,30.6,8.3
1375,10/6/2017,0,30.6,11.1
1376,10/7/2017,0,30.6,12.2
1377,10/8/2017,0.8,28.3,12.2
1378,10/9/2017,29.5,30.6,20
1379,10/10/2017,0.3,30.6,20.6
1380,10/11/2017,26.9,31.7,20.6
1381,10/12/2017,0.3,31.7,17.8
1382,10/13/2017,0,22.8,15
1383,10/14/2017,1.5,25.6,15
1384,10/15/2017,0,28.3,15.6
1385,10/16/2017,0,28.3,11.7
1386,10/17/2017,0,21.1,3.9
1387,10/18/2017,0,20,2.8
1388,10/19/2017,0,24.4,2.8
1389,10/20/2017,0,24.4,4.4
1390,10/21/2017,0,24.4,8.3
1391,10/22/2017,0,24.4,8.3
1392,10/23/2017,0,23.3,8.9
1393,10/24/2017,34.3,20,10.6
1394,10/25/2017,0,20,5.6
1395,10/26/2017,0,15.6,3.9
1396,10/27/2017,0,21.1,1.7
1397,10/28/2017,0,21.1,1.7
1398,10/29/2017,12.7,18.9,5.6
1399,10/30/2017,8.1,15,3.9
1400,10/31/2017,0,17.8,4.4
1401,11/1/2017,0,15.6,5
1402,11/2/2017,0,24.4,4.4
1403,11/3/2017,0,26.1,9.4
1404,11/4/2017,2.8,26.1,8.9
1405,11/5/2017,5.3,19.4,8.3
1406,11/6/2017,0,25,8.9
1407,11/7/2017,0.5,25,7.8
1408,11/8/2017,1,14.4,5.6
1409,11/9/2017,2.8,11.7,5.6
1410,11/10/2017,0.3,11.7,2.8
1411,11/11/2017,0,10.6,-4.4
1412,11/12/2017,0,8.3,-4.4
1413,11/13/2017,2.5,13.9,-2.2
1414,11/14/2017,0,13.9,3.3
1415,11/15/2017,0,9.4,0.6
1416,11/16/2017,0,16.7,2.2
1417,11/17/2017,0,16.7,-0.6
1418,11/18/2017,0,17.2,-0.6
1419,11/19/2017,2.5,17.2,0.6
1420,11/20/2017,0,16.7,0.6
1421,11/21/2017,0,15.6,-2.8
1422,11/22/2017,0,15.6,-2.8
1423,11/23/2017,0,12.2,-3.9
1424,11/24/2017,0,14.4,-3.9
1425,11/25/2017,0,18.3,-3.3
1426,11/26/2017,0,18.3,-0.6
1427,11/27/2017,0,16.7,3.3
1428,11/28/2017,0,18.3,0
1429,11/29/2017,0,20,0
1430,11/30/2017,0,20,2.2
1431,12/1/2017,0,16.1,2.2
1432,12/2/2017,0,16.1,0
1433,12/3/2017,0,17.8,0
1434,12/4/2017,0,17.8,-0.6
1435,12/5/2017,0,16.1,-0.6
1436,12/6/2017,0.5,16.1,2.2
1437,12/7/2017,0,12.8,2.8
1438,12/8/2017,0,9.4,0.6
1439,12/9/2017,0.8,4.4,-1.1
1440,12/10/2017,2.5,5,-1.1
1441,12/11/2017,0,11.1,-0.6
1442,12/12/2017,0,11.1,-3.3
1443,12/13/2017,0,7.8,-6.1
1444,12/14/2017,0,7.8,-6.1
1445,12/15/2017,0,7.8,-1.1
1446,12/16/2017,0,10,-1.1
1447,12/17/2017,0,10,-0.6
1448,12/18/2017,0.3,15.6,-0.6
1449,12/19/2017,0,20,3.3
1450,12/20/2017,0,20,6.7
1451,12/21/2017,0,14.4,-1.1
1452,12/22/2017,0,13.3,-1.1
1453,12/23/2017,1.5,16.7,0.6
1454,12/24/2017,3.3,16.7,3.3
1455,12/25/2017,0.3,7.2,-3.3
1456,12/26/2017,0,5,-3.9
1457,12/27/2017,0,3.9,-5
1458,12/28/2017,0,3.3,-11.1
1459,12/29/2017,0,5.6,-11.1
1460,12/30/2017,0,5.6,-8.9
1461,12/31/2017,0,2.8,-10
1462,1/1/2018,0,-4.4,-12.8
1463,1/2/2018,0,0,-13.3
1464,1/3/2018,0,0,-13.9
1465,1/4/2018,0,-1.1,-13.9
1466,1/5/2018,0,-2.8,-10
1467,1/6/2018,0,-6.1,-12.2
1468,1/7/2018,0,-2.2,-15.6
1469,1/8/2018,0,2.2,-15.6
1470,1/9/2018,1.5,14.4,0
1471,1/10/2018,0,15,-0.6
1472,1/11/2018,0,9,4
1473,1/12/2018,16.5,19.4,5.6
1474,1/13/2018,8.4,19.4,-5
1475,1/14/2018,0.8,-1.7,-9.4
1476,1/15/2018,0,0.6,-10.6
1477,1/16/2018,0,6.7,-12.2
1478,1/17/2018,1.3,6.7,-8.9
1479,1/18/2018,2.5,3.9,-11.1
1480,1/19/2018,0,11.7,-1.1
1481,1/20/2018,0,16.7,-1.7
1482,1/21/2018,0,16.7,1.7
1483,1/22/2018,0,17.8,3.9
1484,1/23/2018,5.6,17.8,3.9
1485,1/24/2018,0,15.6,2.2
1486,1/25/2018,0,8.9,-1.7
1487,1/26/2018,0,12.8,-5
1488,1/27/2018,0,13.3,-5
1489,1/28/2018,1,12,8.3
1490,1/29/2018,14.7,11.7,2.8
1491,1/30/2018,2.8,10,-3.3
1492,1/31/2018,0.3,8.3,-6.7
1493,2/1/2018,0,11.1,1.7
1494,2/2/2018,0,11.7,-7.2
1495,2/3/2018,0,5,-9.4
1496,2/4/2018,0,4.4,-9.4
1497,2/5/2018,23.1,6.1,-2.2
1498,2/6/2018,0,9.4,-4.4
1499,2/7/2018,6.6,9.4,-4.4
1500,2/8/2018,19,7.8,-1.1
1501,2/9/2018,0,13.3,-3.9
1502,2/10/2018,0.3,13.3,-3.9
1503,2/11/2018,34.5,19.4,1.1
1504,2/12/2018,4.3,19.4,7.2
1505,2/13/2018,1,16.1,0.6
1506,2/14/2018,1,16.1,-0.6
1507,2/15/2018,1,22.8,8.3
1508,2/16/2018,0,23.3,8.3
1509,2/17/2018,0.5,11.7,1.1
1510,2/18/2018,2.3,12.8,1.1
1511,2/19/2018,5.3,12.8,2.8
1512,2/20/2018,0,24.4,4.4
1513,2/21/2018,0,25,8.9
1514,2/22/2018,0,28.9,8.9
1515,2/23/2018,0,22.2,7
1516,2/24/2018,0,22.2,7.2
1517,2/25/2018,0.3,22.2,7.2
1518,2/26/2018,1.5,18.9,8.3
1519,2/27/2018,0,15,-1.7
1520,2/28/2018,0,15,-1.7
1521,3/1/2018,2.8,12.8,4.4
1522,3/2/2018,6.3,15,3.9
1523,3/3/2018,0,11.7,0
1524,3/4/2018,0,15,0
1525,3/5/2018,0,15,0
1526,3/6/2018,0,12.2,0
1527,3/7/2018,0,8.3,1.7
1528,3/8/2018,0.3,8.3,-1.1
1529,3/9/2018,0.5,7.8,-2.8
1530,3/10/2018,0,8.3,-2.8
1531,3/11/2018,0.3,8.9,1.7
1532,3/12/2018,3.6,8.9,0
1533,3/13/2018,8.6,5,0
1534,3/14/2018,0.3,4.4,-2.2
1535,3/15/2018,0,15,-2.2
1536,3/16/2018,0,15,-1.7
1537,3/17/2018,0,19.4,0
1538,3/18/2018,11.7,19.4,0
1539,3/19/2018,1.5,17.2,5
1540,3/20/2018,18.8,14.4,2.8
1541,3/21/2018,13.7,8.3,-1.7
1542,3/22/2018,2.3,8.3,-1.7
1543,3/23/2018,0,10.6,0
1544,3/24/2018,0,10.6,-3.3
1545,3/25/2018,11.4,10,-3.3
1546,3/26/2018,0.3,10.6,-0.6
1547,3/27/2018,2.5,10.6,0
1548,3/28/2018,2.3,22.2,0.6
1549,3/29/2018,0,25.6,11.7
1550,3/30/2018,0.8,26.1,8.9
1551,3/31/2018,0.5,18.3,0.6
1552,4/1/2018,0,18.3,10.6
1553,4/2/2018,0,18.9,10
1554,4/3/2018,1.5,17.8,6.7
1555,4/4/2018,1.3,17.2,6.7
1556,4/5/2018,1,17.2,-1.1
1557,4/6/2018,0,21.7,-1.1
1558,4/7/2018,0,21.7,1.1
1559,4/8/2018,2.3,11.7,-1.7
1560,4/9/2018,0.3,11.1,-1.7
1561,4/10/2018,0.3,14.4,1.1
1562,4/11/2018,0,18.3,1.1
1563,4/12/2018,0,26.1,4.4
1564,4/13/2018,0,27.8,4.4
1565,4/14/2018,0,27.8,10
1566,4/15/2018,0,27.8,13.9
1567,4/16/2018,36.6,23.9,4.4
1568,4/17/2018,3,18.3,1.1
1569,4/18/2018,0,27.2,1.1
1570,4/19/2018,0,27.2,6.1
1571,4/20/2018,0,21.7,3.3
1572,4/21/2018,0,19.4,1.1
1573,4/22/2018,0,20.6,1.1
1574,4/23/2018,0,20.6,7.2
1575,4/24/2018,21.8,17.2,10
1576,4/25/2018,33,21.1,10
1577,4/26/2018,0.5,22.2,8.3
1578,4/27/2018,4.8,22.2,8.3
1579,4/28/2018,1.8,25,8.3
1580,4/29/2018,0,25,6.1
1581,4/30/2018,0,22.8,5
1582,5/1/2018,0,28.9,5
1583,5/2/2018,0,30.6,5.6
1584,5/3/2018,0,32.2,13.3
1585,5/4/2018,0,32.2,16.1
1586,5/5/2018,0,32.2,17.2
1587,5/6/2018,0,25.6,15
1588,5/7/2018,0,25.6,10
1589,5/8/2018,0,25.6,10
1590,5/9/2018,0,26.1,11.1
1591,5/10/2018,0,30.6,11.1
1592,5/11/2018,3,31.7,13.3
1593,5/12/2018,0,33.9,13.9
1594,5/13/2018,0,33.9,18.3
1595,5/14/2018,0,33.9,18.3
1596,5/15/2018,0,31.7,17.8
1597,5/16/2018,41.1,31.7,17.8
1598,5/17/2018,35.1,25,18.3
1599,5/18/2018,66.8,25,18.3
1600,5/19/2018,38.1,23,16.1
1601,5/20/2018,1,31.1,16.1
1602,5/21/2018,0,31.1,17.8
1603,5/22/2018,9.4,28.9,17.8
1604,5/23/2018,13.5,29.4,17.8
1605,5/24/2018,0,29.4,17.8
1606,5/25/2018,0,28.9,16.1
1607,5/26/2018,0,28.9,16.1
1608,5/27/2018,3,29.4,19.4
1609,5/28/2018,11.9,29.4,19.4
1610,5/29/2018,0.8,25.6,20
1611,5/30/2018,3,27.2,20
1612,5/31/2018,9.1,27.8,21
1613,6/1/2018,5.3,31.7,19.4
1614,6/2/2018,0.3,31.7,19.4
1615,6/3/2018,4.3,31.1,19.4
1616,6/4/2018,1.5,31.1,15
1617,6/5/2018,0,28.3,15
1618,6/6/2018,0,28.3,15
1619,6/7/2018,0,27.2,15
1620,6/8/2018,0,30.6,15
1621,6/9/2018,0,31.7,16.1
1622,6/10/2018,0,31.7,18.3
1623,6/11/2018,1.5,31.1,17.2
1624,6/12/2018,1.5,20,16
1625,6/13/2018,0.8,29.4,16.1
1626,6/14/2018,0.5,32.2,18.3
1627,6/15/2018,0,32.2,13.9
1628,6/16/2018,0,31.7,13.9
1629,6/17/2018,0,34.4,15.6
1630,6/18/2018,4.6,35.6,19.4
1631,6/19/2018,0,35.6,20
1632,6/20/2018,0,35,22.8
1633,6/21/2018,0,33.9,22.8
1634,6/22/2018,23.6,31.1,21.1
1635,6/23/2018,38.6,30,19.4
1636,6/24/2018,0,32.2,19.4
1637,6/25/2018,0,32.2,20.6
1638,6/26/2018,7.4,24.4,19
1639,6/27/2018,8.4,27.8,18.3
1640,6/28/2018,0.3,31.7,18.3
1641,6/29/2018,0,31.7,18.3
1642,6/30/2018,0,31.7,18.3
1643,7/1/2018,0,33.3,18.9
1644,7/2/2018,0,33.3,18.9
1645,7/3/2018,0.5,33.9,21.1
1646,7/4/2018,0,33.9,21.1
1647,7/5/2018,0,33.3,23.3
1648,7/6/2018,7.4,33.3,21.1
1649,7/7/2018,19.6,32.2,20
1650,7/8/2018,0,27.8,13.3
1651,7/9/2018,0,30.6,13.3
1652,7/10/2018,0,32.8,13.3
1653,7/11/2018,0,33.3,17.2
1654,7/12/2018,0,33.3,20.6
1655,7/13/2018,0,30.6,21.1
1656,7/14/2018,0,31.1,18.3
1657,7/15/2018,0,33.3,18.3
1658,7/16/2018,0,33.3,18.9
1659,7/17/2018,0,32.8,22.2
1660,7/18/2018,0,32.8,19.4
1661,7/19/2018,0,30.6,15.6
1662,7/20/2018,0,30,15.6
1663,7/21/2018,0,28.3,19.4
1664,7/22/2018,5.1,28.3,18.3
1665,7/23/2018,13.2,27.2,18
1666,7/24/2018,23.6,27.2,18.3
1667,7/25/2018,10.7,27.2,20.6
1668,7/26/2018,22.9,31.7,19.4
1669,7/27/2018,0,32.2,19.4
1670,7/28/2018,0,32.2,19.4
1671,7/29/2018,0,30,18.3
1672,7/30/2018,7.9,28.3,18.3
1673,7/31/2018,0.8,28.3,20
1674,8/1/2018,2,29.4,20
1675,8/2/2018,9.9,29.4,21.1
1676,8/3/2018,10.9,27.8,20.6
1677,8/4/2018,7.1,31.7,18.9
1678,8/5/2018,0,32.2,18.9
1679,8/6/2018,0,32.2,20
1680,8/7/2018,5.6,32.8,20
1681,8/8/2018,2.3,32.8,21.1
1682,8/9/2018,1.8,31.7,21.7
1683,8/10/2018,0,31.7,18.3
1684,8/11/2018,1.5,31.7,18.3
1685,8/12/2018,0.3,31.1,19.4
1686,8/13/2018,20.6,29.4,18.3
1687,8/14/2018,0,29.4,16.7
1688,8/15/2018,0,30.6,16.7
1689,8/16/2018,0,32.8,17.2
1690,8/17/2018,0,33.9,19.4
1691,8/18/2018,0,33.9,21.1
1692,8/19/2018,22.1,30,20.6
1693,8/20/2018,1,30,20.6
1694,8/21/2018,42.9,28.3,21.1
1695,8/22/2018,0,28.3,20.6
1696,8/23/2018,0,27.8,13.9
1697,8/24/2018,0,26.7,12.2
1698,8/25/2018,0,27.8,12.2
1699,8/26/2018,0,30.6,13.3
1700,8/27/2018,1,31.7,16.7
1701,8/28/2018,0,33.9,20.6
1702,8/29/2018,0,34.4,20.6
1703,8/30/2018,0,34.4,21.1
1704,8/31/2018,4.3,29.4,19
1705,9/1/2018,0,31.1,19.4
1706,9/2/2018,0,32.2,19.4
1707,9/3/2018,0,33.3,19.4
1708,9/4/2018,0,33.3,20
1709,9/5/2018,0,33.3,20.6
1710,9/6/2018,0,34.4,20
1711,9/7/2018,0,34.4,20
1712,9/8/2018,0,32.2,19.4
1713,9/9/2018,17,19.4,16
1714,9/10/2018,7.9,21.1,15.6
1715,9/11/2018,7.6,26.7,15.6
1716,9/12/2018,54.4,27.2,20
1717,9/13/2018,1.5,29.4,21.1
1718,9/14/2018,0.8,29.4,22.2
1719,9/15/2018,4.1,25.6,21.1
1720,9/16/2018,1.5,25,20
1721,9/17/2018,75.7,28.9,22
1722,9/18/2018,38.1,29.4,22.2
1723,9/19/2018,0,31.7,17.2
1724,9/20/2018,0,31.7,17.2
1725,9/21/2018,0.5,30.6,18.9
1726,9/22/2018,0,30.6,20.6
1727,9/23/2018,58.7,30,16.7
1728,9/24/2018,0.8,18.3,16.7
1729,9/25/2018,3.6,25,16.7
1730,9/26/2018,2.3,29.4,17.8
1731,9/27/2018,0.5,29.4,15
1732,9/28/2018,25.9,26.1,15
1733,9/29/2018,0.5,26.1,14.4
1734,9/30/2018,0,25.6,13.3
1735,10/1/2018,0,27.8,13.3
1736,10/2/2018,0,28.3,17.8
1737,10/3/2018,0,30.6,17.8
1738,10/4/2018,4.8,31.1,18.3
1739,10/5/2018,0,31.1,18.3
1740,10/6/2018,3.8,28.9,20
1741,10/7/2018,0,30.6,20
1742,10/8/2018,8.9,26.7,19
1743,10/9/2018,0,27.8,19.4
1744,10/10/2018,2.3,25.6,20
1745,10/11/2018,16.3,23.3,20
1746,10/12/2018,61.5,23.3,10
1747,10/13/2018,0,19.4,10
1748,10/14/2018,0,11.7,8
1749,10/15/2018,1.5,26.7,8.3
1750,10/16/2018,0.3,26.7,11.1
1751,10/17/2018,1.5,20,11.7
1752,10/18/2018,0,20,7.2
1753,10/19/2018,0,20,2.8
1754,10/20/2018,0,18.9,13.9
1755,10/21/2018,0,19.4,5
1756,10/22/2018,0,16.1,0
1757,10/23/2018,0,21.7,0
1758,10/24/2018,0,21.7,4.4
1759,10/25/2018,0,16.1,1.1
1760,10/26/2018,0.3,13.3,1.1
1761,10/27/2018,28.2,15.6,6.1
1762,10/28/2018,0,17.8,7.2
1763,10/29/2018,3.3,17.8,8.9
1764,10/30/2018,0,19.4,2.8
1765,10/31/2018,0,24.4,2.8
1766,11/1/2018,0,24.4,6.1
1767,11/2/2018,1,21.7,10
1768,11/3/2018,9.1,19.4,7.2
1769,11/4/2018,0,14.4,0
1770,11/5/2018,1.5,14.4,9
1771,11/6/2018,0.3,19.4,9.4
1772,11/7/2018,2.5,21.7,6.1
1773,11/8/2018,0,21.7,6.1
1774,11/9/2018,2.8,17.2,6.1
1775,11/10/2018,7.6,10,1.1
1776,11/11/2018,0,8.3,-5.6
1777,11/12/2018,0,8.3,-5.6
1778,11/13/2018,24.9,10,-1.7
1779,11/14/2018,1,10,2.2
1780,11/15/2018,7.4,6.1,0.6
1781,11/16/2018,33.3,10,0.6
1782,11/17/2018,0,14.4,2.2
1783,11/18/2018,0,11.7,-0.6
1784,11/19/2018,0,16.7,2.8
1785,11/20/2018,0,12.2,6.7
1786,11/21/2018,0,11.7,1.1
1787,11/22/2018,0,11.1,2.8
1788,11/23/2018,0,11.1,-1.7
1789,11/24/2018,1,7.2,-1.7
1790,11/25/2018,25.7,16.1,-1.7
1791,11/26/2018,0,16.1,3.3
1792,11/27/2018,0,4.4,-0.6
1793,11/28/2018,0,3.3,-4.4
1794,11/29/2018,0,11.1,-5
1795,11/30/2018,1.3,16.1,5
1796,12/1/2018,4.6,13.9,4
1797,12/2/2018,3.8,13.9,3.9
1798,12/3/2018,0.3,16.7,4.4
1799,12/4/2018,0,16.7,3.9
1800,12/5/2018,0,6.1,1.1
1801,12/6/2018,0,7.2,-1.1
1802,12/7/2018,0,7.2,-1.1
1803,12/8/2018,0,4.4,-2
1804,12/9/2018,3.8,4.4,-3.3
1805,12/10/2018,29,7.2,-3.3
1806,12/11/2018,0.3,7.2,-7.8
1807,12/12/2018,0,6.7,-7.8
1808,12/13/2018,0,9.4,-0.6
1809,12/14/2018,0,9.4,-3.3
1810,12/15/2018,15.7,8.3,2.2
1811,12/16/2018,13.5,13.3,3.9
1812,12/17/2018,4.6,14.4,5
1813,12/18/2018,0,14.4,2.2
1814,12/19/2018,0,11.1,-2.8
1815,12/20/2018,0,10.6,-2.8
1816,12/21/2018,39.6,15.6,0.6
1817,12/22/2018,6.3,7.2,3.3
1818,12/23/2018,0,11.1,-1.7
1819,12/24/2018,0,11.1,-1.7
1820,12/25/2018,0,8.9,-0.6
1821,12/26/2018,0,8.9,-3.9
1822,12/27/2018,0,8.3,-3.9
1823,12/28/2018,21.6,11.1,-3.3
1824,12/29/2018,17.8,15.6,3.3
1825,12/30/2018,0,15.6,4.4
1826,12/31/2018,0,14.4,4.4
1827,1/1/2019,1.5,16.7,5
1828,1/2/2019,0,16.7,3.9
1829,1/3/2019,3.6,11.1,3.9
1830,1/4/2019,2.5,11.1,2.2
1831,1/5/2019,7.4,12.8,2.2
1832,1/6/2019,0.5,17.2,4.4
1833,1/7/2019,0,17.2,3.3
1834,1/8/2019,0,18.9,3.3
1835,1/9/2019,0,18.9,1.1
1836,1/10/2019,0,1.7,-4.4
1837,1/11/2019,0,5,-7.2
1838,1/12/2019,0,5,-7.2
1839,1/13/2019,15,1.1,-2.2
1840,1/14/2019,0.8,2.2,-2
1841,1/15/2019,0,5.6,-1.7
1842,1/16/2019,0,7.2,-2.2
1843,1/17/2019,0,7.2,-3.3
1844,1/18/2019,2,10,-3.3
1845,1/19/2019,0,10,0
1846,1/20/2019,17.8,9.4,-6.1
1847,1/21/2019,3,-2.8,-12.2
1848,1/22/2019,0,2.2,-12.2
1849,1/23/2019,0,8.3,-0.6
1850,1/24/2019,11.2,12.8,0
1851,1/25/2019,0.5,4.4,-1.1
1852,1/26/2019,0,6.7,-3.9
1853,1/27/2019,0,8.3,-3.9
1854,1/28/2019,0,9.4,-3.9
1855,1/29/2019,0,9.4,-2.2
1856,1/30/2019,0.5,4.4,-7.2
1857,1/31/2019,0,1.7,-12.8
1858,2/1/2019,0,6.1,-12.8
1859,2/2/2019,0,16.1,-5
1860,2/3/2019,0,18.3,-3.9
1861,2/4/2019,0,20,-0.6
1862,2/5/2019,0,21.1,8.3
1863,2/6/2019,0,21.7,6.1
1864,2/7/2019,0.3,22.2,6.1
1865,2/8/2019,3,22.2,6.7
1866,2/9/2019,0,6.7,-2.2
1867,2/10/2019,0,5.6,-5.6
1868,2/11/2019,4.6,6.1,-5.6
1869,2/12/2019,11.4,6.1,0
1870,2/13/2019,5.3,10.6,1.1
1871,2/14/2019,0,14.4,0.6
1872,2/15/2019,0,16.1,9.4
1873,2/16/2019,1.5,16.1,1.7
1874,2/17/2019,9.7,10,0.6
1875,2/18/2019,18.8,10,0.6
1876,2/19/2019,1.3,10,-1.1
1877,2/20/2019,15.5,7.2,-1.1
1878,2/21/2019,20.1,16.1,0
1879,2/22/2019,6.3,16.1,0.6
1880,2/23/2019,25.1,6.7,3
1881,2/24/2019,23.4,19.4,2
1882,2/25/2019,8.1,19.4,2.2
1883,2/26/2019,0,17.2,-1.1
1884,2/27/2019,0,17.2,-1.1
1885,2/28/2019,0,16.1,0.6
1886,3/1/2019,4.6,16.1,2.2
1887,3/2/2019,14.7,12.8,2
1888,3/3/2019,0,12.8,2.2
1889,3/4/2019,14,5.6,0
1890,3/5/2019,0,5,-4.4
1891,3/6/2019,0,5,-6.7
1892,3/7/2019,0,8.3,-6.7
1893,3/8/2019,0,8.3,-3.3
1894,3/9/2019,3.6,3.9,0
1895,3/10/2019,6.6,22.8,0.6
1896,3/11/2019,3.8,22.8,1.1
1897,3/12/2019,0,17.2,3.9
1898,3/13/2019,0,16.7,-0.6
1899,3/14/2019,0,20,6.7
1900,3/15/2019,0,22.8,16.7
1901,3/16/2019,0.3,22.8,3.9
1902,3/17/2019,0,13.9,-0.6
1903,3/18/2019,0,13.9,-0.6
1904,3/19/2019,0,11.7,-3.3
1905,3/20/2019,0,13.3,-3.3
1906,3/21/2019,2.3,13.9,-1.1
1907,3/22/2019,0,13.9,5
1908,3/23/2019,0,15,3.3
1909,3/24/2019,0,21.7,-2.2
1910,3/25/2019,0,18.9,7.8
1911,3/26/2019,2.3,18.3,6.1
1912,3/27/2019,0,13.9,-1.1
1913,3/28/2019,0,20,-1.1
1914,3/29/2019,0,23.3,9.4
1915,3/30/2019,0,25,8.3
1916,3/31/2019,0,25,6.7
1917,4/1/2019,0,10,-2.8
1918,4/2/2019,0,11.1,-2.8
1919,4/3/2019,0,21.7,-0.6
1920,4/4/2019,0,22.8,1.1
1921,4/5/2019,1,22.8,7.2
1922,4/6/2019,12.2,21.7,8.9
1923,4/7/2019,0,21.7,9.4
1924,4/8/2019,1.5,26.1,12.8
1925,4/9/2019,11.7,26.7,12.8
1926,4/10/2019,0,25,7.8
1927,4/11/2019,0,25,7.8
1928,4/12/2019,0,23.9,10
1929,4/13/2019,7.1,20.6,14.4
1930,4/14/2019,0.5,22.2,13.3
1931,4/15/2019,46.5,22.8,7.8
1932,4/16/2019,0.8,22.2,3.3
1933,4/17/2019,0,27.2,13.9
1934,4/18/2019,0,28.3,12.2
1935,4/19/2019,1.5,28.3,12.8
1936,4/20/2019,30.5,22.2,10
1937,4/21/2019,0,17.8,6.7
1938,4/22/2019,0,25,6.1
1939,4/23/2019,0,30,6.1
1940,4/24/2019,0,27.8,19.4
1941,4/25/2019,0,28.3,12.8
1942,4/26/2019,0.3,26.1,12.8
1943,4/27/2019,3.8,22.8,10
1944,4/28/2019,0,27.2,10.6
1945,4/29/2019,0,27.2,9.4
1946,4/30/2019,0,31.7,9.4
1947,5/1/2019,0,31.7,10.6
1948,5/2/2019,0,31.1,15
1949,5/3/2019,0,30.6,15
1950,5/4/2019,18.8,29.4,15
1951,5/5/2019,3.6,27.2,15.6
1952,5/6/2019,4.1,25.6,12.8
1953,5/7/2019,0,25.6,11.7
1954,5/8/2019,3.3,28.3,11.7
1955,5/9/2019,0,28.3,15
1956,5/10/2019,0,27.2,18.3
1957,5/11/2019,0,27.2,18.9
1958,5/12/2019,8.4,25,18.9
1959,5/13/2019,7.6,25,12.2
1960,5/14/2019,0.3,20.6,10
1961,5/15/2019,0,22.8,6.1
1962,5/16/2019,0,26.7,6.1
1963,5/17/2019,0,31.1,10
1964,5/18/2019,1,32.8,12.8
1965,5/19/2019,0.8,32.8,16.7
1966,5/20/2019,0,32.2,16.7
1967,5/21/2019,0,31.1,13.9
1968,5/22/2019,0,27.8,12.8
1969,5/23/2019,0,32.8,12.8
1970,5/24/2019,0,33.3,18.9
1971,5/25/2019,0,33.3,20
1972,5/26/2019,3.3,32.8,20
1973,5/27/2019,6.3,32.8,18.9
1974,5/28/2019,0,33.9,18.9
1975,5/29/2019,0,33.9,19.4
1976,5/30/2019,4.8,32.8,18.9
1977,5/31/2019,0,31.7,18.9
1978,6/1/2019,10.2,30,15.6
1979,6/2/2019,1,30,15
1980,6/3/2019,0,30,15
1981,6/4/2019,0,26.7,10
1982,6/5/2019,0,26.7,10
1983,6/6/2019,0,32.2,16.7
1984,6/7/2019,2.5,22.8,20.6
1985,6/8/2019,33,21.1,17
1986,6/9/2019,53.8,21.1,17
1987,6/10/2019,9.7,26.1,17.2
1988,6/11/2019,12.4,26.1,16.7
1989,6/12/2019,0,26.1,11.7
1990,6/13/2019,2.8,25.6,11.7
1991,6/14/2019,1.5,25.6,14.4
1992,6/15/2019,0,28.9,11.1
1993,6/16/2019,0,32.8,11.1
1994,6/17/2019,1,32.8,18.9
1995,6/18/2019,4.6,31.7,20
1996,6/19/2019,3.3,29.4,19.4
1997,6/20/2019,3.6,28.9,19.4
1998,6/21/2019,0,28.9,19.4
1999,6/22/2019,0,27.2,17.2
2000,6/23/2019,0,27.8,14.4
2001,6/24/2019,0,32.8,14.4
2002,6/25/2019,7.1,32.8,17.8
2003,6/26/2019,0,31.7,17.2
2004,6/27/2019,0,32.8,17.2
2005,6/28/2019,0,32.8,18.3
2006,6/29/2019,0,33.9,20
2007,6/30/2019,5.6,33.9,20
2008,7/1/2019,0,33.3,20
2009,7/2/2019,0,33.9,18.9
2010,7/3/2019,0.3,33.9,18.9
2011,7/4/2019,0,33.9,21.1
2012,7/5/2019,1.8,32.8,21.1
2013,7/6/2019,0,34.4,21.1
2014,7/7/2019,0,34.4,21.7
2015,7/8/2019,3.6,33.3,21.1
2016,7/9/2019,0,33.3,21.1
2017,7/10/2019,0,32.2,20.6
2018,7/11/2019,0,32.2,20.6
2019,7/12/2019,1,33.9,21.7
2020,7/13/2019,0,33.9,20.6
2021,7/14/2019,0,35.6,20.6
2022,7/15/2019,0,35.6,21.1
2023,7/16/2019,2.5,33.9,20.6
2024,7/17/2019,0,33.9,20.6
2025,7/18/2019,0,35,22.2
2026,7/19/2019,0,36.1,23.3
2027,7/20/2019,0,37.2,23.3
2028,7/21/2019,0,37.2,22.2
2029,7/22/2019,70.1,35,21.7
2030,7/23/2019,22.6,30,17.8
2031,7/24/2019,11.9,28.3,16.1
2032,7/25/2019,0,29.4,14.4
2033,7/26/2019,0,29.4,14.4
2034,7/27/2019,0,30.6,15.6
2035,7/28/2019,0,32.8,16.7
2036,7/29/2019,0,32.8,18.3
2037,7/30/2019,0,33.3,19.4
2038,7/31/2019,5.6,33.3,20
2039,8/1/2019,0,32.2,18.9
2040,8/2/2019,6.3,32.2,18.9
2041,8/3/2019,0,30.6,18.9
2042,8/4/2019,0.3,32.2,18.9
2043,8/5/2019,0,32.2,19.4
2044,8/6/2019,0,32.2,18.9
2045,8/7/2019,0,32.2,18.9
2046,8/8/2019,0,32.2,19.4
2047,8/9/2019,0,32.2,19.4
2048,8/10/2019,0,32.2,18.9
2049,8/11/2019,0,30,15.6
2050,8/12/2019,0,32.8,15.6
2051,8/13/2019,0,32.8,17.8
2052,8/14/2019,0.8,35,23.3
2053,8/15/2019,0,35,21.1
2054,8/16/2019,5.3,33.3,20
2055,8/17/2019,16.5,33.3,20
2056,8/18/2019,0,33.9,20
2057,8/19/2019,0,33.9,20
2058,8/20/2019,0,33.9,21.1
2059,8/21/2019,0,35,21.1
2060,8/22/2019,0,35.6,21.1
2061,8/23/2019,8.1,35.6,21.1
2062,8/24/2019,38.1,30.6,17.2
2063,8/25/2019,0.3,24.4,16.7
2064,8/26/2019,0,24.4,16.7
2065,8/27/2019,1,24.4,17.8
2066,8/28/2019,3,30,18.3
2067,8/29/2019,0,30,13.3
2068,8/30/2019,0,31.1,13.3
2069,8/31/2019,0,32.2,13.3
2070,9/1/2019,0,32.2,16.7
2071,9/2/2019,0,30.6,16.7
2072,9/3/2019,1.3,31.1,16.7
2073,9/4/2019,0,35,18.3
2074,9/5/2019,0,35,18.3
2075,9/6/2019,0,31.7,20.6
2076,9/7/2019,0.3,31.7,16.7
2077,9/8/2019,0,30.6,13.9
2078,9/9/2019,0,30.6,13.9
2079,9/10/2019,0,30.6,20.6
2080,9/11/2019,0,35,20.6
2081,9/12/2019,14.5,36.1,20.6
2082,9/13/2019,0.5,36.1,20.6
2083,9/14/2019,0,26.7,18.9
2084,9/15/2019,3.8,30.6,18.3
2085,9/16/2019,0,33.3,16.7
2086,9/17/2019,0,33.3,16.7
2087,9/18/2019,0,28.9,18.9
2088,9/19/2019,0,25,15.6
2089,9/20/2019,0,26.7,9.4
2090,9/21/2019,0,31.1,9.4
2091,9/22/2019,0,33.3,15.6
2092,9/23/2019,0,33.3,17.8
2093,9/24/2019,0,32.2,18.9
2094,9/25/2019,0,29.4,11.7
2095,9/26/2019,0,33.9,11.7
2096,9/27/2019,0,33.9,15.6
2097,9/28/2019,0,32.2,15.6
2098,9/29/2019,13,33.3,19.4
2099,9/30/2019,0,33.3,19.4
2100,10/1/2019,0.3,32.8,20.6
2101,10/2/2019,0,34.4,20.6
2102,10/3/2019,0,36.7,20.6
2103,10/4/2019,0,36.7,20.6
2104,10/5/2019,0,31.7,11.1
2105,10/6/2019,4.6,20.6,11.1
2106,10/7/2019,0,26.1,12.8
2107,10/8/2019,3.8,23.3,13
2108,10/9/2019,7.6,22.8,12.8
2109,10/10/2019,0,24.4,12.8
2110,10/11/2019,0,26.1,9.4
2111,10/12/2019,0,26.1,9.4
2112,10/13/2019,0,25,10.6
2113,10/14/2019,0,24.4,8.9
2114,10/15/2019,0,24.4,6.1
2115,10/16/2019,6.1,23.3,6.1
2116,10/17/2019,18.5,17.8,8.9
2117,10/18/2019,0,19.4,7.2
2118,10/19/2019,0,19.4,2.2
2119,10/20/2019,43.4,20.6,2.2
2120,10/21/2019,0.8,20.6,10
2121,10/22/2019,1.3,20,10.6
2122,10/23/2019,11.7,20,8.9
2123,10/24/2019,0,20,2.2
2124,10/25/2019,0,20,2.2
2125,10/26/2019,0.3,20,5.6
2126,10/27/2019,23.9,23.9,12.2
2127,10/28/2019,20.1,23.9,8.3
2128,10/29/2019,0,21.1,8.3
2129,10/30/2019,0,16.7,12.2
2130,10/31/2019,18.8,25,15
2131,11/1/2019,20.1,15.6,2.8
2132,11/2/2019,0,15,-1.1
2133,11/3/2019,0,15,-1.1
2134,11/4/2019,0,15.6,-1.7
2135,11/5/2019,0,18.9,-1.7
2136,11/6/2019,0,18.9,0.6
2137,11/7/2019,0,16.7,4.4
2138,11/8/2019,0.5,16.7,0.6
2139,11/9/2019,0,10,-5
2140,11/10/2019,0,20,-5
2141,11/11/2019,0,21.1,-1.7
2142,11/12/2019,0,21.1,-2.8
2143,11/13/2019,0.5,2.2,-7.8
2144,11/14/2019,0,6.7,-7.8
2145,11/15/2019,0,12.2,-7.8
2146,11/16/2019,0,12.2,-1.1
2147,11/17/2019,0,8.9,-1.1
2148,11/18/2019,0,7.8,1.7
2149,11/19/2019,4.3,11.7,2.2
2150,11/20/2019,0,13.3,2.2
2151,11/21/2019,0,13.3,0.6
2152,11/22/2019,0,15.6,0.6
2153,11/23/2019,0.5,15.6,1.1
2154,11/24/2019,12.7,11.1,1.1
2155,11/25/2019,0.3,15.6,1.1
2156,11/26/2019,0,16.7,1.1
2157,11/27/2019,3.3,20,1.1
2158,11/28/2019,2.3,20,4.4
2159,11/29/2019,0,13.3,2.8
2160,11/30/2019,0.3,13.3,2.8
2161,12/1/2019,23.4,10,3.9
2162,12/2/2019,12.4,7.2,2.8
2163,12/3/2019,0,7.2,2.2
2164,12/4/2019,0,11.7,0.6
2165,12/5/2019,0,12.2,0.6
2166,12/6/2019,0,12.2,0
2167,12/7/2019,0,12.2,0
2168,12/8/2019,0,9.4,-1.1
2169,12/9/2019,2.3,7.8,-1.1
2170,12/10/2019,10.9,13.3,0.6
2171,12/11/2019,1.8,13.3,-0.6
2172,12/12/2019,0,6.1,-5
2173,12/13/2019,4.8,4.4,-5
2174,12/14/2019,17.8,12.8,-1.1
2175,12/15/2019,2.3,12.8,2.8
2176,12/16/2019,0,12.2,2.8
2177,12/17/2019,0.5,11.7,2.8
2178,12/18/2019,0.5,11.7,-2.8
2179,12/19/2019,0,6.7,-5.6
2180,12/20/2019,0,12.2,-5.6
2181,12/21/2019,0,12.2,-3.3
2182,12/22/2019,0,9.4,-1.7
2183,12/23/2019,0,11.7,-1.7
2184,12/24/2019,0,18.3,0.6
2185,12/25/2019,0,18.3,-0.6
2186,12/26/2019,0,20,-0.6
2187,12/27/2019,0,20,0.6
2188,12/28/2019,0,20,3.9
2189,12/29/2019,2,20,5
2190,12/30/2019,2.3,19.4,7.2
2191,12/31/2019,0.3,19.4,3.9
2192,1/1/2020,0,11.7,5
