DateTime,wind_factor,sw_factor,lw_factor,coef_mix_hyp,sed_temp_mean,sed_temp_mean.1,sed_temp_amplitude,RMSE
2020-09-23 15:05:43,0.866884143988546,1.03850467744657,0.770547787919974,0.448795867902257,9.28026332821671,18.7806751259101,2.367360056116,2.0329330997995
2020-09-23 15:05:39,0.866884143988546,1.03850467744657,0.770547787919974,0.448795867902257,9.28026332821671,18.7806751259101,2.367360056116,2.0329330997995
2020-09-23 15:05:36,0.861161115094985,1.02548200156017,0.77171905873649,0.461551149752645,9.53632190112588,18.9903683848695,2.24441810108673,2.04366404087159
2020-09-23 15:05:32,0.874728794148975,1.03563805619631,0.764997745630403,0.445994362347601,9.24860553884881,18.7513687983092,2.14730442837133,2.07599637970393
2020-09-23 15:05:29,0.869515864464279,1.03684992697427,0.768037530680184,0.449531864076996,9.40804160993509,19.0284634152373,2.19381180250872,2.14216403005168
2020-09-23 15:05:25,0.853534083517317,1.03112793672327,0.777896623292348,0.45197178682634,9.2730084184101,19.0128026020006,2.24487954020564,2.13168343984339
2020-09-23 15:05:22,0.86150231150944,1.04286621502687,0.775537662035273,0.451083602677227,9.38955282555063,19.0401969834965,2.13179588384203,2.04450294579234
2020-09-23 15:05:18,0.843611798659496,1.03551357742116,0.769528584280254,0.453851586193294,9.57834750629981,19.0437376549249,2.46968874275695,2.08872591646851
2020-09-23 15:05:14,0.851725500498435,1.02688188830656,0.776448664196948,0.462703771592154,9.27621398495878,18.8167644744604,2.21678433046,2.06970424427698
2020-09-23 15:05:11,0.866884143988546,1.03850467744657,0.770547787919974,0.448795867902257,9.28026332821671,18.7806751259101,2.367360056116,2.0329330997995
2020-09-23 15:05:07,0.869786145231087,1.03836478232581,0.776697641170082,0.456951800275835,9.32801136764691,18.8592575213112,2.33376873181142,2.06562540497947
2020-09-23 15:05:04,0.849934366346311,1.02383642011572,0.776054288454027,0.461207669410033,9.52431096523382,18.8851393305537,2.32167046695998,2.04966344734093
2020-09-23 15:05:00,0.861947198943282,1.03335690819423,0.763231194650643,0.453163971192224,9.50117492838001,18.9308910089342,2.33294361691837,2.11943878159654
2020-09-23 15:04:56,0.862233252879191,1.04189306380232,0.767923002304606,0.459865298220106,9.29649341792206,18.8985058032683,2.27645598771054,1.99303998625409
2020-09-23 15:04:53,0.857115408049021,1.03331869552258,0.772399128925788,0.469601540662468,9.64077920174508,19.1454965691975,2.26466201677368,2.07246317996029
2020-09-23 15:04:49,0.870682911925036,1.0242608170939,0.76968926479631,0.452529977652274,9.31310267581211,18.9193319931775,2.21835777464213,2.02540835308564
2020-09-23 15:04:46,0.868455326718875,1.03401722717783,0.769290624048007,0.461519626221841,9.60656168436045,18.7267967792991,2.0739736415546,2.18070598439025
2020-09-23 15:04:42,0.849658561071061,1.03208483789843,0.775928513364479,0.468740509400054,9.45974805006858,18.6733426672351,2.36342553556301,2.11525288678164
2020-09-23 15:04:38,0.856072206627318,1.02796098376001,0.773168595834886,0.439082087643038,9.70618669270628,19.1919372796535,2.19174501141239,2.04755392572661
2020-09-23 15:04:35,0.860097668269952,1.0324193045967,0.771160793943093,0.456768224810298,9.38372919872718,18.9985715051099,2.36509670837145,2.16176290138435
2020-09-23 15:04:31,0.866493641876276,1.03351940596124,0.771615956863786,0.462529091930211,9.44103056895727,18.6226509027904,2.48731218597849,2.06069460846105
2020-09-23 15:04:27,0.863306659129349,1.03855148277621,0.76936691324479,0.465173952643657,9.57075047684175,19.0028675877154,2.3836441561944,2.01602590989328
2020-09-23 15:04:24,0.868018052452532,1.04413528556277,0.781438446317843,0.444709395720294,9.54134617290752,18.7471851841173,2.34081108518945,2.13497491651465
2020-09-23 15:04:20,0.85903654408685,1.03595680801462,0.765463541335967,0.457163404384676,9.58892941660991,18.8584276249728,2.11802887651802,1.99662388554713
2020-09-23 15:04:17,0.869061047925914,1.02805866908333,0.766189639855974,0.431659631007462,9.8646315055984,19.5569393905395,2.31153881411978,2.11202486665999
2020-09-23 15:04:13,0.858396210725593,1.04010793406386,0.7701185415692,0.4555667519087,9.41715291062138,18.8794277474883,2.32805567865542,2.07697907469146
2020-09-23 15:04:10,0.856033358964418,1.02760344854874,0.781292210714075,0.44759942699056,9.4187624837413,19.321118516134,2.39036816589044,2.01007594991853
2020-09-23 15:04:06,0.844784396098727,1.0403937297458,0.779152529804103,0.454720205465716,9.77019810623598,19.2890161255279,2.27450757836105,2.09480362127136
2020-09-23 15:04:03,0.845368561583372,1.02944723262179,0.772528559230627,0.457781602915788,9.51867110053615,18.9919303011234,2.43447469042361,2.1009964353257
2020-09-23 15:03:59,0.862843112329583,1.03215544399548,0.778513312532288,0.456930325834935,9.53913435207077,18.7661988807466,2.34622580361399,2.02212108626623
2020-09-23 15:03:55,0.857726658495565,1.03386692387376,0.779866400833547,0.453211177602907,9.41625896855296,19.1638226200111,2.20052557944189,2.08961535955814
2020-09-23 15:03:51,0.861091003501585,1.04403787869853,0.772046033182935,0.458243869772114,9.49199416350517,18.5249400038936,2.4403848573643,2.02211253776341
2020-09-23 15:03:48,0.860558503533104,1.03982501510926,0.770339224677987,0.464727680790955,9.55987709080699,19.2304139989787,2.32503365257251,2.04344617411101
2020-09-23 15:03:44,0.856800758304354,1.02792031638505,0.777912036876892,0.450372629273674,9.80608976838278,19.225720651372,2.14053814581058,2.0768656900032
2020-09-23 15:03:41,0.873562376808562,1.02829488815606,0.777782355242343,0.480424370248751,9.55477961781434,18.4109256067731,2.16794482443951,2.16231947897564
2020-09-23 15:03:37,0.85429561006378,1.03279932556782,0.772930681789917,0.455338519523748,9.7011401286827,19.1154507268101,2.24114354193799,2.12018834608269
2020-09-23 15:03:33,0.854861279212456,1.02800644443034,0.773632854069009,0.450211990062141,9.52080538571117,19.1415436137973,2.4780326647974,2.0220852726146
2020-09-23 15:03:30,0.849453507803427,1.03383308095865,0.778921738329041,0.454314617141174,9.5465087983372,19.1418109122382,2.24980649512833,2.0933238393964
2020-09-23 15:03:26,0.874786851208396,1.04154736238362,0.779024623149567,0.441403317907812,9.5636135462968,18.5748181324937,2.25199431754235,2.15462823313679
2020-09-23 15:03:23,0.877454830819605,1.03187260009459,0.766999921032378,0.445868066748374,9.72337547061387,19.2019192712753,2.20815901775634,2.08232408196031
2020-09-23 15:03:19,0.863018576278006,1.03569770330181,0.780673631136464,0.456061848382349,9.5586696610304,18.7891946367026,2.2159278900314,2.01528245193218
2020-09-23 15:03:16,0.860295370723278,1.04376833327446,0.77658365329038,0.468750435370528,9.46444163963439,18.5569054206111,2.17713040048272,2.09406821436936
2020-09-23 15:03:12,0.855541569702834,1.02973167762865,0.770739451269717,0.45878693056348,9.70925463868564,19.1831545505084,2.30038961987748,2.01567876345771
2020-09-23 15:03:09,0.861341204856977,1.03722235608957,0.768321152197202,0.448523143314075,9.85455739143451,19.0046277680103,2.14419596170791,2.03854170264529
2020-09-23 15:03:05,0.8522977851842,1.04479831031706,0.768933087844029,0.46023558925611,9.8314843491507,18.8999545992521,2.34358724171375,2.02412546589787
2020-09-23 15:03:01,0.854864275269454,1.0479701593266,0.768879149608688,0.458614655267568,9.64370798090044,19.0613875021438,2.21784788908681,2.13233239469842
2020-09-23 15:02:57,0.874231856510531,1.03715009692622,0.761852339892799,0.447678105438628,9.6271098199504,18.9175012702311,2.25231652066981,2.09755231327206
2020-09-23 15:02:54,0.861696286625821,1.0401818932756,0.778795307205952,0.462171462986234,9.74976779090683,19.2530634946698,2.28450648549459,2.23364963611461
2020-09-23 15:02:50,0.856892442298575,1.03187720394122,0.779461711797271,0.45657613379503,9.60011672562952,19.3653880708282,2.25673978493433,2.07792188648297
2020-09-23 15:02:47,0.863084507291881,1.03494802551022,0.764796774859579,0.474263766895925,9.61150961262172,18.9351128081299,2.23296599850427,2.03557055688394
2020-09-23 15:02:43,0.856655769135473,1.04434188567951,0.783686289444347,0.464694733022616,9.17507816866401,18.9065189827015,2.19366415856951,2.23440423408184
2020-09-23 15:02:40,0.863749195055638,1.04161256806879,0.773358646358007,0.452989436679978,9.59264030480229,18.6150783984983,2.3295348474961,2.02875085210829
2020-09-23 15:02:36,0.875029076441783,1.04260663900608,0.785641517952046,0.432927442301038,9.49849230356769,18.9289179005438,2.08931923022157,2.18559099158572
2020-09-23 15:02:32,0.859633624617938,1.04436753286669,0.780537677746443,0.461401045165674,9.60244352663867,18.7102294514101,2.13168014212465,2.06053191787186
2020-09-23 15:02:29,0.856152004593721,1.03615926956814,0.779999896236721,0.470093201411301,9.7112160684456,18.9881423815997,2.05185862257723,2.08397767212101
2020-09-23 15:02:25,0.856332811047217,1.03563258196573,0.772032341729959,0.455531482711521,9.76299038035502,19.4446217659688,2.11186098559504,2.02934038217122
2020-09-23 15:02:22,0.868146604187855,1.04885345612514,0.775770747720252,0.458895732479315,9.21938243791463,18.9114121391626,2.02007787933983,1.99530156256576
2020-09-23 15:02:18,0.851140434173119,1.03934580535859,0.778106724381386,0.452915823108018,9.52274113443525,19.1113694784279,2.12661070030049,1.97217297170949
2020-09-23 15:02:15,0.856230730831204,1.04797355202106,0.793652391555819,0.458546236173581,9.56242024081559,18.6524720112294,2.04041770242719,2.10896174505482
2020-09-23 15:02:11,0.847313804358923,1.03628486952446,0.779751212586326,0.477742999686456,9.59792651126093,19.2154878769412,2.2693201198423,2.07078601315759
2020-09-23 15:02:07,0.861199820167399,1.03958154597206,0.779080277030066,0.459091725852335,9.6078311830136,18.7988672840433,2.24119463456634,2.08119082446611
2020-09-23 15:02:04,0.864362887673278,1.05201743958782,0.785672444153808,0.459787367727672,9.34430325818171,18.2544224850497,2.53495648868833,2.07557445427062
2020-09-23 15:02:00,0.839523055325191,1.03781553868022,0.765614515609357,0.46513742640435,9.34479023771092,19.0590240672294,2.3121751247264,2.11813609046436
2020-09-23 15:01:56,0.846932240736819,1.03777847833077,0.774521580126538,0.455444542519595,9.35054404253119,18.9822300467081,2.27092918725021,2.02727364149315
2020-09-23 15:01:53,0.871292449519746,1.04114763236667,0.774429706938287,0.45475744846142,9.81786716133462,18.9626098780198,2.30657587097256,1.96426812564121
2020-09-23 15:01:49,0.85898669473136,1.04679209556818,0.782032018557863,0.469163411726432,9.23415033271731,18.8076775258153,2.37107120331515,1.97806862541607
2020-09-23 15:01:45,0.84396618626818,1.04021549429517,0.783039879198626,0.449987573211563,9.00318318828941,18.8745619429319,2.20966746180372,2.01210565323438
2020-09-23 15:01:42,0.874035472483943,1.05890139767022,0.774126210070721,0.459428906117086,9.0726387861582,18.3481455164797,2.32067391688062,2.16611553321016
2020-09-23 15:01:38,0.882015973793313,1.04465348332318,0.782429535151079,0.43780653157113,9.27503654560312,19.1376100257139,2.2294651443398,2.01686059322476
2020-09-23 15:01:35,0.870520498004653,1.04017501468841,0.785274288722402,0.4535867816663,9.15683517917894,18.8208566450517,2.11260237360496,2.03210898029791
2020-09-23 15:01:31,0.863862083768929,1.04360599581557,0.788381264069255,0.457585418000806,9.5128821432723,18.8466880438446,2.29886744921635,1.99909819508611
2020-09-23 15:01:27,0.858157060381868,1.05865449704248,0.77394105457024,0.462070158473594,9.48240857719686,18.8216847719271,2.38505455529772,1.99722655997558
2020-09-23 15:01:24,0.859442312651846,1.03062605088333,0.777278445376832,0.450994918012799,9.48015187540929,19.0971314592156,2.07382909937312,1.97419199083303
2020-09-23 15:01:20,0.841632777755619,1.03198889994522,0.771022026390884,0.456537192702758,9.48882008979285,18.7485396312116,2.10475867149111,2.19506834329831
2020-09-23 15:01:17,0.879250647843838,1.04034638377903,0.779197889964471,0.448114305420561,9.40742100277336,18.6956591659391,2.32757188348265,2.06920105858325
2020-09-23 15:01:13,0.88030753212162,1.0359021086744,0.7725163305812,0.456555054881368,9.59939470724485,19.0479847523783,2.14351209318314,2.24321852107481
2020-09-23 15:01:09,0.869250167861795,1.04224536592474,0.781524707729564,0.465291480755041,9.45031980249352,18.8961214774047,2.47755576426332,2.12954190022168
2020-09-23 15:01:06,0.876143870537418,1.04729894671145,0.785044524932982,0.466136034855353,8.99934876679411,18.4184844342603,2.40448005309997,2.07726521881328
2020-09-23 15:01:02,0.878450281355944,1.04096142858916,0.779888501570715,0.45410862153671,9.48591108905997,18.9013053375812,2.2999223571808,2.20228590668686
2020-09-23 15:00:58,0.885728283487613,1.05043493348854,0.784463342479704,0.463130482225254,9.41943500292705,18.2217745480549,2.39205123824435,2.19020289650328
2020-09-23 15:00:55,0.872034782676298,1.06094877590904,0.76517935051167,0.475488654098622,9.13877958293523,18.7090736446868,2.3352755678387,2.03621337312663
2020-09-23 15:00:51,0.877517202570764,1.0393047056266,0.782133079986861,0.471042170480817,9.1770103496915,18.5528276238178,2.17086274395884,2.1250669672519
2020-09-23 15:00:47,0.86308503623387,1.04555579442225,0.790720560476484,0.445402820161472,9.40346610213052,18.7841983389583,2.09260314312043,2.00871016667494
2020-09-23 15:00:44,0.864850892529989,1.04016572975276,0.776618759672295,0.462011926425641,9.54797457642333,19.0039355786222,2.31562018290904,2.11759329606794
2020-09-23 15:00:40,0.878565497573329,1.02155962718528,0.777748055970371,0.445509894419754,9.32019140428435,18.6560826202601,2.58782572934933,2.05738520898075
2020-09-23 15:00:37,0.854055360732179,1.06463398788038,0.780454814302132,0.444341493176931,9.72078195207451,18.8470504084703,2.24539671464343,2.0951853345874
2020-09-23 15:00:33,0.861389326019282,1.04282497292098,0.7768614596777,0.472067918274873,9.23154408355573,18.468275376654,2.23425116372204,2.13121105841517
2020-09-23 15:00:29,0.870402657471171,1.05625397711392,0.78066421600921,0.467549157742663,8.88843560071979,18.1772556952376,2.36576146068828,2.04088069412654
2020-09-23 15:00:26,0.890568518422226,1.04161018080245,0.777838855877653,0.439678648338307,9.38477287929167,18.6083403237232,2.28047034577505,2.00881507239077
2020-09-23 15:00:22,0.859920343707335,1.05123424043328,0.763841056597143,0.477404634596071,9.30592993204687,18.9412771544603,2.4545559468016,2.06775764099508
2020-09-23 15:00:19,0.861272676092905,1.04862489883576,0.786124262336217,0.473803093760193,9.32052069442303,19.0737178288381,2.28794671389185,2.01047847240639
2020-09-23 15:00:15,0.86815688394106,1.04423803871924,0.777901429258367,0.471444836978827,9.24012176341567,18.4954560947745,2.4344372505545,2.04052884065159
2020-09-23 15:00:12,0.865555773339613,1.03646593463668,0.776939486564619,0.454202780006515,8.67370628813533,18.1904862178044,2.40938498619248,2.16328764242798
2020-09-23 15:00:08,0.853690305061978,1.04733793151255,0.782557585673417,0.495232141610777,8.94787522307421,17.9021463604719,2.4753083864555,2.16280288483666
2020-09-23 15:00:04,0.865657901869517,1.03748887581013,0.785916315166659,0.444079434255707,9.14105585078516,18.4034211243051,2.24519134253453,2.08818830455523
2020-09-23 15:00:01,0.86679414525828,1.03342894365315,0.781346342086085,0.441914145832978,9.42285978827635,18.8467213235608,2.45609849059089,2.03777696299836
2020-09-23 14:59:57,0.875006924103446,1.0520801266535,0.786792710820627,0.474701038251355,9.2447362908104,17.978772431504,2.20235869767838,2.10129186794254
2020-09-23 14:59:54,0.87558743690904,1.04831423934808,0.780320947062977,0.46565846593073,9.14679898780114,18.8290490001684,2.41016773851401,1.95765621533414
2020-09-23 14:59:50,0.858206856788022,1.05599829551688,0.767279059005263,0.463941587615496,9.51628908810512,19.1541191140065,2.29410843223291,2.0183370821681
2020-09-23 14:59:46,0.867043072240166,1.0442074578175,0.791057138821516,0.457588471756445,9.24600277990822,18.3542661541923,2.58319287967621,2.29326558512507
2020-09-23 14:59:43,0.867603051548659,1.03817961878278,0.780980055220467,0.463469509273282,9.03561504961734,18.4295665991367,2.50957288293443,2.22861219733192
2020-09-23 14:59:39,0.863270823427238,1.03987954478982,0.775085322772635,0.463585732214156,9.03778348498705,18.2789296083523,2.2112275864697,2.16283310759759
2020-09-23 14:59:35,0.868195602587575,1.03524426898496,0.779497010930588,0.459642929476841,9.4130841671631,18.6124581408196,2.42175970900403,2.04660376154683
2020-09-23 14:59:31,0.848748786849122,1.03883293016387,0.768998508977533,0.4538337825852,9.23855017937115,18.7547976059753,2.58863748280009,2.24511207622963
2020-09-23 14:59:28,0.85223734201678,1.03106239249155,0.777644133676576,0.448548651672639,9.00474574006159,18.2506741424835,2.45724098725871,2.11181521724442
2020-09-23 14:59:24,0.862203846367333,1.051072270906,0.781272135171065,0.479142912791977,9.02509905326305,18.7873609815902,2.35731947632108,2.07700386651788
2020-09-23 14:59:21,0.856929190891778,1.03794418718687,0.774383691760654,0.432913729787153,9.24355363063994,18.3932339881473,2.28628589094624,2.16822814476806
2020-09-23 14:59:17,0.848631985432063,1.03917453686281,0.787282691005839,0.467290801057872,8.96878375552029,18.2509954761905,2.53891792457885,2.08427432478526
2020-09-23 14:59:14,0.867538314651016,1.04637733961702,0.780194097526043,0.439979210668538,9.08227541691206,18.4627181125312,2.50386395879688,2.07204729492123
2020-09-23 14:59:10,0.865414944932825,1.03797327180021,0.768219500178337,0.449860660007894,9.4730114325782,18.3203208093541,2.28835893196121,2.10037384119097
2020-09-23 14:59:07,0.859523828924616,1.05524569789589,0.791156532079448,0.455200249187309,9.18833995026496,18.3036869584929,2.33207677750582,2.20611003337339
2020-09-23 14:59:03,0.867814013532909,1.03578535534842,0.78201178043816,0.43259255799562,9.42491791876193,18.4409258758016,2.20845071813498,2.12695591332961
2020-09-23 14:58:59,0.855988978456285,1.0390789413479,0.784234798330915,0.468822044117267,9.16984591290245,18.4479649675086,2.46918588122736,2.05353599491543
2020-09-23 14:58:56,0.830933795025053,1.03150719339292,0.792888522028764,0.46716047573522,8.90222092378817,18.8565332263618,2.13816359008191,2.17855428997851
2020-09-23 14:58:52,0.86641737082589,1.03728383159329,0.774914418702232,0.424667532327515,9.16340632340227,19.2287385230196,2.66336509951936,2.1545735255029
2020-09-23 14:58:49,0.866931741775357,1.01388412342874,0.790283430543635,0.440668495552678,9.47239513859047,18.7575583380332,2.15802996855597,2.07669851136255
2020-09-23 14:58:45,0.858853099837258,1.04620961635916,0.780675190599638,0.463409715759987,9.14164392589003,18.2237922869317,2.66308898773258,2.1780213672023
2020-09-23 14:58:42,0.85447551312056,1.05234812256744,0.773327128660462,0.44532660073178,9.28614482185109,18.8653177238364,2.38275697293573,2.03850294612415
2020-09-23 14:58:38,0.847415411856206,1.05335549714957,0.798582365995169,0.426915347711103,9.18542772355743,18.6580499570809,2.38633588927116,2.24268135786725
2020-09-23 14:58:34,0.870035243021903,1.04165549443503,0.767689263536235,0.432927899058863,9.10939674241976,18.6905584546347,2.3842214774596,2.1069910004392
2020-09-23 14:58:31,0.852088729205684,1.04245114568354,0.785296040070389,0.439161653411524,9.05336455503966,18.22868525457,2.3781141294973,2.01623629682981
2020-09-23 14:58:27,0.855678863535273,1.02347878438445,0.79804016376748,0.4667864087548,9.05632502831653,18.2870910868536,2.40163447561349,2.08092943326134
2020-09-23 14:58:24,0.857647676599468,1.04439304066329,0.775955857145308,0.450586422086774,9.19705772757345,18.4732772786997,2.32576121014887,2.09002665487096
2020-09-23 14:58:20,0.869101813942271,1.04170666732014,0.775702049059881,0.419292627375104,9.59582634032434,19.0831069608503,2.39688904817327,2.08729780758746
2020-09-23 14:58:16,0.859222656182708,1.06112233206233,0.78306171191434,0.434857969765164,9.04624625902111,18.7390018606733,2.37379920477257,2.23367615173952
2020-09-23 14:58:13,0.838142506421919,1.02121931610198,0.787617627712544,0.441531333285846,9.39726845978422,19.3371166754456,2.12271905331995,2.08507731181305
2020-09-23 14:58:09,0.869219193164331,1.04028406589828,0.7691964714461,0.451006256431376,9.15675933367321,18.9580262558432,2.61901101220368,2.04143746895547
2020-09-23 14:58:06,0.87460533197007,1.04284065085188,0.768060906228947,0.432408504728249,9.56206176939059,19.1654533374327,2.22160152572687,2.13066205062655
2020-09-23 14:58:02,0.870726100226776,1.03031516126362,0.770501797928385,0.444828046903589,9.03308107040578,18.7410199067974,2.36526260701404,1.99215250221483
2020-09-23 14:57:59,0.865473868802852,1.05565876023824,0.789491503709608,0.434305196561817,8.93142344122156,18.3537375330933,2.2972339707512,2.10146460788459
2020-09-23 14:57:55,0.859056331806381,1.04593771332195,0.783644073260073,0.440057072789623,9.30315208584982,18.4237153292044,2.36536713014137,1.99490744453113
2020-09-23 14:57:52,0.881368397558616,1.05677751983149,0.78131662784797,0.44047138153377,9.25412199496628,18.9348769751035,2.45434907166886,2.08635521963729
2020-09-23 14:57:48,0.859247693034196,1.05980005138561,0.793809348672705,0.443846356729872,9.46033929300683,19.1488434891146,2.02200961258236,2.08352455212729
2020-09-23 14:57:44,0.877027327833929,1.03100133105792,0.788075112332191,0.421216910357933,9.56490678216691,19.0979570663597,2.13755390656683,2.24707955755495
2020-09-23 14:57:41,0.862243951568215,1.05261098766625,0.792131088767042,0.454926673071877,9.53548972549194,18.3786441088179,2,2.1537146792012
2020-09-23 14:57:37,0.855090612578314,1.03715682447504,0.796636816169138,0.426196624300508,9.4572707867885,18.8537651438882,2.20725848989883,2.13820656056113
2020-09-23 14:57:33,0.872506799313545,1.03284256896254,0.794610304131958,0.427672845897557,9.70345170593458,18.4504951197474,2.10410545920122,2.07117579727585
2020-09-23 14:57:30,0.873554139178816,1.04130659188988,0.783349466895133,0.443669625847514,9.71999446005801,18.9468016770706,2.20495684868642,2.20353027641353
2020-09-23 14:57:27,0.873652704405331,1.03585979722727,0.783169859469948,0.416191677447272,9.42869133300115,18.6450084100167,2.38480747072598,2.21168275224462
2020-09-23 14:57:23,0.863788002606136,1.01329700206787,0.784133455414902,0.425559531744165,9.51205860430758,18.8132219637837,2.08850068027704,2.15107260314029
2020-09-23 14:57:20,0.881993682600791,1.04368426490005,0.786054732535618,0.430769837233419,9.3956931431626,18.926647727805,2.22904160865705,2.04831824930153
2020-09-23 14:57:16,0.852413431877475,1.04887668428075,0.791066841250448,0.437064988808322,9.46087326438877,18.5774229191739,2.33923740524573,2.05892048623709
2020-09-23 14:57:13,0.858276692633533,1.03726265391844,0.777028873561509,0.433177655471801,9.52121647668651,18.9592470785915,2.15396879970872,2.19273057962632
2020-09-23 14:57:09,0.847101124693099,1.04536544760739,0.788448116454914,0.419697944063042,9.27583891998212,19.0053423975828,2.46161065641904,2.34489468777865
2020-09-23 14:57:06,0.861879126465107,1.04325317909286,0.791850372600574,0.437590944539938,9.5454580662079,18.0845114527125,2.10824152041019,2.06160095495026
2020-09-23 14:57:02,0.837022145915503,1.02064086789834,0.781862485724304,0.453707321300074,9.37106800027257,18.5868103745714,2.13378582441618,2.11051876992849
2020-09-23 14:56:58,0.853125327865151,1.02920282309075,0.778786704702513,0.434761194677692,9.08439319364107,18.8395337394673,2.30520261444979,2.18633332431482
2020-09-23 14:56:55,0.849729798094261,1.02588604096956,0.778663780044773,0.436500261797837,9.56288932818759,18.8193554489882,2.18724976457687,2.03798160470004
2020-09-23 14:56:51,0.867587087952544,1.03615965552057,0.780188564074007,0.435352144733091,9.37916645898287,18.9921887829753,2.02594247859151,2.10213015162269
2020-09-23 14:56:48,0.861720726091976,1.04819047955544,0.799114569795227,0.414608550011911,9.5307919410887,18.4610691921575,2,2.07880000989914
2020-09-23 14:56:44,0.877642377493076,1.03668705731985,0.791978061150005,0.409624587718544,9.25708242245004,19.0884249641243,2.18010154660499,2.10134605729272
2020-09-23 14:56:40,0.864795416857302,1.0345193620724,0.801305474143087,0.394614456023644,9.37168215687461,18.2606104443612,2.25798789524038,2.26890070230514
2020-09-23 14:56:37,0.863215432531403,1.03305245881288,0.784546860172447,0.411202409165414,9.72459872409506,19.5066816937259,2.24771707455918,2.17982234985445
2020-09-23 14:56:33,0.868881619673446,1.03224608852516,0.787184499341492,0.413417538419875,9.60427904836077,18.8133524168266,2.44901738884617,2.13092535389171
2020-09-23 14:56:30,0.851547913580022,1.04957647137665,0.780233505664589,0.424798635575101,9.37395091626094,18.8428562570512,2.16320918773858,2.12516757182278
2020-09-23 14:56:26,0.854529630307216,1.04474806954231,0.789742626426001,0.425229621590188,9.45180704314913,18.8244998843823,2.068664792108,2.04314333593104
2020-09-23 14:56:23,0.862120905802613,1.03700188775117,0.775911264057369,0.39419819575277,9.65294229137461,18.871797856733,2.49976865325479,2.1103820255391
2020-09-23 14:56:19,0.863055048675442,1.02615381593364,0.777318218033951,0.413123689025011,9.13471727593121,18.8315467809337,2.73175968685207,2.13339479710527
2020-09-23 14:56:16,0.87660638240416,1.04891826182694,0.778601378098825,0.415928328208729,9.36486522517924,18.9289436804307,2.03100015506218,2.11534507077513
2020-09-23 14:56:12,0.856820850105318,1.0296796855912,0.788137403350349,0.424518805465123,9.53895167713562,18.9357141721594,2.50462427294086,2.07476675140435
2020-09-23 14:56:08,0.86765405758197,1.0292436519842,0.779296262904942,0.419595198717004,9.28507169439522,18.8910346163712,2.33902413242597,2.04937284049911
2020-09-23 14:56:05,0.87250896818076,1.01991657506676,0.766450460484945,0.417659456691189,9.5567270180226,19.4931608320897,2.30838381733879,2.08796255898041
2020-09-23 14:56:01,0.876180721790041,1.03967756757471,0.782500787799184,0.405054627939924,9.37821947521773,18.8372509799975,2.31743877184233,2.10082122292251
2020-09-23 14:55:58,0.882522998398786,1.0357077139061,0.782299187446518,0.409999854615494,9.27997129526669,18.9316825496603,2.26355345916811,2.19043121781966
2020-09-23 14:55:54,0.900854355725366,1.01275198909966,0.772271757043441,0.409238278030832,9.27902067866752,18.4509361589552,2.39245772920808,2.22108273781939
2020-09-23 14:55:50,0.874701656677671,1.02379689373579,0.774226387208725,0.42725757629855,9.62693275346856,17.8285271874068,2.3157901578964,2.14320343717385
2020-09-23 14:55:47,0.859084063778734,1.0420642693936,0.773476988543871,0.434275987120468,9.84837909001173,18.7182978688892,2.38446185019814,2.12441940135868
2020-09-23 14:55:43,0.864419681495991,1.03246722631175,0.785514504760093,0.417505858733457,9.19844073959364,18.5589483436912,2.57412883401171,2.07628219931679
2020-09-23 14:55:40,0.876397194376627,1.02717435251345,0.784548630246531,0.420923034390348,9.38668036065452,18.8363094305329,2.42536296502454,1.99476105027705
2020-09-23 14:55:36,0.860409459896952,1.04494775811558,0.776850564865727,0.408843158657288,9.62338241101519,19.0415206832344,2.34812615698745,1.97938376615038
2020-09-23 14:55:33,0.857821309158229,1.0498847663233,0.776569551405287,0.40895046846075,9.41939946300982,18.7336789891425,2.33891817652447,2.19744771864323
2020-09-23 14:55:29,0.880918305589506,1.03827288710614,0.767422289880048,0.450902491560242,9.15917464268951,19.0789050988695,2.43113866200649,2.07768517583383
2020-09-23 14:55:25,0.859041287754025,1.0343792228288,0.779223967934112,0.424400865661476,9.20599256216168,18.5571924541133,2.45327830980648,2.16305694095886
2020-09-23 14:55:22,0.868338888327335,1.03819092695963,0.780596109253744,0.403902733097881,9.37080474605394,18.489359980567,2.85945162799531,2.25792386545364
2020-09-23 14:55:18,0.866958057439728,1.03400452480226,0.777998876108518,0.425765934822611,9.43141469607854,18.8888164913502,2.47773236692257,2.00301850612242
2020-09-23 14:55:14,0.861444028537281,1.03248297313675,0.776511620444617,0.407586240420537,9.36446432476862,19.1994670890313,2.48026132324752,2.26564210011841
2020-09-23 14:55:11,0.879129956002388,1.0398860287737,0.767283690010087,0.415606818305824,9.29868369230102,18.9037579697302,2.29443534633847,2.09573276119881
2020-09-23 14:55:07,0.890659813827168,1.0364382821801,0.775359991738708,0.411898362165944,9.76069899041942,18.6963003141207,2.50187685325897,2.11786300433065
2020-09-23 14:55:04,0.880027914860121,1.04491445507231,0.77746628547495,0.403278890201539,9.42921460233222,18.5891204012786,2.30970867423506,2.25922740703542
2020-09-23 14:55:00,0.862372185272947,1.04295007014471,0.785723658079281,0.426133610184982,9.41370000978101,18.0505487690529,2.41140264752145,2.08513788770879
2020-09-23 14:54:56,0.907661940500379,1.04065652315901,0.769382587277449,0.398816313022228,9.61158571634524,18.9651084988135,2.66324046059364,2.1131644285877
2020-09-23 14:54:53,0.858093278855309,1.03974861228882,0.778776065239962,0.422742332475615,9.68632919385539,18.8428050890717,2.33389624791245,2.1045262099899
2020-09-23 14:54:49,0.883871882472451,1.04897159673094,0.780264320978954,0.378827949647987,9.36091938207016,19.1170814093852,2.48827722972508,2.27010501382072
2020-09-23 14:54:46,0.870420920736685,1.05722424009856,0.769903307993914,0.410124339159076,9.32830643124448,19.3425126145844,2.19652248451092,2.16200811384792
2020-09-23 14:54:42,0.894707588417358,1.07127128673971,0.775959454322795,0.421908076417229,9.5076558986471,18.111511465937,2.28441328843325,2.15838128943903
2020-09-23 14:54:39,0.884389160505891,1.0312536928722,0.775120606194114,0.419275391362757,9.31647810689578,18.5888412757501,2.57071163269977,2.01201032100839
2020-09-23 14:54:35,0.873060640932513,1.04665941598167,0.772326682470509,0.412255251961278,9.680017806547,19.1104376827143,2.40319699240933,1.94946221491059
2020-09-23 14:54:31,0.873446429777937,1.05461813941351,0.77026656618992,0.405083863287649,9.66909815998476,18.9262940486228,2.36736658502379,2.0828446550791
2020-09-23 14:54:27,0.89118816451581,1.05256149148123,0.765897741955429,0.420482256257082,9.57270780581207,18.9889785360324,2.34003493521683,2.10969041072268
2020-09-23 14:54:24,0.878456037656819,1.05979957648202,0.785315182777338,0.41163753102581,9.49862444307887,18.2950317188371,2.45938430712787,2.10920503122375
2020-09-23 14:54:20,0.881075676001543,1.0611741854182,0.782186490663951,0.39925394348619,9.08902163258567,18.317061663391,2.61326565667681,2.07646559699136
2020-09-23 14:54:16,0.88812298481642,1.04724820181142,0.773759193684604,0.406534353924422,9.38117780013935,18.8708523433757,2.46968322415769,1.99995263827981
2020-09-23 14:54:12,0.864795455183807,1.05089998585038,0.76932661087496,0.402556676376984,10.0743303712796,19.0553570394594,2.35066854300193,2.0385249300044
2020-09-23 14:54:08,0.90922401298722,1.04785955321768,0.771503890714304,0.393023612591596,9.71733513657719,18.8002115778133,2.33059411537396,2.05694692773899
2020-09-23 14:54:05,0.877994714979541,1.06254793074832,0.774743453790927,0.40816537268518,9.59774439110695,19.196967345939,2.22702534870834,20.3804504029692
2020-09-23 14:54:01,0.881677567134528,1.02914962962452,0.779445418019027,0.411464385943628,9.89711811508724,19.1505200113897,2.82785128943055,2.10390883326213
2020-09-23 14:53:58,0.885575898169324,1.05924632891254,0.777976738603315,0.398101594398849,9.78015153930728,18.9688325150764,2.4354289937133,2.00530983113954
2020-09-23 14:53:54,0.885858087518503,1.04859782218655,0.778489191358573,0.40240333796944,9.33292942221399,19.3091878294628,2.47515423403502,2.10033360258565
2020-09-23 14:53:51,0.854633112508107,1.04549868763143,0.771959585855978,0.402609453624424,9.5235371412364,18.9271132323619,2.6734298960159,2.04374699461746
2020-09-23 14:53:47,0.887981958392025,1.06287399060127,0.78046546437587,0.391872671343037,9.72426121854463,18.8798687338586,2.48042297561064,2.04787400415266
2020-09-23 14:53:44,0.854274201835128,1.01800567288838,0.776526155434449,0.431716248399863,10.069555886484,20,2.5471462747054,2.14114505204757
2020-09-23 14:53:40,0.873753844416711,1.0536007497946,0.757908939870751,0.416915498148643,10.3136589677755,19.707216254868,2.44057179711051,2.24611204275247
2020-09-23 14:53:37,0.857578880186885,1.05846890452131,0.762158239688936,0.385848117868521,9.5841893543022,19.7351345876757,2.67857978362916,2.12336443767435
2020-09-23 14:53:33,0.867922353001908,1.0548598163294,0.754410155830168,0.397471795880585,10.2444827340919,19.7824997017739,2.48484424736396,2.19270772134329
2020-09-23 14:53:29,0.900139320394943,1.03661470575513,0.764656370653995,0.374087694233399,10.3434033430222,19.5547304383218,2.29474518431856,2.20175719382557
2020-09-23 14:53:26,0.87180541721928,1.03576868884063,0.787835314087922,0.378126561789067,9.57093385741492,20,2.61001021639324,2.26130650957366
2020-09-23 14:53:22,0.878598465961401,1.03885080118443,0.780714813287411,0.404522124036205,9.59293240501612,18.7553841752385,2.47439635149778,2.02994205298198
2020-09-23 14:53:19,0.88107078518786,1.04584202269368,0.770625617774005,0.388234041796734,10.2468344312676,19.844885375692,2.40917645130947,2.33961074190835
2020-09-23 14:53:15,0.887584116392241,1.06068785420761,0.769485485229237,0.395816063432192,9.96709773176263,19.7756162647888,2.06515665278707,2.03400884795217
2020-09-23 14:53:12,0.885141215997856,1.04841004338398,0.774058870242403,0.386411339075624,10.1245179767707,19.8430192515198,2,2.087655221301
2020-09-23 14:53:08,0.893920244975059,1.04765944720034,0.751020605395321,0.42319940020069,9.47080464654199,19.8670282361803,2.21602564799745,2.19559297869721
2020-09-23 14:53:05,0.85940316491636,1.05034565989949,0.768573306115743,0.400874316215535,9.62616561440728,19.1687473420556,2.87404576699542,2.11087453191602
2020-09-23 14:53:01,0.851539776752398,1.04270405794026,0.755986833192267,0.407815687128815,10.020943189133,20,2.36397492025556,2.11442756881636
2020-09-23 14:52:57,0.875068535362881,1.0308383195799,0.75178680336852,0.392427653569214,9.22833549067439,20,2.06170273856862,2.15231154449686
2020-09-23 14:52:54,0.842679212249955,1.03326528231596,0.783737354277199,0.408422285141444,8.82332988735521,20,2.44988639283167,2.3221105902639
2020-09-23 14:52:50,0.86706731856865,1.02841755232997,0.78385045808772,0.414049095802737,9.65936939087124,19.6583453542377,2.4859996944753,2.12728280631923
2020-09-23 14:52:47,0.865334845528504,1.03566833811725,0.762307873476774,0.374623402680371,9.67083072289924,19.8851188175063,2.2037593528682,2.22893027128291
2020-09-23 14:52:43,0.850585163387842,1.03904511469158,0.75,0.446383851317809,10.0399837910836,19.8030343462764,2.47772102282184,2.11473992178007
2020-09-23 14:52:39,0.868230561222965,1.03148758329061,0.778507240702293,0.391172626300137,9.74244282249734,19.7234843976419,2.41855650801312,2.05503473844795
2020-09-23 14:52:36,0.8677144951343,1.06379243766226,0.750313701239862,0.419461879340896,9.63443718256677,19.4738481695476,2.38739678637006,2.06845510658722
2020-09-23 14:52:32,0.869813540095736,1.04558398621212,0.774770109151245,0.383596725398586,9.56094164773242,19.7546144470789,2.50865921236513,2.09898202645716
2020-09-23 14:52:29,0.872469034631845,1.02602891862692,0.781858671544173,0.378498631779468,8.77488191006625,19.3688763663052,2.66612626782662,2.18357778295683
2020-09-23 14:52:25,0.866235082825742,1.07990996976453,0.75,0.413095136317745,9.59447565950285,19.6172257318674,2.84603705713818,2.12182535577746
2020-09-23 14:52:21,0.853318250614019,1.04906377279796,0.782502462698644,0.382932399430534,9.75042167855046,19.7591340197619,2.43077312254725,2.18147015171992
2020-09-23 14:52:18,0.87206192845679,1.05557863235267,0.753508962567855,0.377736783972241,9.39545674345927,19.0479221791205,2.34035418920381,2.16756312580651
2020-09-23 14:52:14,0.871978964050509,1.03068369152747,0.75,0.402526200768106,9.705481928124,19.5978165261742,2.48202347628827,2.09095642031042
2020-09-23 14:52:11,0.878096020734927,1.06108554660516,0.755982642928028,0.414690302320186,9.61127798639509,19.0441672184585,2.39756327386756,2.19909148901384
2020-09-23 14:52:07,0.861941614707627,1.03062412791377,0.765657533110085,0.415707834589141,9.77224139481062,18.6254682738597,2.26972408542732,2.12669481226633
2020-09-23 14:52:03,0.872240420827897,1.06205407327282,0.769732778250038,0.381939676876765,9.76167349740396,19.6808900519405,2.44273259193159,2.04027962550429
2020-09-23 14:52:00,0.855011068764191,1.08427228309776,0.770716671404687,0.406135192921578,9.1161055537567,19.2977437180033,2.29461663510316,2.1100441572498
2020-09-23 14:51:56,0.879607554290901,1.06536015291497,0.789592994118212,0.383024308325158,9.42028268191045,18.5336432084354,2.40322313376223,2.2016128492947
2020-09-23 14:51:53,0.867928086921863,1.04285645184743,0.773212283422363,0.389426561390442,9.99201420287266,19.6232951203323,2.38157414518909,2.10881651621117
2020-09-23 14:51:49,0.859493045798225,1.04225407663095,0.769005841243537,0.38541528308081,9.81535234746388,19.1084828429983,2.18651212174805,2.11440296025761
2020-09-23 14:51:46,0.884445556391389,1.08390210235134,0.774629337353782,0.376396612686464,9.21470975355447,19.1010725831705,2,2.16952388369955
2020-09-23 14:51:42,0.860255968375202,1.03084872082402,0.762228476570326,0.414341588711146,9.20500559967684,19.1578556095033,2.7625000580199,2.06094866985225
2020-09-23 14:51:39,0.853470389829963,1.02144894261456,0.771080121069134,0.344437463006106,9.63770422534412,19.8514899076247,2.13521951653634,2.15592532174489
2020-09-23 14:51:35,0.843024251390332,1.05016187323196,0.788116823098129,0.396860312465833,9.0776428903107,18.9756272393833,2.21296057560983,2.09960008922175
2020-09-23 14:51:31,0.863631824891593,1.03723671082626,0.761451605036447,0.404532752048457,9.77542154487394,19.1399110449581,2.14089660855801,2.08929904696133
2020-09-23 14:51:28,0.878821550717229,1.05143594224173,0.779808976185317,0.419153881505443,9.41170061561953,18.9426749046561,2.30518183506221,2.01038621761651
2020-09-23 14:51:24,0.877267201406614,1.03400265695297,0.800571654168166,0.403433966282849,9.77215067312377,18.2820666641456,2.24572735861607,2.12571147437931
2020-09-23 14:51:21,0.866116824498815,1.04098387657666,0.775498147223474,0.380828942678832,8.89859228969136,19.5035250080135,2.20449615444715,2.14629089609341
2020-09-23 14:51:17,0.84705562615809,1.06037631740103,0.772058512774425,0.393066096868441,9.11642754030078,18.7158838607786,2.49967179247775,2.16882704214741
2020-09-23 14:51:13,0.860655515930952,1.02983923902009,0.757622702122798,0.391618036051147,8.19261157598747,19.3988717924101,2.11189396559512,2.46668363840601
2020-09-23 14:51:10,0.881119321345205,1.06655709925849,0.775809138143821,0.400850313059132,9.00561697799927,18.6409164576345,2.01891458819814,2.25191260132946
2020-09-23 14:51:06,0.873131973869341,1.05530213206229,0.773992534025066,0.355415840684383,9.52602460289198,19.8224682522593,2.07992987119092,2.04797293498446
2020-09-23 14:51:03,0.872856478226496,1.03346018737998,0.779565906389759,0.379116829444639,9.791670640811,18.6932709738322,2.23264172860678,2.09493468962257
2020-09-23 14:50:59,0.866216622673058,1.03887548398834,0.759108019949508,0.422845761438719,9.39584484748306,19.2102543951428,2.70162113543592,2.2155736678276
2020-09-23 14:50:55,0.862751530915674,1.04877203658263,0.777531638722193,0.376947214636747,9.47316412329296,19.2773169656195,2.24710745969735,1.98782772354597
2020-09-23 14:50:52,0.86850006075973,1.02223934235689,0.778724469075485,0.422425024010418,9.24563974661072,19.1988124766545,2.37285206224999,1.9971359561776
2020-09-23 14:50:48,0.851246884819763,1.03092362696048,0.776016982738408,0.403989625796672,8.88190684268624,19.4823135792163,2,2.17069363892998
2020-09-23 14:50:45,0.874786274047506,1.07844044421345,0.75,0.433706409412683,8.58372172634656,18.8297061904354,2.31297422703765,2.2383852511275
2020-09-23 14:50:41,0.849576705033871,1.03961174767824,0.767264668837415,0.414265682022841,9.248287063125,19.3773606332814,2,2.04595042487551
2020-09-23 14:50:37,0.828495031855959,1.06478687069613,0.776095043311312,0.397865600214877,9.89987956494109,20,2,2.10388718623491
2020-09-23 14:50:34,0.878908912071229,1.05298128923506,0.806200162520458,0.377194925363343,9.18610186399885,18.4080868622511,2.49180902586255,2.19301502712477
2020-09-23 14:50:30,0.884085239037817,1.04122012043884,0.78054941775273,0.399591924204519,9.32207717272426,19.8865934592958,2,2.06751051056796
2020-09-23 14:50:27,0.842183468630397,1.04956339315309,0.755619065605952,0.450314718471799,8.98831694258999,18.5315791317064,2.280648395508,2.12363430103287
2020-09-23 14:50:23,0.857859906644258,1.0432301120318,0.762203331276658,0.376070582651247,8.23412992388245,18.0213183577558,2.36609800095703,2.44025665828397
2020-09-23 14:50:20,0.927647368161449,1.04225276055281,0.771889387282962,0.381541556033439,9.34736229079344,18.8834445580039,2.10540937293018,2.13069084171278
2020-09-23 14:50:16,0.868075188817499,1.05560491545224,0.774408266479402,0.422446742864524,8.86615288713065,17.5866149441409,2.2183797434612,2.13110088079822
2020-09-23 14:50:13,0.846017595325211,1.04428770562344,0.771311437024847,0.414190548997049,9.86653266872574,18.8414014228538,2.37663105938324,2.04329304151099
2020-09-23 14:50:09,0.887514327903308,1.07177117789788,0.790462182009888,0.408026358612837,9.04421255995767,18.6550656327264,2,2.15213812474552
2020-09-23 14:50:06,0.868844230099859,1.04374149975044,0.750048434697581,0.391734156446243,9.72653834187406,19.3360885001452,2,2.23985344230581
2020-09-23 14:50:02,0.855191307127055,1.03617138327952,0.785709089992264,0.39335572696787,9.02882548214983,18.0728432020771,2,2.1179660258234
2020-09-23 14:49:58,0.886436432412524,1.05813007886343,0.7608259544177,0.346699749021136,9.62897520113575,19.2358844377557,2,2.1693460794664
2020-09-23 14:49:55,0.884179280062605,1.06864644884171,0.769929480706189,0.394546698526928,8.68045939923094,19.3537520254668,2.37756954726719,2.19129999186407
2020-09-23 14:49:51,0.868432469332893,1.03443341393756,0.75,0.443776905078486,9.58314954395186,19.2965744799943,2.05235385778145,2.13578685044388
2020-09-23 14:49:48,0.87062294889773,1.07915638312327,0.77216695389805,0.401769524787309,9.12898917897995,18.5059409073143,2,2.13174901877701
2020-09-23 14:49:44,0.881473426306663,1.02994324547259,0.762606373620624,0.360944823849171,9.23684446359321,19.0972696306552,2.10690455197572,2.20770396840814
2020-09-23 14:49:41,0.863582582381605,1.03168737048049,0.760406742387264,0.396943423495599,9.4165352047769,18.6768493951012,2.24700389462964,2.23241724936998
2020-09-23 14:49:37,0.902721463841169,1.04916241899516,0.75,0.39989842915052,8.67233098666259,19.5931174723632,2.20912558967418,2.32217531969455
2020-09-23 14:49:33,0.87613897977961,1.00804913501453,0.77938915510558,0.406162243925601,9.59771150163282,18.5637307583107,2.32616844496225,2.13354398088407
2020-09-23 14:49:30,0.889425795163416,0.978297552746645,0.792354584146972,0.344140813022458,9.82641136502683,17.8860558537228,2.18978354577524,2.14916500595647
2020-09-23 14:49:26,0.941323253151606,1.04178151613469,0.789698276959721,0.370017466913782,8.51931196031975,19.834584892571,2.48359566868778,2.45350106433024
2020-09-23 14:49:23,0.886886529144201,1.04668389705178,0.762783466790206,0.351139523993292,9.21754833036913,19.6300433535201,2.39687899208967,2.06938824652046
2020-09-23 14:49:19,0.889761149901597,1.03962602652501,0.783347893328689,0.381099128092905,9.43836150819185,18.5492205142815,2.30414620482388,2.01140024392052
2020-09-23 14:49:16,0.900356191493694,1.03413571820357,0.803888958047993,0.356198990916764,8.63096439027295,18.8824191117611,2.56047291837819,2.36530871423589
2020-09-23 14:49:13,0.885699838861944,0.990121172114313,0.766456404688904,0.442005279047535,9.3985333607847,18.9886229132942,2.40248631563765,2.08274823660811
2020-09-23 14:49:09,0.873880215213869,1.01384068503695,0.7752450352448,0.430643119673729,8.53417155347114,18.3082503202882,2,2.26186244305743
2020-09-23 14:49:06,0.892969581867451,1.0465867308464,0.775447513307044,0.403337409360208,10.0053328530104,19.2321333897794,2.17188286164954,2.20795191561547
2020-09-23 14:49:02,0.933319807688815,1.01414832417054,0.765964293761897,0.403448146196987,8.57947384736631,20,2,2.32639556345084
2020-09-23 14:48:58,0.907084760398786,1.04378788492093,0.765344875012456,0.401158040693561,9.14913180294174,19.0080442271893,2.2417474394235,2.22543980739229
2020-09-23 14:48:55,0.866606636320876,1.05801173927266,0.75,0.404387963598381,10.3099737205732,19.3824559089578,2.07061691504274,2.13459817489984
2020-09-23 14:48:51,0.947058503426637,1.00113365236197,0.75,0.388949332030271,8.51088899005272,19.4855852481789,2.02355143054401,2.20256019088747
2020-09-23 14:48:47,0.86543999149063,1.04625078054092,0.771781958695842,0.372981556436638,11.3089455367775,18.3209571929219,3.01563069392973,2.42399100967146
2020-09-23 14:48:44,0.892070396711106,1.0909487893117,0.75,0.444041921210097,8.17336581633418,17.3650867088777,2.37575782101572,2.2679091731646
2020-09-23 14:48:40,0.858451995670397,1.04020241488073,0.751152199465053,0.359477505603609,11.2390162009862,17.7580405872914,2.80078042206112,2.40420381224747
2020-09-23 14:48:36,0.91149357670528,1.03725822140799,0.769723641081918,0.430781804580349,8.57539710282495,18.2339513217665,2.26047190631907,2.38038824725691
2020-09-23 14:48:33,0.862319124503766,1.03827971953092,0.767062847210309,0.397839315123685,10.6427492778403,18.2492529073747,2.85680790636566,2.26482422765989
2020-09-23 14:48:29,0.887947836890215,1.0294646643926,0.790241295452754,0.408606224702457,8.89457036217095,19.1180741802986,2.10072661249504,2.10999094831506
2020-09-23 14:48:26,0.916762555188059,1.01041621595024,0.790844916335048,0.380378245200377,9.72200558962472,18.0562985451625,2.43418429421787,2.22742585060231
2020-09-23 14:48:22,0.871108333088685,0.997336226198844,0.792368102044394,0.37068669233512,10.0153627499075,17.8889286682001,2.67884740630573,2.20927014487585
2020-09-23 14:48:18,0.896184957924371,1.04921226037815,0.75,0.421269751411176,9.68902229921763,18.5401822819371,2.17654111486241,2.11198888657203
2020-09-23 14:48:15,0.85907067849266,1.04020658294548,0.75086491382274,0.388650789552054,9.74044935097177,18.7426847753742,2.45116634083961,2.16053018446768
2020-09-23 14:48:11,0.887569289153289,1.01320771893436,0.791006870250271,0.361933613576454,9.6464104799128,17.6652440342194,2.75373762991245,2.28510947524658
2020-09-23 14:48:08,0.889287679047913,1.01122487964663,0.75,0.394204125472226,7.48160603262558,17.7355195545205,2.33330052274104,2.66836332817485
2020-09-23 14:48:04,0.912665312863775,1.0159602475424,0.75,0.359681078665867,9.45760779717597,17.2018683963527,2,2.23806011259181
2020-09-23 14:48:01,0.900962043582508,1.06696381837241,0.756865445756014,0.423297540424073,8.56026045999861,17.3553549538671,2.40658789755467,2.25621445807622
2020-09-23 14:47:57,0.869377221166398,1.06477820487296,0.77565346173078,0.367107425320438,11.1755584692853,19.8873354993622,2.56959477740291,2.44622696698263
2020-09-23 14:47:54,0.881150892656209,1.05758338498417,0.798314782023937,0.401629435423909,10.8780670641415,18.6223232916448,2.08844445705611,2.28758286049341
2020-09-23 14:47:50,0.900465455596671,1.00976031171975,0.773958538431721,0.358981377168425,9.11812054927214,18.9176757555207,2.31292780294722,2.21322896846838
2020-09-23 14:47:46,0.826705878721666,1.05571410059328,0.793305402125044,0.363893655428936,9.9776846251757,17.5804450864356,3.09212388009584,2.10358394971332
2020-09-23 14:47:43,0.873730380012151,1.07009798182637,0.75,0.290379296504816,9.53143471570147,19.5573127972544,2,2.23157826893782
2020-09-23 14:47:39,0.905034454313153,1.09700629361544,0.75397208970707,0.402937149447046,8.01622481791632,19.252960890125,2.08187268000445,2.48675443018447
2020-09-23 14:47:36,0.921723963384373,1.12557614531399,0.75,0.409911000410304,9.35181293280888,18.7864087254915,2.04916950870624,2.2055574686507
2020-09-23 14:47:32,0.910229679372498,1.02581565555645,0.766005962686207,0.393165348884579,9.33927824699278,17.5130070623161,2.23882144247649,2.05450117327653
2020-09-23 14:47:29,0.872217773589449,1.10051533148085,0.781250680815309,0.38287501422978,10.5564614782093,18.8946297933521,2,2.25292579631347
2020-09-23 14:47:25,0.879138892360774,1.1095106465618,0.752620173037216,0.371681026176889,10.1870450770591,18.8699974653995,2,2.15868622141093
2020-09-23 14:47:21,0.893458083047491,1.03943640834228,0.75,0.422763006197495,9.50147794827571,19.0396295726343,2.17657316292659,2.05893543471592
2020-09-23 14:47:18,0.885982341113427,1.08373114439069,0.821911643669117,0.340358508421858,10.0652508900713,17.278012888301,2,2.19412186052078
2020-09-23 14:47:14,0.933309612340717,0.981699527608738,0.780040878600665,0.353302948148952,11.6028948719399,19.4922062536988,2,2.50519840056032
2020-09-23 14:47:11,0.88195535604048,1.03904606638297,0.75,0.286189170388171,9.42399402050906,19.5968895270837,3.20123372729443,2.25203554669843
2020-09-23 14:47:07,0.864793308033394,1.06744349045787,0.75,0.344276526527251,10.3820027992469,18.9566874283706,2.80675580270156,2.21576037508606
2020-09-23 14:47:03,0.886017799969891,1.08169068653598,0.765025332478769,0.400087079489703,7.19482084540352,18.6860647152146,2,2.81822778950404
2020-09-23 14:47:00,0.903746468752665,1.01045179431666,0.753573559471712,0.306312826847437,9.28472364492038,18.3934071028264,2,2.20838757642691
2020-09-23 14:46:56,0.941489383681796,1.03248208255813,0.75,0.387037700464252,9.09919724959129,19.6150143189472,2.10229353598714,2.12636658812546
2020-09-23 14:46:53,0.891893122659691,1.06230054442134,0.75,0.371813970696908,9.2254167479252,18.8568789564244,2,2.07635321928727
2020-09-23 14:46:49,0.898258782853203,1.00912628608081,0.752914450175465,0.358343881386041,10.8028426042619,20,2,2.2348298958184
2020-09-23 14:46:46,0.91166628960567,1.11978847570364,0.763158603761266,0.283041103924632,9.95087610463911,18.0256889226737,2.15551599220931,2.19324964445344
2020-09-23 14:46:42,0.874280505342873,1.02602597115739,0.75,0.390514895221744,10.4991932687103,19.1779302746721,2.00325291572482,2.18760333319375
2020-09-23 14:46:39,0.898687197406832,1.04698070516051,0.799740480311243,0.470012730697683,10.2572527544937,16.4616680715229,2.31693019138434,2.257448721786
2020-09-23 14:46:35,0.823550864444552,1.08285162828547,0.801112158052238,0.336580889111644,7.44593218294468,18.4354946168413,2,2.93168120254678
2020-09-23 14:46:31,0.912036564920722,1.05667399498102,0.77522091750837,0.433831693206042,8.78837157514344,18.3886948980758,3.20864044001913,2.26571914529655
2020-09-23 14:46:28,0.85518902539764,1.07437231299516,0.779887105855338,0.368168677253612,10.5071195467923,18.8196990074879,2.53885803842917,2.20847084008142
2020-09-23 14:46:24,0.855619786664258,1.01315523256346,0.803841400393358,0.320279041175916,10.387713104169,18.3422557369775,3.09985654540698,2.26581532652228
2020-09-23 14:46:21,0.869256835909173,1.06092241896536,0.794091668533013,0.288543680234043,10.7576511216951,17.9036680363778,2,2.26094687643648
2020-09-23 14:46:17,0.921639678473836,1.03008501494266,0.75,0.410935008505566,10.2598384872149,20,2,2.14560261355607
2020-09-23 14:46:14,0.905303923400289,1.00615165384035,0.794844036351936,0.301802835944045,10.4134966686369,18.1557364108058,2,2.14354174439784
2020-09-23 14:46:10,0.8792392612575,1.01608895811142,0.769144042483845,0.420255172203303,9.87145470374178,19.9036106159102,2.68510950439132,2.21585914531995
2020-09-23 14:46:07,0.922878199283868,1.02769254034903,0.79079526714792,0.412679457762441,10.4729956922398,18.019360242357,2,2.1491912263705
2020-09-23 14:46:03,0.887321323607142,0.959885664504744,0.795884458978605,0.320378376491165,8.03482798549832,19.3457665634856,2.50807425998427,2.53756354916886
2020-09-23 14:45:59,0.89942295508491,1.13368437527336,0.75,0.249244621859799,10.3037254102152,18.5619812828248,3.34898965052137,2.39156758659684
2020-09-23 14:45:55,0.860426564151645,1.05939251366176,0.75,0.393985712969071,10.595574850711,15.2868905024883,2.42930868877738,2.47084093146372
2020-09-23 14:45:51,0.853215844090493,1.02820901328559,0.812845186791609,0.353879592013525,8.04334035345479,17.6136660773169,2.03474109962254,2.27878476236272
2020-09-23 14:45:47,0.879713765310518,1.05414217468108,0.751390483159414,0.362593703417117,9.7171784612784,19.6543179663276,2,2.14186077798343
2020-09-23 14:45:43,0.837225310514082,1.07059295243502,0.757536196379962,0.395611510838029,10.3028328543297,17.7166926060321,2.49000492441832,2.18639637336651
2020-09-23 14:45:39,0.912959190830175,1.02242243428242,0.816881962483733,0.393941416276081,9.6406983525514,20,3.82486958389509,2.28802107340072
2020-09-23 14:45:36,0.930850271219254,1.13248269625678,0.851576943087573,0.360490290766976,8.70025107068686,18.3344545126806,3.71745101310112,2.63349812966805
2020-09-23 14:45:32,0.908803018565861,1.02974030643933,0.801921433367115,0.342196983362342,10.5532951844213,18.8057643777236,2.64666652308103,2.29804921347873
2020-09-23 14:45:29,0.928176580623261,1.04557167622322,0.791595185470457,0.345697517417012,10.1838997928721,18.4771785049703,2.84651866963108,2.31827619429564
2020-09-23 14:45:25,0.874685599121082,1.03238058709816,0.76117471459213,0.403360526582232,9.72360601094148,17.4873356417433,2,2.20827274048276
2020-09-23 14:45:22,0.945917429271241,1.10026909840115,0.794598665896658,0.363397261231582,9.41582342686642,19.1002779402987,3.20453397978664,2.43076691020396
2020-09-23 14:45:18,0.937892997521907,0.984113489624687,0.852470179157649,0.268756237787042,8.97353433143718,19.0019980611347,3.82444769387274,2.45673095014179
2020-09-23 14:45:14,0.854811369461141,1.01968659086827,0.839817913331913,0.384189370568681,10.9211511714656,18.9611777883311,2,2.27553950403127
2020-09-23 14:45:11,0.816829649659362,1.02774400437302,0.795433908313436,0.293934617662363,9.10357876614484,17.4172965771469,2,2.25273719955484
2020-09-23 14:45:07,0.930066958668653,1.07050092367338,0.824512608153639,0.274849771998714,10.64877258392,18.3581291970809,2,2.28768996683453
2020-09-23 14:45:04,0.892432805884292,1.05398126710655,0.81424892037674,0.381697724504834,9.26749152450322,18.9051711266917,2.40702169120645,2.15832985426574
2020-09-23 14:45:00,0.923281092785053,1.07069701300379,0.77677794745078,0.2370903885417,7.96786912683484,18.9176944942469,2,2.52573330808323
2020-09-23 14:44:57,0.947313745363046,1.00173528040085,0.830491755070896,0.302592442801775,9.3209865050597,18.7729865790028,3.32606894003967,2.21566536171654
2020-09-23 14:44:53,0.946383562359171,1.04311736388626,0.800382324817005,0.327749512380574,9.50340723652164,19.3708051320163,3.36359503197918,2.29021103043989
2020-09-23 14:44:49,0.889071035239228,1.03008424904584,0.75,0.335025512453947,8.61126526287481,18.0338879627292,2.51494941091513,2.25340634757158
2020-09-23 14:44:46,0.929206649815969,1.09456682204972,0.797412948760217,0.280318962682149,7.74314847691187,16.3878282036261,2.86002869252259,2.47522356752357
2020-09-23 14:44:42,0.914805024751137,0.994613752911298,0.864337191179088,0.381286433080637,8.98892160533995,20,2.44571872496759,2.42551877849145
2020-09-23 14:44:39,0.911903405928495,1.02129583155122,0.75,0.382314509118029,8.88341756190682,17.4867632268335,2.65945545401295,2.25323570604874
2020-09-23 14:44:35,0.978130068372959,0.907653338455262,0.800753600726254,0.266451608032028,11.0692163111279,17.9636485208082,2.00432588352152,2.45248191023787
2020-09-23 14:44:32,0.946152888120382,0.947813872597642,0.855272954863928,0.360946428800859,8.8534279137338,18.7304959687655,3.44556312204356,2.38361017180543
2020-09-23 14:44:28,0.981250089698658,0.977012772514897,0.894366079179785,0.28381498662315,11.6245009787935,17.0716200100012,2,2.4748754178219
2020-09-23 14:44:25,0.963668301224403,0.938619530179003,0.834700472088607,0.264865317542991,7.52511743575696,17.0627213381898,2.21629129734735,2.53153439664883
2020-09-23 14:44:21,0.907040408489577,0.989712074330107,0.821003725573903,0.226736689243861,9.40353080546472,17.8030704757757,2.28780440366258,2.31752201461871
2020-09-23 14:44:17,0.822735558459024,1.01404276070532,0.872809550331908,0.333672762126698,12.9772613644261,18.7939326573438,4.13833075892275,3.14439382473855
2020-09-23 14:44:14,0.925441429303018,1.00905088799015,0.813878313363396,0.261985004405362,9.12108444683449,19.949474327563,2,2.269832327876
2020-09-23 14:44:11,1.00489791682048,0.966915620456903,0.868511687821287,0.231937293867812,9.61519385434634,20,2,2.44365527337326
2020-09-23 14:44:07,0.925623672620459,1.09414494274205,0.804824468212468,0.345260958558774,9.84256009843877,17.0313991404173,2.71507871486528,2.17688949984873
2020-09-23 14:44:04,0.914112188656862,0.98967497441634,0.786567674346425,0.341386062965711,8.80539217471996,17.7082042926908,2.5434589275102,2.30327401488907
2020-09-23 14:44:00,0.913913648356673,1.00893742416215,0.777446119811198,0.274700998418147,8.29199211910374,19.4365865609168,2.32999599793772,2.39966933175599
2020-09-23 14:43:56,0.854412652279345,0.984849508395288,0.861699708351088,0.290681956245116,12.4062792764195,19.0762637467546,2.62629860504704,2.8035512141357
2020-09-23 14:43:53,0.879854892050464,1.01869081107537,0.815629779864134,0.259062490759496,10.3493590682021,18.9628652533699,2,2.18892292959436
2020-09-23 14:43:49,0.791463249496528,0.962315221465624,0.831841241075504,0.286343290856636,11.1987581145336,19.9013238992101,2.53168643400642,2.35445469937777
2020-09-23 14:43:46,0.906237547621041,0.928698507440679,0.802077858262417,0.315047408196338,9.41346953922446,17.7661269155634,3.21544644606127,2.34231852723484
2020-09-23 14:43:42,0.965071136956474,0.935949266671114,0.832390619388,0.326433531193625,10.3348272798337,19.0932692672793,2.00355761224113,2.12749626933346
2020-09-23 14:43:38,0.863765005600218,1.08847909521545,0.88937526937747,0.250206189482434,9.29101310398943,19.511422030843,2.07958921104078,2.68076290035697
2020-09-23 14:43:35,0.927410156650042,1.03782746668091,0.857197076267187,0.267988040065683,11.9371711401172,17.8229118316207,2.50210876497105,2.67506255377816
2020-09-23 14:43:31,0.845979329096283,0.856714361645399,0.838408745944655,0.2,8.69384233323195,19.5828095341194,2.17995792081988,2.39045236831203
2020-09-23 14:43:28,0.781452503043435,0.974706250694722,0.856219623392162,0.316497353863213,8.04066005305591,17.8090233796707,2,2.62529707834082
2020-09-23 14:43:24,0.867150192733543,0.973310006418554,0.832492189356897,0.2,10.8397524348805,18.1139319592842,2.27156077020283,2.32102141398311
2020-09-23 14:43:20,0.89799888268937,0.959376719065138,0.811720237166789,0.314946101826453,7.08930257098354,20,2.42473798272677,2.81525483551723
2020-09-23 14:43:17,0.902622169011316,0.970192427204235,0.829690395135774,0.306339846938922,10.3576693730051,18.4823303794468,2.7456658310812,2.22510684893544
2020-09-23 14:43:13,0.884421592109545,1.00811647218505,0.881634983733845,0.341114343180252,6.7213327898097,18.2581654197659,3.80163024713417,3.18334462398608
2020-09-23 14:43:10,0.911564395858739,1.01457798261198,0.859264542502957,0.38005848356177,8.85604027452068,17.9566259854022,3.41411305797852,2.40856391431538
2020-09-23 14:43:06,0.987553732177981,1.00306844166887,0.772580558456807,0.30714589962481,8.42262905448318,19.3377712260368,2,2.34966878189925
2020-09-23 14:43:03,0.851422878487211,0.954232428098982,0.824797224580949,0.35987366104773,10.5480929774909,20,2.58161997625522,2.22942819824312
2020-09-23 14:42:59,0.829403373050543,0.978360466236088,0.840595682645014,0.286984843305534,9.72541287714271,17.5906733340147,3.09603737927193,2.08897149117208
2020-09-23 14:42:56,1.01683777142871,0.951039502048477,0.873674168091198,0.316545196300141,11.3437557987847,19.2834175131262,2,2.48841562382725
2020-09-23 14:42:52,0.948395421191135,0.946811138366022,0.800949832728147,0.237728717297875,12.4006801654905,20,2.28433759839029,2.8200503519926
2020-09-23 14:42:49,0.915214497808463,1.06966727677623,0.813302144156989,0.391485584723735,9.31881060087537,19.5692439126637,2,2.37223884683299
2020-09-23 14:42:45,0.935300056789714,0.921778434296659,0.893970746102467,0.287354832415327,8.94172470574319,17.8452102360163,3.22737302176159,2.20536181451128
2020-09-23 14:42:41,0.954786033962909,0.959053356506186,0.85446396130934,0.364100209489797,8.29046758594012,19.6114684665069,2.87242109217335,2.54096467661536
2020-09-23 14:42:38,0.951459808720609,0.921154619635164,0.836763906169525,0.333222119248893,11.3494814392715,16.5814127897566,2.86832194105124,2.60349409747369
2020-09-23 14:42:34,0.870473757511924,1.01670189169362,0.786314437719053,0.301209008768247,9.99906917033067,15.2411188864945,2,2.37881061736288
2020-09-23 14:42:31,0.970488700527941,1.00928414259447,0.787465180336598,0.351807985266972,10.1057364539973,18.1556446134759,2,2.22050008344314
2020-09-23 14:42:27,0.919318677234323,0.998099620847982,0.763537382063378,0.409386758275775,9.8276803988967,14.1898798127986,2.1690968676052,2.6419038634018
2020-09-23 14:42:23,0.997020566660244,1.02187175578995,0.857047354774312,0.331636684379514,6.87245252861609,20,3.06733278346095,3.2329056952117
2020-09-23 14:42:20,0.861683544239867,0.918718535832499,0.918667772453117,0.404184224714877,11.099665053229,20,3.02441617298442,2.52639879665118
2020-09-23 14:42:16,0.934609700951548,0.925578069304566,0.852788692801838,0.402684907470923,9.61723748318304,18.3594839676725,2.68218837463883,2.22184953716584
2020-09-23 14:42:13,0.956445010525444,0.982893989707786,0.939927961382991,0.327833249910655,9.35287579847408,20,2,2.57430295907488
2020-09-23 14:42:09,0.807071426556403,0.889020266246187,0.75,0.320773772708067,8.67497529577316,16.5135659819225,4.81483207198983,2.72163221148273
2020-09-23 14:42:06,0.842500397322226,1.08983844411579,0.794330005260165,0.213849964451752,10.6260402208332,16.5398749905856,2.45637748460579,2.23553023662861
2020-09-23 14:42:02,0.859982544226078,1.05349200763522,0.928836770528707,0.373607903699006,7.60379602639589,20,2.90123894850115,3.2150648395608
2020-09-23 14:41:58,0.896285800725324,0.975287579018775,0.821454803846664,0.363066813559814,9.77797233921433,19.1728471831772,3.02863474489528,2.15474231675983
2020-09-23 14:41:55,1.08349043737229,0.894757985431408,0.898097456345272,0.306328919058262,6.47090671396442,17.1010542583568,2,3.1004801161636
2020-09-23 14:41:51,1.00308086132262,0.929061688930554,0.878493848137453,0.203593380140091,6.21720248722047,20,2.86330597126792,3.5305961939349
2020-09-23 14:41:48,0.831562899003824,1.06041445016148,0.796029791780301,0.21518576374288,9.32031993445433,18.2902308199735,2.95847074783644,2.32188566257993
2020-09-23 14:41:44,1.06426421494359,0.996902352066856,0.99855582122518,0.294651449530571,9.92846776543281,20,2.23835041738623,2.66187978753027
2020-09-23 14:41:41,0.878827147128193,0.974767087022804,0.838172040870167,0.410771057027311,9.21513172806919,20,2,2.29034609704457
2020-09-23 14:41:37,0.978419195238848,0.948999645885019,0.866518863360303,0.316299551547551,5.76576524450712,20,2.10182881424967,3.65424688655365
2020-09-23 14:41:34,1.06548564553034,1.0222836115058,0.847396863170451,0.414611273102451,10.0676436410876,14.9680542354027,2.98892408110314,2.36447421314964
2020-09-23 14:41:30,0.896164566484379,0.907013826632412,0.926941013530499,0.2,8.79375183230807,20,2,2.6242624868611
2020-09-23 14:41:27,0.959068436246979,0.822681137394048,0.879560554820849,0.2,10.1820834698153,17.2907483980565,3.54612352251386,2.44268048639141
2020-09-23 14:41:23,1.13134950119188,1.09231090561315,0.833898756758023,0.247800121297936,11.3311185622813,17.425150897096,2,2.3819056101395
2020-09-23 14:41:20,0.951798132253652,1.01434318560572,0.75,0.415768635793613,9.56337581333264,13.168712826488,2,2.82938146379079
2020-09-23 14:41:16,1.00390677261066,0.975923926538616,0.922754989780902,0.203904010890917,9.61606880767406,17.9503247787256,2.60320098242051,2.20999239800658
2020-09-23 14:41:13,0.91504547598675,1.13300072830752,0.870613936685212,0.40760481313996,9.66201336405771,17.9835784699726,2,2.38800864092105
2020-09-23 14:41:09,0.910132252923512,1.01411805167682,0.825835820409798,0.2,13.0475782316433,14.9284919461411,2,3.19328248135017
2020-09-23 14:41:06,0.849833872294692,0.881349049480239,0.855003280081291,0.359596827155717,8.30331515855471,18.1051635015307,2,2.33603629261405
2020-09-23 14:41:02,1.04348442079403,0.993641753437951,0.876744601569619,0.252990965993865,11.9594267907946,19.9197576685286,2.26719716167206,2.58057921923411
2020-09-23 14:40:58,0.918671810363594,0.951989069799649,0.785501667183604,0.24575734963982,9.61056801282556,15.8052169697065,2,2.42152843296515
2020-09-23 14:40:55,0.954704039744032,0.822127176560422,0.925170284496518,0.2,5.74028989573426,15.9683806878564,3.00205270315661,3.57707750561902
2020-09-23 14:40:51,0.832165047191552,0.864396574835169,0.937339525736993,0.429179154966951,6.43478868691056,13.8247215396433,3.2708757717021,3.46061694439721
2020-09-23 14:40:48,0.979278101935417,0.904391254106034,0.860855358373149,0.344635337678503,12.7630551898092,19.691127246691,2.85230183391792,2.98502548616096
2020-09-23 14:40:44,0.987612578815424,0.882227054101555,0.924474335477618,0.371634171847568,6.84261213404629,19.4144274210049,2,3.0284606198847
2020-09-23 14:40:41,0.912393723733115,0.976156269624127,0.998589916772608,0.418445736842631,16.1054409967716,18.1356555563609,2.41809193305162,4.65628645438226
2020-09-23 14:40:37,0.942822391214764,0.972940624366677,0.883149833059975,0.310008592256213,13.6406612963987,19.508522119078,2,3.31295428845869
2020-09-23 14:40:33,0.953545992538361,1.11488331879087,0.890076078701633,0.221183445530485,9.53013762754844,18.2825779403912,2,2.44272140334634
2020-09-23 14:40:30,0.96583230695827,0.951478006845569,0.857864299693508,0.302652572123039,12.1734569263774,18.344638878554,3.07589255006027,2.69026674056404
2020-09-23 14:40:26,1.02210020533974,0.912044214842159,0.76464655965695,0.318257715637001,7.1133315889331,18.9139901793701,2.37274665497391,2.78103249961856
2020-09-23 14:40:22,0.76358899771152,0.991610324111294,0.9280770889406,0.441265134676782,10.4305441846819,12.7341404716496,2.59667158371584,2.77133882760355
2020-09-23 14:40:19,0.963028321317897,1.02421693384614,0.83498581533896,0.2,10.4280843759722,18.3586077735351,2,2.22699018131889
2020-09-23 14:40:15,1.09109068578448,0.907956673698987,0.867396196885893,0.2,9.78044918488948,20,2,2.36196077821417
2020-09-23 14:40:12,1.02446572504641,0.869417971885471,0.75,0.383898488052257,8.04400900705444,20,2,2.65146298388919
2020-09-23 14:40:08,0.933373774142138,0.92719916187661,0.893318654320386,0.394796384908142,10.387703553403,20,2,2.34038548965419
2020-09-23 14:40:05,1.07802977842746,1.07191307528555,0.865688699517026,0.495155114163221,13.3641514395663,19.3630471496862,2,3.23207768515084
2020-09-23 14:40:01,0.845613016336923,0.887865202410223,0.931274247829788,0.287211748463862,9.77951443897166,20,2,2.18159789165197
2020-09-23 14:39:58,1.01501331057046,0.91239736432475,0.75,0.363046379169865,12.752176169826,20,2,3.16905994068722
2020-09-23 14:39:54,0.965350531020511,0.856774672490949,0.79301031133628,0.264744670085462,12.809864480083,20,2.95090120522243,3.16806464226404
2020-09-23 14:39:51,0.92405602355867,0.986228963280955,0.75,0.352804495996283,12.9100372614183,20,2.21143157644106,3.16619695066259
2020-09-23 14:39:47,1.07175475326545,0.903015487196215,0.832580559267465,0.24447956200762,10.823600552866,20,2,2.37109124500627
2020-09-23 14:39:44,1.01812512522461,0.872415321072678,0.937671074769525,0.259834065701644,13.4173658855395,20,7.06915985472174,3.81693525557016
2020-09-23 14:39:40,0.941566479000593,0.837180426713911,0.772887290611399,0.423868573185978,14.1840627213233,16.7917799128684,2.67069716174863,3.98963741182432
2020-09-23 14:39:36,0.75,0.767132095119738,0.757246568233072,0.2,11.1776797814192,16.1394201807133,4.50560800595417,3.22857598664412
2020-09-23 14:39:33,1.02289287679944,0.75,0.797764284280434,0.2,10.6060112630005,10.2447658225029,6.25632444628385,4.21574202434203
2020-09-23 14:39:29,0.986909198250497,0.920918032374014,0.804930012890464,0.430003484453658,7.82936695684555,17.2314423931039,4.9462798451463,2.80680530251112
2020-09-23 14:39:26,0.982446827006505,0.963698946510357,0.817674731155346,0.397603055588019,11.4955288695995,20,2,2.46475675547164
2020-09-23 14:39:22,0.885678773554584,0.790742880087167,0.860774364228536,0.387238839233676,9.49181682139636,15.7238346566265,3.36778543137517,2.60060578170146
2020-09-23 14:39:18,0.786958222326201,0.894334525037425,0.843606130065425,0.477337465238459,11.2454348659818,20,2,2.45785597932188
2020-09-23 14:39:15,1.10722441818445,0.873990789127065,0.886819614167771,0.266061711783864,20,20,5.83654823270135,6.60151969757216
2020-09-23 14:39:11,1.08090946734315,0.824009473403518,0.75,0.260660809887717,6.56755983480729,13.9602288936139,2,3.63520332048214
2020-09-23 14:39:07,0.769002778528309,0.75,0.75,0.2,10.2410983810743,20,2,2.55854882726163
2020-09-23 14:39:04,0.976788053221273,0.772767120515316,0.826894283303907,0.297638652903358,11.1029381012866,18.5167049903551,5.40321020715147,2.95665287519711
2020-09-23 14:39:00,0.938782905048998,0.944339905429873,0.863808418198597,0.2,20,16.7226097476013,2.96844383709995,6.46363487705784
2020-09-23 14:38:57,1.05158187608982,0.964271075627156,0.933787923685516,0.510165571159727,13.9268821420963,18.0276692875609,2,3.46017475892594
2020-09-23 14:38:53,1.16199537284872,0.916227182256366,0.963348305031311,0.215235081564417,6.97320717469199,19.9553367285648,5.49412090049214,3.62715798278975
2020-09-23 14:38:50,1.02151058686443,0.908560457420268,1.09071724005476,0.2,7.77528515831344,12.3119423143969,3.01529174629985,3.56811614772297
2020-09-23 14:38:46,1.25,1.00083973524815,0.869224202938379,0.447555155373741,6.19342203066547,20,2,3.13127816015713
2020-09-23 14:38:43,0.768035135529381,0.766687100086908,1.08097841558447,0.2,4.75775363264603,20,4.11340258483052,5.19095535648028
2020-09-23 14:38:39,0.914353275539809,0.75,0.75,0.2,7.88812418081628,14.4896632961743,2,3.28234695907981
2020-09-23 14:38:36,0.916875605917092,0.886404963424323,1.0225723832967,0.22049823016409,4.442258056935,20,2.01311965622743,4.93054753218683
2020-09-23 14:38:32,1.08167684610141,0.78453283632327,0.961957620055437,0.2,4.4588969813257,20,3.42259552940254,4.59946475013153
2020-09-23 14:38:29,0.959808496948343,0.75,1.00428042282751,0.2,16.5342551889952,20,5.79957717834821,4.98372566982137
2020-09-23 14:38:26,0.94228408170465,0.991588273658515,0.831910449304774,0.383322713938219,13.9492853843906,17.9323077848091,6.63738933964437,3.86587703687879
2020-09-23 14:38:22,0.905862442038807,0.75,1.00100853124163,0.2,12.4913951952415,20,2,2.87650764331864
2020-09-23 14:38:19,1.05899817099231,0.895819709115215,0.791844560488868,0.313785006638731,10.9652325077695,16.9783538163244,2,2.5787314074941
2020-09-23 14:38:15,1.12408650871871,0.833800670775749,1.21124220378445,0.424363509295602,9.26134558306049,16.9669337355834,6.52806540803812,3.32448467230531
2020-09-23 14:38:12,1.25,0.799778474987124,0.75,0.510482237419793,8.22273282925496,17.2357299489426,2.84711838837905,2.85937135296029
2020-09-23 14:38:08,0.861182021427272,0.785105236202295,0.833672142229497,0.517713360535579,3.0357741259738,20,4.15735349858347,5.19268703047766
2020-09-23 14:38:05,0.75,0.75,0.75,0.23776627194121,10.5677633953297,20,2,2.64934356672218
2020-09-23 14:38:01,0.75,0.75,0.75,0.26560847562602,9.31786882749868,20,6.13594796097504,3.08282144085651
2020-09-23 14:37:58,0.857695334848009,0.796495711586453,1.01364541841913,0.39442759323947,14.7954047008248,18.0980026741332,2.64385336408227,3.94655761505675
2020-09-23 14:37:54,0.75,0.75,0.75,0.425265911766824,11.4479523115748,20,3.61354969334372,3.0216272524621
2020-09-23 14:37:50,0.766277159499928,0.75,0.980399314393272,0.51143229644731,3,14.2298081121925,2,5.55904981579843
2020-09-23 14:37:47,0.931991815456275,0.75,1.00872139999602,0.2,5.60838785945984,20,2,3.93213988394064
2020-09-23 14:37:43,1.13745060626274,0.896807316327864,0.965595643779119,0.209661721290937,9.94174645076025,20,2.38829440481277,2.29699607918204
2020-09-23 14:37:40,1.21589257622327,0.955322405732297,0.939203061917133,0.32192310373492,20,20,2.52095773893904,6.59527877372725
2020-09-23 14:37:36,0.975667121518174,0.964164356001866,0.874421694759973,0.237312388241728,13.2215268193609,16.4378077719563,3.87969222914132,3.28131296283884
2020-09-23 14:37:33,1.03233664477893,0.97421668943393,0.932143536001517,0.766459871365553,3,10.5154680559386,3.85945286803276,5.57757143228663
2020-09-23 14:37:30,0.856546579397119,0.75,0.75,0.373680158546659,7.18526805572031,20,3.40679854689342,2.88447467438585
2020-09-23 14:37:26,1.12797611249447,0.75,1.25,0.559355588424324,3,15.8428924884858,2,5.64433631591614
2020-09-23 14:37:22,0.938411024351738,1.07564788969064,1.03609507793537,0.390185079053039,11.2864288908974,20,2,2.89570269995788
2020-09-23 14:37:19,0.995160550802824,1.00177777017625,0.931696404038354,0.660365599550128,5.84476253243232,20,2,3.59363767349647
2020-09-23 14:37:15,0.950535393143734,0.959257036983004,0.872829205593738,0.590383351499961,3,6.43568268287567,2.0087374258568,6.62964708781586
2020-09-23 14:37:12,1.09055628616493,0.851146422274632,0.843737222474263,0.443181290327628,3,16.8704818323088,3.00784313311998,4.94076672016566
2020-09-23 14:37:09,1.17501624383583,1.06244800167841,1.23005260425593,0.649822309336574,6.99094639500813,20,2,3.59487615154125
2020-09-23 14:37:05,1.18667314236018,0.770114608367224,0.75,0.704957248810849,10.5144740085605,15.2835006962945,6.82683091481988,3.64386386162407
2020-09-23 14:37:01,1.01273963216319,0.832609865861783,0.75,0.650466377564169,11.3119547768921,11.585049949609,2,3.76568420041378
2020-09-23 14:36:58,1.07213989798465,0.75,1.06829622243193,0.413167276977179,6.39986842846673,14.4795178740177,2,3.62273097435689
2020-09-23 14:36:54,1.1448343714022,1.25,0.905566379709049,0.31382213513813,4.95353922315329,3,8.61549982210227,6.31977956165048
2020-09-23 14:36:51,1.25,1.23348126822688,0.823794502564261,0.30843246675179,12.9627029540135,20,9.95592898796641,4.15081404442214
2020-09-23 14:36:47,1.01906112057736,0.852226063746472,0.75,0.342652000754667,6.57693572086148,17.2597374043844,2,3.21390506475594
2020-09-23 14:36:44,0.98626845247503,1.04995596171095,0.75,0.8,3,14.3409093195109,2,4.86581440440264
2020-09-23 14:36:40,1.09416195646753,1.02767626259345,1.16656494339526,0.555325436762874,16.0408268589236,20,2,4.90000835278288
2020-09-23 14:36:37,0.904294925795095,0.755200885582667,0.862087798728505,0.35581664861917,3.06326996369281,20,2,5.01443081005498
2020-09-23 14:36:33,1.04577859690416,0.94987269375665,0.916411833705576,0.703189706181715,8.06942670921977,14.0055994910996,2.55195083394599,2.71805646224003
2020-09-23 14:36:29,1.06071588474401,1.25,0.758404187495952,0.799700296168583,12.3574711084093,20,3.05407225304038,2.96734893979647
2020-09-23 14:36:26,0.910177365413155,0.75,1.0078096417189,0.8,3.17239276441916,17.5805881627906,3.95859940626968,5.10321846533701
2020-09-23 14:36:22,1.24987595062888,0.75,0.996339097570118,0.206992717517375,10.1873690313938,20,11.4372156439845,4.28575146194477
2020-09-23 14:36:19,0.990509057692021,0.863690076302206,0.950722931411062,0.8,20,10.6099432248646,3.50454952933945,5.73441441927616
2020-09-23 14:36:15,1.25,0.992247673660182,1.25,0.724448795801157,20,20,9.93349374163944,7.24483745735234
2020-09-23 14:36:12,1.2407669750325,0.941048218395088,1.00493338962131,0.688257836129865,14.8565014124924,4.39886626627684,2,4.06447539639339
2020-09-23 14:36:08,1.25,1.13682790865753,0.75,0.632065360822404,3,17.8484064768468,2,4.7056017555014
2020-09-23 14:36:05,1.13075640522694,0.95869521886983,0.75,0.789658370306527,20,19.3592044228898,3.84827745041438,6.64063663041813
2020-09-23 14:36:01,1.25,1.25,1.12795181631171,0.2,8.06263365988327,20,9.46926761683915,4.70060350287261
2020-09-23 14:35:57,0.902154188180593,1.00387217933486,0.75,0.735950938381385,18.224601458894,8.0117974314093,12,5.08472534602313
2020-09-23 14:35:53,1.09137952453525,1.24730345215988,1.25,0.508154037328557,8.02026290547664,5.04063016835405,5.9218752579117,4.59034989749545
2020-09-23 14:35:50,1.22211666455755,1.25,0.921367556427012,0.8,11.9245395076205,8.88273247264778,12,4.31610765602933
2020-09-23 14:35:46,0.969743531486499,0.858808251187464,0.75,0.695605070815359,8.46038981271863,20,2,2.33264469155766
2020-09-23 14:35:43,0.75,1.25,1.09222797150493,0.38196683049598,6.43789037754646,11.2552099063576,3.17209075075758,4.61726178286221
2020-09-23 14:35:39,1.02605432203592,0.940635229041761,1.04954199073227,0.280640506367176,4.4402090671781,20,12,6.29227857066346
2020-09-23 14:35:36,1.25,1.01786770172287,1.09837390269955,0.281009573558976,13.9496784579436,20,6.72667605563598,4.09864142667087
