DateTime,Fsed_oxy,Fsed_oxy.1,RMSE
2023-03-16 02:49:25,-38.5514681213708,-30.8879889628294,65.6777092791916
2023-03-16 02:49:08,-38.5514681213708,-30.8879889628294,65.6777092791916
2023-03-16 02:48:52,-38.5573122114943,-30.8893770861388,65.9866673905579
2023-03-16 02:48:36,-38.5506433535643,-30.8872059714659,66.3462439250344
2023-03-16 02:48:19,-38.5514681213708,-30.8879889628294,65.6777092791916
2023-03-16 02:48:03,-38.559585229395,-30.8900920826311,66.0239321355707
2023-03-16 02:47:46,-38.5491457050447,-30.8867103979952,67.1523380724316
2023-03-16 02:47:30,-38.5526964633562,-30.8878730518954,65.819201444641
2023-03-16 02:47:14,-38.5482603396657,-30.8864962227011,66.2109426669536
2023-03-16 02:46:58,-38.5467962737161,-30.8863451136469,65.8045073033616
2023-03-16 02:46:41,-38.5578841720902,-30.8895182969993,65.7595675509281
2023-03-16 02:46:25,-38.5483793016822,-30.886723753276,66.0638209163002
2023-03-16 02:46:08,-38.5517790407461,-30.8873213264853,66.1514233532448
2023-03-16 02:45:52,-38.555547577246,-30.8890256044215,65.9638398654481
2023-03-16 02:45:35,-38.5490724665828,-30.8867068598156,65.6206966204993
2023-03-16 02:45:18,-38.5601720187458,-30.8907405973632,65.6608938406974
2023-03-16 02:45:02,-38.5491242949923,-30.8870867052303,65.7690206982037
2023-03-16 02:44:46,-38.544499371293,-30.8854540152393,66.3340791191142
2023-03-16 02:44:29,-38.5471566878119,-30.8864499210152,65.7415575937438
2023-03-16 02:44:13,-38.5477571529328,-30.8866114572982,66.5781439430906
2023-03-16 02:43:57,-38.5494606774872,-30.8874455862116,66.0239975599187
2023-03-16 02:43:40,-38.5609343852285,-30.8908769290723,66.8169408937884
2023-03-16 02:43:24,-38.5478639250138,-30.8866839441448,65.706510963614
2023-03-16 02:43:07,-38.5533471116826,-30.8887969071315,66.2139821168563
2023-03-16 02:42:51,-38.5467071028504,-30.8869892793616,66.1118284718479
2023-03-16 02:42:35,-38.5594538557322,-30.8903041200839,65.9328967652447
2023-03-16 02:42:19,-38.5525288799587,-30.8887350112215,66.9083999808101
2023-03-16 02:42:03,-38.5516917827708,-30.8879728811836,65.9581695499251
2023-03-16 02:41:47,-38.5512892000217,-30.8878841882374,65.8240401036477
2023-03-16 02:41:31,-38.5547122259071,-30.8884141369167,66.2236613955293
2023-03-16 02:41:15,-38.5546742569645,-30.8889072345934,66.3774139060876
2023-03-16 02:40:58,-38.5584143852002,-30.8902720900938,66.0279358292471
2023-03-16 02:40:42,-38.5560016177501,-30.8892165057093,66.5526416805579
2023-03-16 02:40:26,-38.5634423319538,-30.8915820881823,66.3823403491592
2023-03-16 02:40:09,-38.5567014418114,-30.8892187736446,66.1180983876973
2023-03-16 02:39:53,-38.5552071311465,-30.8894469301452,66.1144437096095
2023-03-16 02:39:36,-38.5594261352772,-30.8902018395682,66.9722848113346
2023-03-16 02:39:19,-38.5558361096728,-30.889245300044,66.4399787751885
2023-03-16 02:39:02,-38.5474095489839,-30.886357744665,66.2122687736654
2023-03-16 02:38:46,-38.5574404631224,-30.8897788162313,65.8540214708861
2023-03-16 02:38:29,-38.5626048938022,-30.8911504517021,66.1036416988594
2023-03-16 02:38:13,-38.5533580264402,-30.8882313864916,65.8734385224744
2023-03-16 02:37:56,-38.5520814391285,-30.8881684037032,66.3010590814675
2023-03-16 02:37:40,-38.5606358748174,-30.8906859555849,65.6963653273437
2023-03-16 02:37:23,-38.5560460130526,-30.888976612282,66.4034452371159
2023-03-16 02:37:06,-38.5527634979158,-30.8882245123977,66.788637209217
2023-03-16 02:36:50,-38.5496942740282,-30.8871467292149,66.4234674783352
2023-03-16 02:36:33,-38.5553849487649,-30.8893598358903,67.0557218745097
2023-03-16 02:36:16,-38.5554726350726,-30.8891709479339,65.9758328438858
2023-03-16 02:36:00,-38.554048155519,-30.8884710921182,66.8357854072054
2023-03-16 02:35:43,-38.5529636145982,-30.8881537509783,66.9535638437955
2023-03-16 02:35:27,-38.5581437920846,-30.8902396507798,66.2020355775879
2023-03-16 02:35:11,-38.5526537726298,-30.8881866879689,65.7453046494031
2023-03-16 02:34:54,-38.5566985063691,-30.8894858985775,66.0001039640643
2023-03-16 02:34:37,-38.555350432551,-30.8891665339538,66.8676200152651
2023-03-16 02:34:21,-38.5566415949627,-30.8893701412772,67.2565234891274
2023-03-16 02:34:04,-38.5585266364798,-30.8903388227278,66.5418160722507
2023-03-16 02:33:48,-38.5562897186656,-30.8891971721437,65.447746310655
2023-03-16 02:33:31,-38.5586925235742,-30.8897466206482,66.8426534962317
2023-03-16 02:33:14,-38.5550504411474,-30.8889121697322,65.2121530850899
2023-03-16 02:32:56,-38.5605998891181,-30.8906704059664,66.4531724562255
2023-03-16 02:32:40,-38.5603246006626,-30.8904004432692,65.9620224556378
2023-03-16 02:32:23,-38.5618824705275,-30.8910265096686,65.9449477954204
2023-03-16 02:32:06,-38.5605428947287,-30.8908969025026,65.4939261535288
2023-03-16 02:31:50,-38.5624865392325,-30.891174446165,66.0840255367404
2023-03-16 02:31:33,-38.5613625886762,-30.8908822216299,66.9086942991689
2023-03-16 02:31:17,-38.5571284387875,-30.8891569359757,65.6435493316234
2023-03-16 02:31:00,-38.5599453639538,-30.8904271463213,66.5977937438605
2023-03-16 02:30:44,-38.5626387693752,-30.8913211326147,66.0341611158617
2023-03-16 02:30:27,-38.5601045218221,-30.8910204789893,67.0320213921135
2023-03-16 02:30:11,-38.5583320225019,-30.8897892489918,66.0042529593016
2023-03-16 02:29:55,-38.5593358952922,-30.89044801068,66.5783692221325
2023-03-16 02:29:38,-38.5614548144522,-30.8904293639103,66.3785669699319
2023-03-16 02:29:22,-38.5600198137775,-30.8904723281812,65.3291942525454
2023-03-16 02:29:05,-38.5618060759354,-30.8910605481908,65.9722884905464
2023-03-16 02:28:49,-38.5636606506743,-30.8914134919173,66.2808527395724
2023-03-16 02:28:32,-38.5596787550757,-30.8907468926414,66.1227485718237
2023-03-16 02:28:16,-38.560376903007,-30.8906246010531,66.6562988850676
2023-03-16 02:27:59,-38.5634019764202,-30.8915845864797,65.9728910498044
2023-03-16 02:27:43,-38.562491730452,-30.8911365216101,66.1686826267502
2023-03-16 02:27:26,-38.57082156282,-30.8937861323365,66.6236868741704
2023-03-16 02:27:09,-38.5606769753673,-30.8904149779294,65.6508674903358
2023-03-16 02:26:53,-38.5739938270973,-30.895480204465,66.4561134915397
2023-03-16 02:26:36,-38.5620385524001,-30.8906926836427,66.2767696264605
2023-03-16 02:26:19,-38.5667304720878,-30.8927614319894,65.8455005752893
2023-03-16 02:26:03,-38.561208923377,-30.891340602644,66.0226525911861
2023-03-16 02:25:47,-38.5703313762275,-30.8934907196335,66.9959178870722
2023-03-16 02:25:30,-38.5705038798962,-30.8942072637464,66.2617613054299
2023-03-16 02:25:13,-38.5699982080577,-30.8938113814872,67.0817258882909
2023-03-16 02:24:57,-38.5600971454893,-30.8910299109881,66.3006566617771
2023-03-16 02:24:40,-38.5583646487252,-30.8893707111141,66.1289978134437
2023-03-16 02:24:24,-38.5665452524345,-30.8923183663545,65.9847731954456
2023-03-16 02:24:07,-38.5648508858531,-30.8918918003553,66.1729031805691
2023-03-16 02:23:51,-38.57019239629,-30.8939908694238,66.2674210272082
2023-03-16 02:23:34,-38.5513882088796,-30.8875541186254,65.7346541714102
2023-03-16 02:23:18,-38.5673851762126,-30.8921247374036,65.630200331371
2023-03-16 02:23:01,-38.567715940263,-30.8945059334753,66.3837037604707
2023-03-16 02:22:44,-38.5543991613774,-30.8883337848927,65.8865124778935
2023-03-16 02:22:28,-38.5654839868227,-30.8929771662759,66.0202952262933
2023-03-16 02:22:11,-38.5632514251548,-30.8910729942729,66.1003038390502
2023-03-16 02:21:54,-38.5689625612517,-30.8931601890512,66.1097676926254
2023-03-16 02:21:38,-38.5727474225118,-30.8946105281236,65.7778811058194
2023-03-16 02:21:21,-38.5608944720152,-30.8902992247494,66.5545703480211
2023-03-16 02:21:05,-38.5535116160386,-30.8881804445996,65.9183675726431
2023-03-16 02:20:49,-38.5723379413659,-30.8944638046596,65.7335702856826
2023-03-16 02:20:32,-38.5791851926666,-30.8958928733401,65.9790860833673
2023-03-16 02:20:16,-38.571464697206,-30.8949463318889,66.4637542242072
2023-03-16 02:19:59,-38.5523544731296,-30.8860479024832,66.0751131286286
2023-03-16 02:19:42,-38.5560759017749,-30.8892651130314,66.0167140383249
2023-03-16 02:19:26,-38.5554526410028,-30.8879480517456,65.9177486936184
2023-03-16 02:19:09,-38.5549156672109,-30.8894356438142,65.3841004278485
2023-03-16 02:18:53,-38.5728816600671,-30.8957702270328,65.959405414924
2023-03-16 02:18:36,-38.5591297780704,-30.892806977485,65.6666745239761
2023-03-16 02:18:20,-38.5576688360242,-30.8884934537362,66.7683166032752
2023-03-16 02:18:03,-38.560137792552,-30.8905436118652,66.0759434011554
2023-03-16 02:17:46,-38.5643816756878,-30.8896380951525,65.5056176288697
2023-03-16 02:17:30,-38.5767040449114,-30.8995828282761,66.387905097933
2023-03-16 02:17:13,-38.5935210924756,-30.9041151989087,65.667867452885
2023-03-16 02:16:56,-38.5443135579822,-30.8843605060665,65.6451361942299
2023-03-16 02:16:40,-38.5862945402156,-30.9007010215456,66.191421543519
2023-03-16 02:16:23,-38.5865019725272,-30.9000763237022,65.8536839500064
2023-03-16 02:16:07,-38.5789367908333,-30.8961561697287,66.6526246281688
2023-03-16 02:15:50,-38.5818702284963,-30.897074505899,65.1270140301761
2023-03-16 02:15:34,-38.5628136302787,-30.8927326893293,66.0334838431783
2023-03-16 02:15:17,-38.5548488635694,-30.8918088553309,65.9279881086372
2023-03-16 02:15:00,-38.5570479030913,-30.8899154642495,66.0496198243535
2023-03-16 02:14:44,-38.5644892184527,-30.8936769196837,66.1150451196024
2023-03-16 02:14:27,-38.5534826023839,-30.8848639230967,66.0513608606185
2023-03-16 02:14:11,-38.5671061275054,-30.8921206751945,66.1916941028389
2023-03-16 02:13:54,-38.5906156750112,-30.9028749275611,65.8911914670657
2023-03-16 02:13:38,-38.5593488006679,-30.8891007099802,65.4415656398023
2023-03-16 02:13:21,-38.5723697908202,-30.8932189656563,66.2407103529016
2023-03-16 02:13:03,-38.5581983599011,-30.8908510747574,65.5606345223721
2023-03-16 02:12:47,-38.5589709302743,-30.8920528747765,65.7653560050621
2023-03-16 02:12:30,-38.5648649681475,-30.8915810324842,67.0112415028003
2023-03-16 02:12:13,-38.560053331308,-30.8901614554883,66.1665527911371
2023-03-16 02:11:56,-38.5515312026501,-30.8884769123008,66.1116005587407
2023-03-16 02:11:40,-38.5534702122465,-30.8862480671166,66.7226852284345
2023-03-16 02:11:22,-38.5521740704967,-30.8906803155112,66.2193031477283
2023-03-16 02:11:05,-38.5601847630198,-30.8922056872716,66.5217378141498
2023-03-16 02:10:49,-38.5840184541418,-30.9028579363658,65.9107419540698
2023-03-16 02:10:32,-38.5422416690928,-30.8857560129773,65.925332938627
2023-03-16 02:10:15,-38.5243709069905,-30.8839617144543,65.7580299948165
2023-03-16 02:09:58,-38.5446825590007,-30.885767613956,65.5196452329799
2023-03-16 02:09:41,-38.571458896787,-30.8945100856832,65.5670344352343
2023-03-16 02:09:25,-38.5490934189068,-30.8867247026155,66.0150086578755
2023-03-16 02:09:07,-38.5583321640638,-30.8920465879723,65.6731568892869
2023-03-16 02:08:51,-38.5315366925794,-30.8841147911184,65.7186605605367
2023-03-16 02:08:34,-38.5774284143807,-30.8990680948995,65.858997331667
2023-03-16 02:08:17,-38.5566303182012,-30.8909294995861,66.0018613637419
2023-03-16 02:08:01,-38.5579810102804,-30.8907676775982,65.7582787890379
2023-03-16 02:07:44,-38.5440434993589,-30.8910198655071,65.7680751732573
2023-03-16 02:07:27,-38.5297141996054,-30.8866140042219,66.3153412188337
2023-03-16 02:07:10,-38.5413313662859,-30.8874494463321,65.8066540053433
2023-03-16 02:06:53,-38.5300048251808,-30.8829016219949,65.9997546110046
2023-03-16 02:06:36,-38.5240924949315,-30.8816656825796,66.1249932211589
2023-03-16 02:06:19,-38.527047421938,-30.879606393676,65.7944989395736
2023-03-16 02:06:03,-38.559339212612,-30.8933690368348,65.7329699877084
2023-03-16 02:05:46,-38.5104701425452,-30.8766508285733,66.3992995898956
2023-03-16 02:05:29,-38.5542169985611,-30.8896214622632,66.0427524214412
2023-03-16 02:05:12,-38.5444799635152,-30.8851754756918,66.8441142428771
2023-03-16 02:04:55,-38.5148908793623,-30.8763299398652,66.1211083134682
2023-03-16 02:04:38,-38.5182811195692,-30.8799094493702,65.8795809390096
2023-03-16 02:04:22,-38.5283613748727,-30.8805612122299,66.2804027715591
2023-03-16 02:04:05,-38.5287340503322,-30.8843915420488,65.7070183939551
2023-03-16 02:03:48,-38.5464762890963,-30.8886995300525,65.4432228460713
2023-03-16 02:03:31,-38.5287805815981,-30.8833987632076,66.1924882730326
2023-03-16 02:03:14,-38.5085147335606,-30.8710392828647,65.6801631272655
2023-03-16 02:02:57,-38.5187314410395,-30.8766033469938,65.7181819287395
2023-03-16 02:02:40,-38.5513929205164,-30.8918954830287,66.0944818726271
2023-03-16 02:02:23,-38.5359919845051,-30.8892892780365,65.9544763227544
2023-03-16 02:02:06,-38.5139269396214,-30.8769433371493,66.2681332545471
2023-03-16 02:01:49,-38.5378906547644,-30.8888475547546,66.2120214287158
2023-03-16 02:01:33,-38.5360189139924,-30.8837820608088,65.9544689069603
2023-03-16 02:01:16,-38.5148962912179,-30.8774689499255,65.6809810969369
2023-03-16 02:00:59,-38.5427136113642,-30.8877095269103,66.0472467627732
2023-03-16 02:00:42,-38.5376187691664,-30.8849722265486,65.6333089174657
2023-03-16 02:00:25,-38.4962382898551,-30.8753363579346,65.8648951083046
2023-03-16 02:00:09,-38.5366853037096,-30.8836237865415,65.8939453193517
2023-03-16 01:59:52,-38.5531652191553,-30.8936126545855,66.777812734815
2023-03-16 01:59:35,-38.5244765208389,-30.8805555621571,66.1262195320426
2023-03-16 01:59:18,-38.5187251040885,-30.8839410052409,65.7296474256382
2023-03-16 01:59:01,-38.5494124598477,-30.8899534921632,66.4035037997874
2023-03-16 01:58:44,-38.5394103010755,-30.8829085521362,65.7382394185414
2023-03-16 01:58:27,-38.5477413232038,-30.8915995201925,66.3636010135482
2023-03-16 01:58:10,-38.5543436715312,-30.8931644438717,66.2053184600033
2023-03-16 01:57:53,-38.5377126275113,-30.8914481742405,66.0782947242297
2023-03-16 01:57:36,-38.523566698577,-30.8833464247016,65.4611877908938
2023-03-16 01:57:20,-38.5354636203298,-30.8875702218858,65.8621465929591
2023-03-16 01:57:02,-38.545350125381,-30.8905107144801,66.8385678898741
2023-03-16 01:56:46,-38.5668742805122,-30.8926869116692,65.7035490543194
2023-03-16 01:56:29,-38.5424135168287,-30.8919957288499,65.6780008031356
2023-03-16 01:56:12,-38.5511024338162,-30.8922505590706,65.9164601859982
2023-03-16 01:55:55,-38.5396790043667,-30.8841162728947,65.7174528631309
2023-03-16 01:55:38,-38.5311286737541,-30.8854101331777,65.8423766899534
2023-03-16 01:55:21,-38.5467001405474,-30.8890852383188,65.6284195398822
2023-03-16 01:55:04,-38.5535552818873,-30.8922315048825,65.9307446911845
2023-03-16 01:54:47,-38.5376980787969,-30.8862194568957,66.0484385249525
2023-03-16 01:54:29,-38.5275451120589,-30.8843274961672,65.9372664129635
2023-03-16 01:54:12,-38.5411943669787,-30.8895703038554,65.7716216164701
2023-03-16 01:53:56,-38.5390441733047,-30.8850867927997,65.9645782210526
2023-03-16 01:53:39,-38.5370303376189,-30.8906921580859,66.5524198350113
2023-03-16 01:53:23,-38.5324098508091,-30.8890538591811,65.8677306699854
2023-03-16 01:53:05,-38.5374380470706,-30.8879808053648,65.7727749618845
2023-03-16 01:52:48,-38.5299402561331,-30.8844287470328,66.2597512720629
2023-03-16 01:52:32,-38.530498601973,-30.8842456711922,66.4286944801893
2023-03-16 01:52:15,-38.5438385110441,-30.8896617212498,65.881504075634
2023-03-16 01:51:59,-38.5320566378374,-30.883876809968,65.6366403183749
2023-03-16 01:51:42,-38.5427523926738,-30.8917417869727,66.677879611112
2023-03-16 01:51:25,-38.532556188794,-30.887169461188,65.9996329291312
2023-03-16 01:51:08,-38.5323459545574,-30.885631103968,66.9184989994693
2023-03-16 01:50:52,-38.514820701587,-30.8826122859037,66.4153737693142
2023-03-16 01:50:35,-38.5082923239933,-30.8724284840727,66.1661783060579
2023-03-16 01:50:19,-38.5274322606907,-30.8851760414676,65.5894444110553
2023-03-16 01:50:03,-38.5280013658342,-30.8786434116927,65.8728451072408
2023-03-16 01:49:46,-38.5288618460396,-30.8835497651167,66.2412089044112
2023-03-16 01:49:29,-38.5209467010376,-30.8879722738028,65.7385339859798
2023-03-16 01:49:13,-38.5394317432703,-30.8903490107934,66.2827036745946
2023-03-16 01:48:56,-38.5335576721249,-30.8855155440657,65.5649871163725
2023-03-16 01:48:40,-38.5104455773371,-30.8749990920381,66.0015535273361
2023-03-16 01:48:23,-38.5239811469871,-30.8850538232777,66.4343184570125
2023-03-16 01:48:06,-38.5185859386792,-30.8793806608524,66.8511024989196
2023-03-16 01:47:50,-38.5196093422527,-30.8820430617969,65.8683641535585
2023-03-16 01:47:33,-38.5233620547441,-30.876925758339,65.926511537881
2023-03-16 01:47:17,-38.5317767168483,-30.884551735575,66.2633801113921
2023-03-16 01:47:00,-38.5283532956954,-30.8835160649778,66.4097099217057
2023-03-16 01:46:44,-38.5186749872663,-30.8876522498397,66.7573202996259
2023-03-16 01:46:28,-38.5292834172567,-30.8875378956912,66.1542410686587
2023-03-16 01:46:11,-38.5381790673595,-30.8893518452751,66.903185962642
2023-03-16 01:45:55,-38.5211896911826,-30.8831442692521,65.513579255157
2023-03-16 01:45:38,-38.5291345915147,-30.8807521936905,66.369648396125
2023-03-16 01:45:22,-38.5508552908985,-30.8949456602889,66.5367515097023
2023-03-16 01:45:05,-38.5363963064597,-30.8877593373923,66.4306161422516
2023-03-16 01:44:49,-38.5515771065057,-30.8930134456495,66.0018898971822
2023-03-16 01:44:32,-38.5249770452745,-30.882818971739,65.4478628172416
2023-03-16 01:44:15,-38.5308810162232,-30.8900767271259,65.426659518805
2023-03-16 01:43:59,-38.5344399193674,-30.88916837158,65.7266107191563
2023-03-16 01:43:42,-38.5338188643259,-30.8882398495157,66.1420118313069
2023-03-16 01:43:26,-38.5346118292758,-30.8889985994822,66.3037798343728
2023-03-16 01:43:09,-38.5434650611235,-30.8932001206061,65.9983822382059
2023-03-16 01:42:52,-38.5336393168917,-30.8881739156444,65.3247406426037
2023-03-16 01:42:36,-38.538367214188,-30.8842736626393,65.7835607597191
2023-03-16 01:42:20,-38.5607316423096,-30.901855955734,66.1251928841196
2023-03-16 01:42:03,-38.5474494277282,-30.8937090432101,66.0109910850417
2023-03-16 01:41:46,-38.5391437312638,-30.8875331935321,65.5317817559012
2023-03-16 01:41:30,-38.5441909142745,-30.8965921125601,65.7856494312053
2023-03-16 01:41:13,-38.5421931786897,-30.8829189305017,66.7129733165429
2023-03-16 01:40:57,-38.5484749296926,-30.8914551062915,66.1097016756781
2023-03-16 01:40:41,-38.5295127841943,-30.8853667854044,66.486706302546
2023-03-16 01:40:24,-38.5636674268961,-30.9076111138703,66.0740897037634
2023-03-16 01:40:08,-38.5529090072412,-30.8870767934662,65.8783346745045
2023-03-16 01:39:51,-38.5575634675295,-30.8991083390257,66.0597825383224
2023-03-16 01:39:34,-38.5517693831795,-30.9027788402018,66.4291153772839
2023-03-16 01:39:18,-38.5456663701051,-30.8952300172982,65.6654242172884
2023-03-16 01:39:01,-38.529464146614,-30.8767352373325,65.7195957089147
2023-03-16 01:38:45,-38.5235982249499,-30.8781177748025,67.1013644983036
2023-03-16 01:38:28,-38.5270371159814,-30.8783473338328,65.7160420171132
2023-03-16 01:38:11,-38.5643781203098,-30.9067001332578,66.0081042738288
2023-03-16 01:37:54,-38.5524845846665,-30.8983534924077,65.8244543789577
2023-03-16 01:37:37,-38.5563180657381,-30.901201244789,65.4538580289545
2023-03-16 01:37:21,-38.5431975137466,-30.8825184605269,66.936918948451
2023-03-16 01:37:05,-38.5405414210285,-30.8926519540521,65.6234552311061
2023-03-16 01:36:48,-38.5695032975191,-30.8958043731445,66.4160204777107
2023-03-16 01:36:32,-38.5578265092587,-30.8906375706741,65.8418074314708
2023-03-16 01:36:15,-38.5383887964264,-30.8867356356109,65.5498900300096
2023-03-16 01:35:58,-38.5504693511036,-30.8956448640398,65.4941147405301
2023-03-16 01:35:42,-38.5451600265269,-30.8989201338038,65.9894985692156
2023-03-16 01:35:26,-38.5756641300544,-30.9045835724872,65.9090065506937
2023-03-16 01:35:09,-38.5319912520933,-30.8837274343307,66.5253950845376
2023-03-16 01:34:53,-38.5366060403079,-30.8842012558087,65.888170598319
2023-03-16 01:34:36,-38.5168911029247,-30.8840840128351,66.214766812449
2023-03-16 01:34:20,-38.5470336300421,-30.8892610693403,66.3209391275831
2023-03-16 01:34:04,-38.5461926829303,-30.8940271709162,66.4554153579256
2023-03-16 01:33:47,-38.5452678520683,-30.8944551207109,66.012405586361
2023-03-16 01:33:31,-38.5392029167926,-30.8795687787477,66.1013597149168
2023-03-16 01:33:13,-38.5404994135829,-30.8895355024474,65.6363397001954
2023-03-16 01:32:56,-38.5374057005953,-30.8938069989272,66.939434041288
2023-03-16 01:32:39,-38.5356079317689,-30.8870462794962,66.8606975697037
2023-03-16 01:32:23,-38.5197127090009,-30.8725978740139,65.9065709565164
2023-03-16 01:32:06,-38.535181860542,-30.8753034784208,66.8518645295884
2023-03-16 01:31:50,-38.5352232384727,-30.8801325682611,66.8316343439193
2023-03-16 01:31:33,-38.5288503304713,-30.8752201816041,65.8537309256359
2023-03-16 01:31:16,-38.5386954317113,-30.8855962894959,67.0108602125581
2023-03-16 01:31:00,-38.5414923125281,-30.8957600169896,65.7944075316898
2023-03-16 01:30:43,-38.5276932917289,-30.883481404643,66.7151259607706
2023-03-16 01:30:27,-38.5249952331947,-30.8863264316415,66.2937585691898
2023-03-16 01:30:10,-38.5245043981838,-30.8838694269533,65.7928660436782
2023-03-16 01:29:54,-38.5333431208339,-30.8798555716016,65.7665912677377
2023-03-16 01:29:37,-38.523789071121,-30.8738275101187,66.4086705728014
2023-03-16 01:29:21,-38.527270353499,-30.8845532392843,66.0353240411925
2023-03-16 01:29:04,-38.526054784031,-30.8841438955645,66.0214150850351
2023-03-16 01:28:48,-38.5275061808665,-30.876743117411,65.7341125073201
2023-03-16 01:28:31,-38.5225602343921,-30.8756810145211,65.8303322769925
2023-03-16 01:28:14,-38.5245044678201,-30.8845310225559,65.7107498824016
2023-03-16 01:27:58,-38.5230717065528,-30.8741638074048,66.6669999239015
2023-03-16 01:27:42,-38.5277558925593,-30.8789473952984,65.8798436153942
2023-03-16 01:27:25,-38.5255967159239,-30.8793403745461,66.5179409489711
2023-03-16 01:27:09,-38.5206673610797,-30.8706385238677,66.2746900320883
2023-03-16 01:26:52,-38.5221676579542,-30.8737962289822,66.0991066859822
2023-03-16 01:26:36,-38.5203921440603,-30.8784541182762,66.1090460938004
2023-03-16 01:26:19,-38.5192788727145,-30.8764389393929,66.3518075580514
2023-03-16 01:26:03,-38.5241672243015,-30.8788793653156,65.5838296638405
2023-03-16 01:25:46,-38.5197119915305,-30.8749274801881,65.622448053881
2023-03-16 01:25:30,-38.5161160626162,-30.873657009218,66.1740679401229
2023-03-16 01:25:13,-38.5175234690025,-30.8794685801584,66.053236438496
2023-03-16 01:24:57,-38.5212168757233,-30.8867163195314,65.6998605381885
2023-03-16 01:24:40,-38.5209376895606,-30.8720210661252,65.6529407791883
2023-03-16 01:24:24,-38.5195326187962,-30.8709247698185,66.2952626858482
2023-03-16 01:24:07,-38.5192331228828,-30.8802007008442,66.1539513288327
2023-03-16 01:23:51,-38.5138859141685,-30.8780827212377,65.9150032405638
2023-03-16 01:23:34,-38.5184259661135,-30.8748707833584,65.9064400811595
2023-03-16 01:23:18,-38.5218822462008,-30.8758322785261,66.1336471451334
2023-03-16 01:23:01,-38.5151429689954,-30.8821986083995,66.1763630157035
2023-03-16 01:22:45,-38.5067273244407,-30.8704841388179,66.851093640349
2023-03-16 01:22:28,-38.5172188228943,-30.8782355756655,65.6426558490808
2023-03-16 01:22:11,-38.5264925284249,-30.8736799418969,66.6771433949639
2023-03-16 01:21:54,-38.5179369807567,-30.8741615178411,65.7298762940528
2023-03-16 01:21:36,-38.518794724302,-30.8820635446408,65.8172168732134
2023-03-16 01:21:20,-38.5241969895418,-30.8785873613844,66.1167059674081
2023-03-16 01:21:03,-38.5237456828465,-30.8762771416312,65.9816152872921
2023-03-16 01:20:46,-38.5192767428457,-30.8788749585058,66.3597649850734
2023-03-16 01:20:29,-38.5199004520294,-30.88030636096,65.6564203415374
2023-03-16 01:20:13,-38.5219077263277,-30.8829066015012,66.3869115649004
2023-03-16 01:19:55,-38.5224692815514,-30.880918134945,66.4221666993143
2023-03-16 01:19:38,-38.5226024362852,-30.8773904564897,65.5092876469163
2023-03-16 01:19:21,-38.525946688306,-30.8908034591189,65.7368933818839
2023-03-16 01:19:04,-38.5171699069027,-30.8796064499716,66.2081717549719
2023-03-16 01:18:47,-38.5176519426857,-30.8809330206114,66.0349483447533
2023-03-16 01:18:31,-38.5190489590717,-30.8873447247619,66.3225057996024
2023-03-16 01:18:14,-38.5231098952874,-30.8821142351122,66.5702193418569
2023-03-16 01:17:57,-38.5253231195884,-30.88500953081,65.9785323191036
2023-03-16 01:17:40,-38.5159017833633,-30.8756365257129,67.0024949015054
2023-03-16 01:17:24,-38.5206104862492,-30.8910544734487,65.9100024502561
2023-03-16 01:17:07,-38.5230166430262,-30.8841397915652,65.640482718697
2023-03-16 01:16:49,-38.5234980034638,-30.8849046911727,66.4693340689423
2023-03-16 01:16:33,-38.51708003562,-30.8839600343102,66.054159073266
2023-03-16 01:16:16,-38.5184247535926,-30.8840415118928,66.191661179756
2023-03-16 01:15:59,-38.5146870622668,-30.8755301784885,65.7447781228397
2023-03-16 01:15:43,-38.5175330294645,-30.8911854000662,66.0070667940744
2023-03-16 01:15:26,-38.5211724315371,-30.8888184822308,65.7598153663034
2023-03-16 01:15:09,-38.5132766605231,-30.8685813911005,66.1183712204437
2023-03-16 01:14:51,-38.5124330844913,-30.871863966495,65.7859816411671
2023-03-16 01:14:34,-38.5205475536855,-30.8891163988616,65.9194711298854
2023-03-16 01:14:17,-38.5190740108898,-30.8708084776867,66.4701485213882
2023-03-16 01:14:00,-38.5120293817678,-30.8776603480127,65.9427494032986
2023-03-16 01:13:43,-38.5124035257806,-30.8680542414427,65.9841454895646
2023-03-16 01:13:26,-38.5110640232929,-30.8616361246416,65.6604547502076
2023-03-16 01:13:08,-38.5160081132874,-30.8851254687859,65.9426424792703
2023-03-16 01:12:51,-38.5160714932169,-30.8844915079705,65.6376966591849
2023-03-16 01:12:33,-38.5178721746093,-30.8838845455141,65.5204066457345
2023-03-16 01:12:16,-38.5165441630188,-30.8901457601305,65.9334884635743
2023-03-16 01:11:59,-38.5173599377581,-30.8954331528709,65.9790044851291
2023-03-16 01:11:42,-38.5186430498464,-30.890585133768,66.0629529267039
2023-03-16 01:11:25,-38.5195658995141,-30.8814121946742,65.9653825161262
2023-03-16 01:11:09,-38.5171970933475,-30.8798754448684,65.889425898977
2023-03-16 01:10:52,-38.5193034530151,-30.8857941553399,66.5213563704965
2023-03-16 01:10:35,-38.5195343046616,-30.8930569975846,65.7099643136188
2023-03-16 01:10:19,-38.5201102631219,-30.8769510272743,66.5255908568932
2023-03-16 01:10:02,-38.5240421532492,-30.8899167885381,65.8900561252452
2023-03-16 01:09:45,-38.5211159865763,-30.9218224760415,65.7706171640551
2023-03-16 01:09:28,-38.5212938563239,-30.8845668168281,65.6938615988994
2023-03-16 01:09:12,-38.5172080708428,-30.8757238531132,66.1902625268747
2023-03-16 01:08:55,-38.5313027860351,-30.8938107541947,65.8669103945364
2023-03-16 01:08:38,-38.5208429242485,-30.9080588236278,66.2506393355155
2023-03-16 01:08:20,-38.5139368927484,-30.8726943176553,66.1084030459477
2023-03-16 01:08:03,-38.5209511536425,-30.9136314226874,66.5978948411574
2023-03-16 01:07:46,-38.5193740862236,-30.9027159484143,65.6464035978665
2023-03-16 01:07:29,-38.5174098363476,-30.8870787270383,65.5392697788592
2023-03-16 01:07:12,-38.5124745657502,-30.8855379631475,66.2305090895357
2023-03-16 01:06:55,-38.5119364631968,-30.8874741515709,66.8050031220075
2023-03-16 01:06:38,-38.5234821339773,-30.8820768168128,66.9650863751563
2023-03-16 01:06:21,-38.5226811355341,-30.8886281280662,65.5707305237744
2023-03-16 01:06:05,-38.5097500036749,-30.9038772930348,65.8622410276015
2023-03-16 01:05:48,-38.5008777221484,-30.892179980839,66.3029208256497
2023-03-16 01:05:31,-38.5147116121256,-30.8868205818474,65.9841708643158
2023-03-16 01:05:14,-38.5189910554682,-30.9125820996069,65.559297531228
2023-03-16 01:04:57,-38.512407132639,-30.8882169687801,65.6212213782319
2023-03-16 01:04:40,-38.5083968108789,-30.9035340085723,66.6502956096676
2023-03-16 01:04:23,-38.4980316279708,-30.8923185016861,65.795902379157
2023-03-16 01:04:06,-38.5136742125552,-30.8897484826669,66.5444823287928
2023-03-16 01:03:49,-38.5234193545428,-30.8920073286926,65.8817492279698
2023-03-16 01:03:32,-38.5130702904292,-30.8769442172923,65.9074336471092
2023-03-16 01:03:15,-38.5086897186223,-30.8803083616596,65.5122509797538
2023-03-16 01:02:59,-38.5186799064532,-30.860145875152,65.9570981583422
2023-03-16 01:02:42,-38.5034833218627,-30.867121874986,66.1973440106717
2023-03-16 01:02:25,-38.51739410202,-30.8905228179671,65.8638462028571
2023-03-16 01:02:08,-38.5162085842289,-30.8850571486729,66.3880730260696
2023-03-16 01:01:52,-38.5225766917462,-30.8893796285132,66.6859360102186
2023-03-16 01:01:35,-38.5279293555036,-30.8905551522244,66.4120239502301
2023-03-16 01:01:19,-38.5172243374426,-30.8947679999375,65.6823028735471
2023-03-16 01:01:02,-38.5229724655165,-30.8857997911385,65.7330617558988
2023-03-16 01:00:46,-38.5133124174601,-30.8741518916705,65.6798647477162
2023-03-16 01:00:29,-38.5208600853813,-30.8911427097375,65.690394826814
2023-03-16 01:00:13,-38.5314874981361,-30.8955819127474,66.6194040516158
2023-03-16 00:59:56,-38.5272135613356,-30.9200409270619,66.0312437829987
2023-03-16 00:59:40,-38.5180693169254,-30.8750948655814,65.928342112709
2023-03-16 00:59:23,-38.5163512871663,-30.9085192606525,66.2048060831182
2023-03-16 00:59:07,-38.5282458954491,-30.9200703157594,66.2031054749684
2023-03-16 00:58:50,-38.5284450815519,-30.8952146730395,65.8072446822814
2023-03-16 00:58:34,-38.5207804871009,-30.8922841007761,65.3624687879843
2023-03-16 00:58:18,-38.5209051545882,-30.8978148861596,66.3987362837689
2023-03-16 00:58:01,-38.5253171514218,-30.8725299252404,65.8579790386859
2023-03-16 00:57:44,-38.5251511897948,-30.8970232058266,65.6736960122153
2023-03-16 00:57:28,-38.513492589697,-30.888498097127,65.9196513257302
2023-03-16 00:57:12,-38.5218022602825,-30.8781385928954,66.1110713405147
2023-03-16 00:56:55,-38.5204652235869,-30.8746457628948,66.6643937810065
2023-03-16 00:56:38,-38.5230701305067,-30.8705804477286,65.9807461078854
2023-03-16 00:56:21,-38.5164078673751,-30.8705294213139,66.0925752263103
2023-03-16 00:56:05,-38.5168299113278,-30.8910809702617,65.828960239148
2023-03-16 00:55:48,-38.5222227222949,-30.8810666770568,65.783227060774
2023-03-16 00:55:32,-38.5172866385325,-30.8614322122585,65.8523033230583
2023-03-16 00:55:15,-38.5242995508614,-30.8741480319965,65.6690795201496
2023-03-16 00:54:59,-38.5226239700973,-30.8631849373666,66.1023515844601
2023-03-16 00:54:42,-38.5223164804715,-30.8827445430218,65.9797989481441
2023-03-16 00:54:26,-38.5245687488417,-30.8655169928938,66.249600757662
2023-03-16 00:54:09,-38.5198209979884,-30.8673032792996,66.0315122801498
2023-03-16 00:53:53,-38.5125360723368,-30.8792780341551,66.2367427340077
2023-03-16 00:53:36,-38.5202976973022,-30.8763370159398,65.7179720201685
2023-03-16 00:53:20,-38.5153210455763,-30.8675405629435,65.9882229152991
2023-03-16 00:53:02,-38.5119985234975,-30.8615612835475,65.7400848795644
2023-03-16 00:52:45,-38.5119288466272,-30.8661712125206,66.5579275101655
2023-03-16 00:52:29,-38.5161029109624,-30.8601077563669,65.7797157856361
2023-03-16 00:52:12,-38.5180790692367,-30.860668637903,65.4962501001718
2023-03-16 00:51:56,-38.5252140453258,-30.8824331274858,65.7940954006647
2023-03-16 00:51:39,-38.5273310572771,-30.8923465984298,65.8416248493485
2023-03-16 00:51:22,-38.5277914986424,-30.8623397199001,66.1303618213762
2023-03-16 00:51:06,-38.5136598919006,-30.8396015368145,66.3625215526633
2023-03-16 00:50:49,-38.5173675713445,-30.8710249851823,65.7539382455891
2023-03-16 00:50:33,-38.5126600404088,-30.9018287849323,66.2279426434046
2023-03-16 00:50:16,-38.5238240683881,-30.8706903064435,65.8901799769172
2023-03-16 00:50:00,-38.5213993720123,-30.8754911041615,65.4152169939477
2023-03-16 00:49:43,-38.5261750430894,-30.8746712940607,67.1434702760439
2023-03-16 00:49:26,-38.5116209293249,-30.9207173583342,66.1503194090661
2023-03-16 00:49:10,-38.5173298440569,-30.8683151400408,65.8137026533382
2023-03-16 00:48:53,-38.5233274393871,-30.872190210723,66.0768956065257
2023-03-16 00:48:37,-38.522171477445,-30.8620269058401,66.2239078836596
2023-03-16 00:48:20,-38.5193554829659,-30.8871661653377,65.8043462213393
2023-03-16 00:48:04,-38.5153748752389,-30.8759133218357,66.0703462376429
2023-03-16 00:47:47,-38.5241772677094,-30.8887640860573,66.0901079732343
2023-03-16 00:47:30,-38.5315973286684,-30.8518900897574,66.1305076075223
2023-03-16 00:47:14,-38.5174885932116,-30.90009337268,65.6214534237948
2023-03-16 00:46:57,-38.5239217340556,-30.8552841052462,66.8279943459657
2023-03-16 00:46:41,-38.5252132538653,-30.8815849031451,66.9283690921237
2023-03-16 00:46:24,-38.5303143711453,-30.8624212304999,66.4511264656679
2023-03-16 00:46:07,-38.5286974538461,-30.8835231197217,65.9794816141612
2023-03-16 00:45:51,-38.525983786857,-30.872895780714,66.015118810712
2023-03-16 00:45:34,-38.5252207556914,-30.8586530117576,65.8526036619575
2023-03-16 00:45:18,-38.5288798181069,-30.8612178844771,66.3562115012558
2023-03-16 00:45:01,-38.5328055574429,-30.8528554307928,66.1084711075541
2023-03-16 00:44:44,-38.5255981170186,-30.84875754691,66.8453924917028
2023-03-16 00:44:28,-38.5351399343537,-30.8631775888999,66.006427510416
2023-03-16 00:44:12,-38.5265870103219,-30.8847946751333,65.7622068640012
2023-03-16 00:43:55,-38.5327083034479,-30.8588421954131,65.545031229979
2023-03-16 00:43:39,-38.5210509621572,-30.8680009390761,66.7459356350876
2023-03-16 00:43:22,-38.5212917299536,-30.8767108571326,65.9328571897348
2023-03-16 00:43:05,-38.513705094629,-30.878918133073,66.1826252519557
2023-03-16 00:42:49,-38.5234772676793,-30.8653715464379,65.8324483936956
2023-03-16 00:42:32,-38.5229758147429,-30.8829721865132,66.0210152219967
2023-03-16 00:42:16,-38.5281844751537,-30.866059957208,66.0673238132763
2023-03-16 00:41:59,-38.5238106256755,-30.8732772954625,65.8086724587552
2023-03-16 00:41:43,-38.5384215286631,-30.8686310932383,66.0018816413754
2023-03-16 00:41:27,-38.5325712690945,-30.8739761824957,66.348495284162
2023-03-16 00:41:10,-38.5286867363746,-30.8697076420748,66.7680586671233
2023-03-16 00:40:54,-38.5241620761067,-30.8689225729493,65.8093494780265
2023-03-16 00:40:37,-38.528910279203,-30.8595504569943,65.5261812742296
2023-03-16 00:40:20,-38.5307012850442,-30.8469119641917,66.8931011104065
2023-03-16 00:40:04,-38.5275049565214,-30.8647700992352,65.9459404477065
2023-03-16 00:39:47,-38.5303028108194,-30.8537908296958,66.1063198382148
2023-03-16 00:39:31,-38.5294162986803,-30.8679738974986,65.4484931723526
2023-03-16 00:39:14,-38.5263269248588,-30.853020966324,66.4187007329825
2023-03-16 00:38:58,-38.5353238443683,-30.851464957956,67.0547989526957
2023-03-16 00:38:41,-38.5406870301737,-30.8718208554849,66.3572661017429
2023-03-16 00:38:24,-38.5295575935152,-30.8516108376401,65.8205367369813
2023-03-16 00:38:08,-38.5326345342652,-30.8679047483602,66.0233424646436
2023-03-16 00:37:51,-38.5457438861946,-30.8653590447245,65.7326384138637
2023-03-16 00:37:35,-38.5228063277679,-30.8522238536117,65.7298347579365
2023-03-16 00:37:18,-38.5390092712262,-30.8631561393787,65.8104887092186
2023-03-16 00:37:02,-38.5291983228985,-30.8506493681558,65.9322798048437
2023-03-16 00:36:45,-38.5277117776296,-30.8602671120716,66.4786724786796
2023-03-16 00:36:28,-38.5221541892245,-30.8520358532684,65.8347422832212
2023-03-16 00:36:12,-38.5338766787045,-30.8713546764912,65.9347807221163
2023-03-16 00:35:55,-38.5274649580599,-30.8566578936018,66.5291022509264
2023-03-16 00:35:39,-38.5256923171597,-30.8605895051882,66.4291364197103
2023-03-16 00:35:23,-38.5279684232403,-30.8688764174166,66.637020235736
2023-03-16 00:35:06,-38.5289793234258,-30.8620404570909,65.8833973926888
2023-03-16 00:34:49,-38.5276431072907,-30.855050363032,66.8131809896036
2023-03-16 00:34:33,-38.5266729588088,-30.853505294042,66.527043252015
2023-03-16 00:34:16,-38.5371329395422,-30.8614073178907,66.1982881843464
2023-03-16 00:33:59,-38.5285315315896,-30.8531765373483,66.1318107730567
2023-03-16 00:33:43,-38.5126085897129,-30.8135628178082,66.0188828834571
2023-03-16 00:33:26,-38.5233774886598,-30.8665413863614,66.1241920144491
2023-03-16 00:33:08,-38.538708893069,-30.8726507531192,66.3483295798682
2023-03-16 00:32:51,-38.5254293783455,-30.8664211712114,65.8360114840516
2023-03-16 00:32:35,-38.5357615049382,-30.8607891863194,65.9171416723222
2023-03-16 00:32:18,-38.5364807587776,-30.870589509482,65.4777649532173
2023-03-16 00:32:01,-38.51857747502,-30.8285683940116,65.7200275199448
2023-03-16 00:31:45,-38.525893553696,-30.8651965769099,65.8724073873202
2023-03-16 00:31:29,-38.5325400419076,-30.8491276318436,66.0775534695871
2023-03-16 00:31:12,-38.5143960782382,-30.8348336730017,66.0362310255151
2023-03-16 00:30:56,-38.5313520713327,-30.8636811938039,66.5827342347631
2023-03-16 00:30:39,-38.5350169261235,-30.8413974470234,66.3367317792598
2023-03-16 00:30:23,-38.5333073387696,-30.8457377851687,66.1428198893738
2023-03-16 00:30:06,-38.5143484681868,-30.8545716362028,66.5134423353825
2023-03-16 00:29:49,-38.5259275337266,-30.8293995366605,66.5372483152232
2023-03-16 00:29:32,-38.5427556908117,-30.8420856536259,66.1959081505419
2023-03-16 00:29:14,-38.5221902123586,-30.8488550563886,65.7315925394323
2023-03-16 00:28:57,-38.5265606575782,-30.8356053267397,65.8393423180578
2023-03-16 00:28:40,-38.5392275843453,-30.853874559191,65.8755470342054
2023-03-16 00:28:23,-38.5103788009285,-30.8063845204235,67.1468838362684
2023-03-16 00:28:05,-38.5531381226904,-30.8608841583972,65.9429354806615
2023-03-16 00:27:49,-38.5474288071302,-30.7987112192837,66.2857686534461
2023-03-16 00:27:32,-38.5421107866714,-30.8478519782169,65.9016925370242
2023-03-16 00:27:14,-38.5590201330931,-30.8687691997562,65.6303625479152
2023-03-16 00:26:57,-38.5185140728713,-30.8500106319322,65.8008047034308
2023-03-16 00:26:39,-38.5211710669485,-30.8424813501533,66.117651064393
2023-03-16 00:26:22,-38.5146712995739,-30.8313238270355,65.4971061057689
2023-03-16 00:26:05,-38.5055807884035,-30.7932911668561,66.323500493637
2023-03-16 00:25:48,-38.5278053223202,-30.7836532281947,65.8108454224756
2023-03-16 00:25:31,-38.520855386502,-30.8204623037613,65.7563215953557
2023-03-16 00:25:14,-38.5006095264633,-30.7712327159175,66.4620644623765
2023-03-16 00:24:57,-38.5068505650694,-30.7978647635666,67.0776795558353
2023-03-16 00:24:40,-38.5125532335703,-30.7518668322795,66.076341939723
2023-03-16 00:24:23,-38.527262544999,-30.8294094878203,65.7847952320337
2023-03-16 00:24:06,-38.510668122583,-30.8189871184323,66.2885727351153
2023-03-16 00:23:49,-38.5386554091518,-30.8532384578002,66.2023928396569
2023-03-16 00:23:32,-38.5296404806586,-30.8628101636135,66.5861578025599
2023-03-16 00:23:15,-38.4800725074391,-30.7338203164341,66.1237022302253
2023-03-16 00:22:57,-38.5146771185839,-30.8231587038232,65.6243898107179
2023-03-16 00:22:41,-38.5139944667983,-30.8222015574618,66.8428472108278
2023-03-16 00:22:24,-38.5192781096395,-30.8881098572448,66.793563006508
2023-03-16 00:22:07,-38.5278920509515,-30.8579874038801,66.2975556282622
2023-03-16 00:21:50,-38.5156754262434,-30.837379793322,66.5570873957058
2023-03-16 00:21:33,-38.5001851549168,-30.8411465898089,66.9178851875819
2023-03-16 00:21:16,-38.5490101788342,-30.8506796766614,66.7661066986007
2023-03-16 00:20:59,-38.4981997344174,-30.7965498193507,65.795830215097
2023-03-16 00:20:42,-38.5261374714105,-30.8569716032102,66.1314219197808
2023-03-16 00:20:26,-38.5221300863567,-30.8436516382911,65.6667627185009
2023-03-16 00:20:08,-38.5017082834787,-30.8795215192414,65.9942957086148
2023-03-16 00:19:51,-38.489690553595,-30.8236035771194,66.1512362898273
2023-03-16 00:19:34,-38.5123071945407,-30.8771858002784,66.9635489534292
2023-03-16 00:19:17,-38.5215261897408,-30.8874696748434,66.2040374216609
2023-03-16 00:19:00,-38.4857827271221,-30.8829545132865,66.2100221551628
2023-03-16 00:18:43,-38.5141320771709,-30.9294051731202,66.2046229985776
2023-03-16 00:18:26,-38.5068411425296,-30.8304293684484,65.9232371446162
2023-03-16 00:18:08,-38.5396356907651,-30.8679874616861,65.8366394178697
2023-03-16 00:17:51,-38.52809376712,-30.8301901995241,66.2951937553339
2023-03-16 00:17:34,-38.5203002483663,-30.9046998966854,66.598422070984
2023-03-16 00:17:17,-38.4933540187907,-30.8614819505103,65.789115824569
2023-03-16 00:17:00,-38.5546213136556,-30.9719827991218,65.9470643537199
2023-03-16 00:16:43,-38.5913081192091,-30.943776839158,66.7924975827209
2023-03-16 00:16:26,-38.5324173160158,-30.8729282762557,65.9025756805363
2023-03-16 00:16:09,-38.5522706394633,-30.8994558994143,66.581303895923
2023-03-16 00:15:52,-38.5182831773789,-30.8524592771917,65.5230732357031
2023-03-16 00:15:34,-38.5240203601842,-30.9580564011205,66.4890322241403
2023-03-16 00:15:17,-38.5686250865826,-30.8793856738311,65.8176454665298
2023-03-16 00:15:00,-38.5316404852624,-30.8559484510819,66.5929279534444
2023-03-16 00:14:43,-38.5140612725882,-30.9425911330944,65.733087945401
2023-03-16 00:14:26,-38.5235872533154,-30.9210713159674,66.1610786949958
2023-03-16 00:14:10,-38.4993861985355,-30.835178410846,66.3259638724505
2023-03-16 00:13:53,-38.561350178317,-30.8830951100055,65.7124732835368
2023-03-16 00:13:35,-38.4998120216248,-30.8785135385996,66.4673236832927
2023-03-16 00:13:18,-38.5380481283284,-30.8920100655775,65.6137892733167
2023-03-16 00:13:00,-38.5208295014373,-30.8505960657855,65.7614724847378
2023-03-16 00:12:43,-38.5147969633363,-30.8748148557675,66.0283021803791
2023-03-16 00:12:26,-38.5391571600602,-30.8490614646405,66.4826191798216
2023-03-16 00:12:09,-38.5764455645975,-30.8819957322849,66.0667091352989
2023-03-16 00:11:52,-38.5697917603598,-30.7888001059751,66.2060060761543
2023-03-16 00:11:36,-38.5090681500194,-30.8434392308375,65.6873814773163
2023-03-16 00:11:19,-38.5608059676362,-30.8614123315155,65.9174309578162
2023-03-16 00:11:03,-38.5467234516204,-30.9755675324659,66.7978659493887
2023-03-16 00:10:47,-38.4787555449905,-30.9483960552034,66.4766818837113
2023-03-16 00:10:30,-38.5442571923735,-30.8490848969475,65.710906937014
2023-03-16 00:10:14,-38.5259870132767,-30.8203375858019,65.8905244366084
2023-03-16 00:09:57,-38.5133963505579,-30.8386017047173,65.7377479506395
2023-03-16 00:09:41,-38.47163354848,-30.9344137271839,66.2007854253645
2023-03-16 00:09:24,-38.6252430025412,-30.8259660183083,66.0263548098073
2023-03-16 00:09:08,-38.5543509662749,-30.8433171589012,66.1368847393219
2023-03-16 00:08:51,-38.5565628491317,-30.8526236099684,66.8010159175557
2023-03-16 00:08:35,-38.522751363566,-30.8167246378033,66.4112965276048
2023-03-16 00:08:18,-38.5923793203396,-30.9681141984736,65.8196880536139
2023-03-16 00:08:01,-38.4944938632034,-30.6905827516944,66.3499188312047
2023-03-16 00:07:45,-38.549507045368,-30.7460433378095,66.587051833297
2023-03-16 00:07:28,-38.5151374986608,-30.8493247932017,65.4814134280621
2023-03-16 00:07:11,-38.5486420569679,-30.869208374682,66.1048832806689
2023-03-16 00:06:54,-38.5437701813599,-30.8358148952592,65.8088087451333
2023-03-16 00:06:38,-38.637624422251,-30.9996904075421,66.0352251304903
2023-03-16 00:06:21,-38.576321400515,-30.8201672273143,66.1021389194228
2023-03-16 00:06:04,-38.5629624710546,-30.7446776234884,65.900394404447
2023-03-16 00:05:48,-38.5525527726763,-30.7622398488395,66.19865934286
2023-03-16 00:05:31,-38.5665937498653,-30.8822619518446,65.7848502243442
2023-03-16 00:05:15,-38.5451125634452,-30.705803854223,65.7353632559201
2023-03-16 00:04:59,-38.5166796055615,-30.8380704574172,66.4832479982171
2023-03-16 00:04:42,-38.4095056626996,-30.7165696040164,66.0371231198812
2023-03-16 00:04:25,-38.5191132385949,-30.484575539395,65.8797518065675
2023-03-16 00:04:09,-38.4016375305938,-30.7145985929167,65.9808381396804
2023-03-16 00:03:52,-38.5721210174196,-30.868555303834,65.4757074493009
2023-03-16 00:03:35,-38.4870865476227,-30.6742195530387,65.4741151143637
2023-03-16 00:03:18,-38.5789704465554,-30.7671508316686,66.9533551040945
2023-03-16 00:02:59,-38.5290095113821,-30.9236616495012,65.6340827169471
2023-03-16 00:02:42,-38.5530386359044,-30.6886115897198,65.8634368031335
2023-03-16 00:02:26,-38.5906564626104,-30.8968932209949,65.7067615989379
2023-03-16 00:02:09,-38.5057897979203,-30.7662986116401,65.5283108208564
2023-03-16 00:01:52,-38.4465401995753,-30.7397598325842,65.9633656638499
2023-03-16 00:01:36,-38.5134898087106,-30.6947587206021,66.1988931198667
2023-03-16 00:01:19,-38.5766153088706,-30.6860051178274,65.5027072443137
2023-03-16 00:01:02,-38.5171562529689,-30.6649780679716,66.119096350811
2023-03-16 00:00:46,-38.4927546165834,-30.8636363756523,65.8735490847714
2023-03-16 00:00:29,-38.545805547101,-30.7430553083335,66.088431745548
2023-03-16 00:00:13,-38.5507454700578,-30.7652547583072,65.7395293190528
2023-03-15 23:59:55,-38.575785781583,-30.7662474925847,67.1875663119482
2023-03-15 23:59:38,-38.5305482454296,-30.6588447864195,65.3982793099757
2023-03-15 23:59:22,-38.584908739908,-30.7702028244743,65.7805927105625
2023-03-15 23:59:05,-38.5147947814091,-30.9255398502336,66.0768031521951
2023-03-15 23:58:49,-38.5469289638236,-30.8254584965509,67.0968078773187
2023-03-15 23:58:32,-38.5952709322608,-30.6915474438583,65.7207956026463
2023-03-15 23:58:15,-38.573457718636,-30.7550871807915,65.5181832515797
2023-03-15 23:57:59,-38.5388689231525,-30.8134576753648,65.6776373647188
2023-03-15 23:57:42,-38.5959092450144,-30.8242338735715,65.9301357244533
2023-03-15 23:57:26,-38.5599008249595,-30.6824504574467,66.2877113177857
2023-03-15 23:57:09,-38.6469736275889,-30.5990140260027,66.1780132664552
2023-03-15 23:56:53,-38.6158841884368,-30.7032693181433,65.6411346334901
2023-03-15 23:56:36,-38.589947770813,-30.798084078364,66.6043990118007
2023-03-15 23:56:20,-38.551982646363,-30.7441387037421,66.0006176776049
2023-03-15 23:56:03,-38.6009409801007,-30.8375899462332,65.9988351329128
2023-03-15 23:55:47,-38.5732650464669,-30.7416909030968,65.7965964365195
2023-03-15 23:55:30,-38.5862460335026,-31.0553411691895,66.1156168885481
2023-03-15 23:55:14,-38.6162781191818,-30.9081382031778,66.4505223379844
2023-03-15 23:54:57,-38.6019853575413,-30.8880033803952,65.9082133037577
2023-03-15 23:54:40,-38.5742615450963,-30.716052920123,65.8456162303891
2023-03-15 23:54:23,-38.5850653175667,-30.850574509172,66.0702299023756
2023-03-15 23:54:06,-38.6087848898597,-30.8404747681054,66.3973987929417
2023-03-15 23:53:50,-38.5974613258512,-30.9747614636276,66.1430381434214
2023-03-15 23:53:33,-38.6017817288048,-30.8055130838976,65.6716160770642
2023-03-15 23:53:17,-38.5945883386817,-30.9867402917977,66.4247366898426
2023-03-15 23:52:59,-38.6008446376847,-30.9844522913329,66.386838801177
2023-03-15 23:52:42,-38.5852023857808,-30.8972168466877,65.9445266158194
2023-03-15 23:52:25,-38.6011091701906,-30.9099917496502,66.1132828251241
2023-03-15 23:52:09,-38.5801940948672,-30.9808084943649,65.9961301435398
2023-03-15 23:51:53,-38.6202270451779,-30.8829452236015,66.5429309546732
2023-03-15 23:51:36,-38.6041913628936,-30.8118770353333,66.4285942061475
2023-03-15 23:51:19,-38.5806126371053,-30.9351432108147,65.7431930204788
2023-03-15 23:51:03,-38.5995109626691,-31.0172795071569,65.8673103535149
2023-03-15 23:50:46,-38.6098776507695,-30.9136158388319,65.8894997495842
2023-03-15 23:50:29,-38.5584515278301,-31.09274841165,66.1760907833734
2023-03-15 23:50:13,-38.6153735510568,-30.9060613828532,66.0491105521006
2023-03-15 23:49:56,-38.5782061280154,-30.9056666445451,65.6854276462202
2023-03-15 23:49:40,-38.5673294303619,-30.9586987679154,66.1766485646947
2023-03-15 23:49:23,-38.5082788295446,-30.8705833714818,66.1795481945527
2023-03-15 23:49:06,-38.5805974401215,-30.8402326133648,65.7891652314338
2023-03-15 23:48:49,-38.5353490804217,-30.9359098021339,67.1283501821865
2023-03-15 23:48:32,-38.542721010928,-31.0086084829632,66.8524554639549
2023-03-15 23:48:16,-38.6170022820775,-30.9219876084754,66.0278838283223
2023-03-15 23:47:59,-38.5937901178496,-30.9191020527794,65.9570698448044
2023-03-15 23:47:43,-38.5610905870434,-30.9631838782323,65.4361640529615
2023-03-15 23:47:26,-38.5682546318774,-30.9531696617868,66.2353578154065
2023-03-15 23:47:09,-38.5767624921596,-30.9048379724528,66.6146318512059
2023-03-15 23:46:53,-38.6204565239004,-30.968914543546,65.7201823730644
2023-03-15 23:46:36,-38.5909142173141,-31.0111604916947,66.0663724371597
2023-03-15 23:46:19,-38.5602934647869,-30.9253617966495,65.5173315390924
2023-03-15 23:46:02,-38.5725977111893,-30.9245275054154,65.9370430851518
2023-03-15 23:45:46,-38.5089722355359,-30.9936801313458,65.6514071194127
2023-03-15 23:45:29,-38.5914096186622,-31.0077744276475,65.772937363084
2023-03-15 23:45:13,-38.5795212247709,-30.9829401355545,65.6901177849723
2023-03-15 23:44:56,-38.5721666738486,-31.0119321834141,66.3458475951344
2023-03-15 23:44:39,-38.5875940163577,-30.9944900014053,66.0940699843753
2023-03-15 23:44:23,-38.5774913661953,-30.9918285730859,65.7969543848405
2023-03-15 23:44:06,-38.5324115786598,-31.0663765741453,66.0920326859469
2023-03-15 23:43:49,-38.5094573312609,-30.96155762025,65.9996039180938
2023-03-15 23:43:33,-38.5374757599869,-30.9230550994087,65.9558235778054
2023-03-15 23:43:16,-38.534330570008,-30.9101756865752,65.8810124505651
2023-03-15 23:43:00,-38.5900470505948,-31.1037024805811,65.4992020559515
2023-03-15 23:42:44,-38.5333868045938,-30.9037488373893,65.8269463688006
2023-03-15 23:42:27,-38.5394232073491,-30.9709762048087,66.6535303420602
2023-03-15 23:42:10,-38.5599502164837,-30.9503906630795,66.7519469054119
2023-03-15 23:41:54,-38.4905523405702,-31.179692793633,66.8581818604672
2023-03-15 23:41:37,-38.543583203827,-31.0046629080224,65.9053135998947
2023-03-15 23:41:21,-38.5009863790654,-31.064781717721,67.0512979770109
2023-03-15 23:41:04,-38.538805169543,-31.0553770876788,66.1979033195987
2023-03-15 23:40:47,-38.5127458164189,-31.0084380944773,66.5757786731192
2023-03-15 23:40:31,-38.5351318266466,-31.0697371273466,66.304504375882
2023-03-15 23:40:14,-38.5462761644372,-31.038294851146,65.6789533645162
2023-03-15 23:39:57,-38.504513039669,-31.1004427773163,65.7092102623167
2023-03-15 23:39:41,-38.5215451459952,-31.0730016277597,65.658118565547
2023-03-15 23:39:24,-38.5351026430056,-31.1893496093649,66.1430851121304
2023-03-15 23:39:08,-38.5367714845059,-31.1031850245567,65.8620602325057
2023-03-15 23:38:51,-38.4753566585918,-30.9352535128774,66.508116869001
2023-03-15 23:38:34,-38.4615115375691,-31.0894542771687,66.0942746920102
2023-03-15 23:38:16,-38.5134272311103,-31.1378619532309,66.2073569941413
2023-03-15 23:37:59,-38.5276448692952,-30.954898909853,65.6400714344112
2023-03-15 23:37:42,-38.5244965585427,-31.1336267303044,66.2054082244724
2023-03-15 23:37:25,-38.5423504919727,-31.1626681466153,66.7087615537221
2023-03-15 23:37:08,-38.5124276948684,-31.0889329519015,65.6899740073758
2023-03-15 23:36:51,-38.5369655494076,-31.1605933824165,66.6196413826435
2023-03-15 23:36:34,-38.5022947064801,-30.7939594289361,66.0336632544807
2023-03-15 23:36:16,-38.5046637403386,-30.975928629223,65.9360713577004
2023-03-15 23:35:59,-38.5109316710444,-31.1669150874814,65.8509047382003
2023-03-15 23:35:42,-38.5272302455768,-31.1805486215933,65.4447601777756
2023-03-15 23:35:25,-38.4857175102726,-31.0730558158199,66.090183305015
2023-03-15 23:35:08,-38.5354797019714,-31.1399477399558,65.9406085531028
2023-03-15 23:34:51,-38.5254930620195,-31.183105787754,66.4816459360981
2023-03-15 23:34:34,-38.5124346923031,-30.9538239112774,65.5220252653699
2023-03-15 23:34:17,-38.5799880138959,-31.2283984440017,66.0009009385713
2023-03-15 23:33:59,-38.5775771661825,-31.0587855266025,65.9390685199899
2023-03-15 23:33:42,-38.5537114998762,-31.2523940662547,65.5732357069427
2023-03-15 23:33:25,-38.6352836296891,-31.1249907178047,65.6520154046747
2023-03-15 23:33:06,-38.571322148066,-31.0525069541139,65.5286992280085
2023-03-15 23:32:49,-38.619094944965,-31.2333256647215,65.6489302371409
2023-03-15 23:32:32,-38.5348254511567,-31.1544497603568,65.754046544176
2023-03-15 23:32:15,-38.4854615425346,-31.1964709052787,65.6317111500399
2023-03-15 23:31:57,-38.5315933373706,-31.1906195144768,65.7634859997011
2023-03-15 23:31:40,-38.5627547752966,-31.279241216667,65.7890484117097
2023-03-15 23:31:23,-38.5378347503758,-31.3069402761588,65.7144829379288
2023-03-15 23:31:06,-38.5135793802042,-31.3806412453578,66.1497186804915
2023-03-15 23:30:49,-38.5472804464322,-31.1574723663685,65.7912949419616
2023-03-15 23:30:32,-38.534334808499,-31.186526541765,65.7949329550498
2023-03-15 23:30:15,-38.5661021691003,-31.03079534647,65.6478879587992
2023-03-15 23:29:58,-38.4826663853151,-30.9175031330588,66.3776791327715
2023-03-15 23:29:41,-38.4879033745587,-31.2387972070554,65.8870361463427
2023-03-15 23:29:23,-38.5099837593383,-31.1027249153908,65.6874741508997
2023-03-15 23:29:06,-38.5325346679743,-31.1988423717386,65.5156080793203
2023-03-15 23:28:49,-38.5074070849644,-30.9983028153918,66.0618718397765
2023-03-15 23:28:32,-38.5184829961479,-31.0373679603803,66.1355953204138
2023-03-15 23:28:15,-38.6357428197216,-31.0814628860181,66.3589020771227
2023-03-15 23:27:58,-38.6627793694446,-31.1313793878306,66.0229732655349
2023-03-15 23:27:41,-38.5536651873858,-31.0101624354033,65.342272328577
2023-03-15 23:27:24,-38.474067283162,-31.2227483858945,65.8557623670357
2023-03-15 23:27:07,-38.5685928831439,-31.0750134691529,66.078624812763
2023-03-15 23:26:50,-38.6705857008568,-31.1631417209847,65.8608386291579
2023-03-15 23:26:33,-38.5043898776932,-30.9487820417062,66.3897511622885
2023-03-15 23:26:16,-38.4948202092846,-31.3530066446806,66.2230068551771
2023-03-15 23:25:58,-38.7222872476396,-31.3122943839588,65.9141569140539
2023-03-15 23:25:41,-38.5711476187455,-31.0247352073391,66.1023975198581
2023-03-15 23:25:23,-38.5869298025741,-31.2629703244057,65.9211204491815
2023-03-15 23:25:06,-38.5569161211418,-31.0532006480799,65.6668629885804
2023-03-15 23:24:49,-38.5023844018651,-31.1278918868829,65.776064991984
2023-03-15 23:24:32,-38.6801897271204,-31.5381527088142,65.8648132420454
2023-03-15 23:24:15,-38.7532733915274,-31.3220798174786,65.8613130617876
2023-03-15 23:23:58,-38.7308997287387,-31.3211760108735,65.8250020861378
2023-03-15 23:23:41,-38.674580541498,-31.3548118524473,66.204750489257
2023-03-15 23:23:24,-38.5296477344382,-31.0359154051088,66.2527966661706
2023-03-15 23:23:06,-38.605369330584,-31.1867166376014,65.7885222573834
2023-03-15 23:22:49,-38.5728012865569,-31.2052086366806,66.1347734250151
2023-03-15 23:22:32,-38.5775484119352,-31.5708356332945,66.3835624826362
2023-03-15 23:22:15,-38.5426020281607,-31.1993963804445,66.0287871505155
2023-03-15 23:21:58,-38.4957114186385,-31.805893554169,65.9508970508266
2023-03-15 23:21:41,-38.1999201755691,-30.8626149889998,66.8834537186777
2023-03-15 23:21:24,-38.4874265807069,-32.0859876926041,66.1020396623253
2023-03-15 23:21:06,-38.4103175641188,-31.1961416002351,65.7424715399243
2023-03-15 23:20:50,-38.3658440436999,-31.2833831155728,66.5805781999053
2023-03-15 23:20:33,-38.5801918690951,-30.9118720452749,66.2970224370278
2023-03-15 23:20:16,-38.4378554114498,-31.0089096292622,65.8139598187527
2023-03-15 23:19:59,-38.3830046724433,-31.1970822458917,66.1905947928369
2023-03-15 23:19:42,-38.2639301336004,-30.9868099106724,65.442085340749
2023-03-15 23:19:24,-38.4455956342735,-30.9966799406548,66.8471007247241
2023-03-15 23:19:07,-38.3182231735547,-30.6005924680396,66.0986058769417
2023-03-15 23:18:50,-38.5904152332686,-31.2645931909143,66.0930582868682
2023-03-15 23:18:33,-38.5346486867363,-31.2310435316981,65.4123793115635
2023-03-15 23:18:14,-38.2034299331554,-31.0655761936737,66.1033831405395
2023-03-15 23:17:55,-38.5436717209583,-30.9633856442034,65.9855621722525
2023-03-15 23:17:36,-38.5213744686978,-31.2862446724169,65.5340427641218
2023-03-15 23:17:19,-38.4023687360923,-30.9542437710873,65.9380706923826
2023-03-15 23:17:01,-38.4910673877755,-31.3937870075808,66.8902282402124
2023-03-15 23:16:44,-38.3289527394316,-30.9466771736755,65.9439539337658
2023-03-15 23:16:27,-38.6770350515532,-31.8421051379005,66.0054226455259
2023-03-15 23:16:10,-38.8337012181242,-31.6559875073016,67.1774564345969
2023-03-15 23:15:53,-38.4554690163923,-31.1601850474643,65.8195165883658
2023-03-15 23:15:36,-38.8133760060769,-31.661206581991,65.6858623998689
2023-03-15 23:15:19,-38.3007830866221,-31.1666887043325,65.671909805313
2023-03-15 23:15:02,-38.6948507318245,-31.4006749758255,65.869676665462
2023-03-15 23:14:45,-38.5318133498894,-31.6642933195391,66.2109953534658
2023-03-15 23:14:28,-38.4985391920527,-31.5117774605437,65.8327593674267
2023-03-15 23:14:11,-38.6027040452613,-31.6704834012492,65.5370523131915
2023-03-15 23:13:54,-38.5026108500391,-31.3218220387339,65.9434564031842
2023-03-15 23:13:37,-38.9618999841908,-31.7414585429528,65.7728045514873
2023-03-15 23:13:20,-38.6422399944459,-31.2397225718162,65.8480901404999
2023-03-15 23:13:02,-38.5997615244106,-31.8811343306004,67.169209526413
2023-03-15 23:12:44,-38.6939433758773,-32.422543001697,65.7640097954149
2023-03-15 23:12:27,-38.6934973111068,-32.3639546606563,65.763271864933
2023-03-15 23:12:10,-38.5830613109905,-31.5983964172723,65.5933481208927
2023-03-15 23:11:53,-38.7937271102158,-31.5304225243911,66.4752503230995
2023-03-15 23:11:36,-38.9486318786934,-31.9512735166215,65.6005858840009
2023-03-15 23:11:19,-38.6141493806886,-31.7359132764565,65.6352586419982
2023-03-15 23:11:02,-38.6181541562052,-31.9531053769484,66.3852884817653
2023-03-15 23:10:45,-38.6874711511581,-32.0704708923544,65.3359362787295
2023-03-15 23:10:28,-38.5367925038272,-32.8558297283556,66.1283990983984
2023-03-15 23:10:12,-38.5987587780819,-31.9118829290611,65.8000048250632
2023-03-15 23:09:55,-38.7226876255738,-32.1313289062679,65.5525092968898
2023-03-15 23:09:38,-38.6524372070971,-31.9205359854034,66.124957896164
2023-03-15 23:09:20,-38.3201408527379,-31.5506524523578,65.9594741201627
2023-03-15 23:09:03,-38.5379423058123,-30.7829317990008,66.4929760107459
2023-03-15 23:08:46,-38.9491672265857,-32.3537114483919,65.8735464850955
2023-03-15 23:08:29,-38.878660520329,-31.557747042551,66.5157078741237
2023-03-15 23:08:12,-38.6983202877791,-32.1198974918781,66.2865044754987
2023-03-15 23:07:55,-38.4456964862333,-31.7083922892063,66.2123224385571
2023-03-15 23:07:38,-39.0030578451051,-30.7485941153455,65.9476561876683
2023-03-15 23:07:21,-39.0307730610499,-31.4794173363126,66.0177122957545
2023-03-15 23:07:04,-39.4114825567622,-32.8161960571893,66.5384357839588
2023-03-15 23:06:47,-38.8320398621441,-31.8459540095116,65.7309966043938
2023-03-15 23:06:30,-39.1655027733668,-33.2196386599708,65.7251496769027
2023-03-15 23:06:13,-38.4571957445121,-30.8853884266943,65.3578741926336
2023-03-15 23:05:56,-39.2527831631683,-31.7356758434264,65.5832547924587
2023-03-15 23:05:39,-38.2574908283675,-31.398849552382,65.8781197865067
2023-03-15 23:05:22,-39.0966896730035,-32.3882929713832,66.1256262235661
2023-03-15 23:05:05,-38.5278857021814,-31.7504270041083,66.4143911004153
2023-03-15 23:04:48,-39.1417081897138,-32.7652905490666,67.0289619215684
2023-03-15 23:04:31,-38.8508778508916,-33.0270491173849,66.2578691155486
2023-03-15 23:04:13,-38.5928028151704,-31.6364950459545,66.0873344998069
2023-03-15 23:03:56,-38.9048734603156,-31.8120530517494,65.8248393381733
2023-03-15 23:03:39,-38.3156805749461,-31.5554036533545,66.608920889936
2023-03-15 23:03:22,-38.8770399010215,-32.1056863788673,66.7683594278885
2023-03-15 23:03:04,-38.9042643976197,-32.40769336168,65.8488663910884
2023-03-15 23:02:47,-38.1776329588911,-31.5094719479115,66.8568751703176
2023-03-15 23:02:29,-38.8607016963352,-31.0737484585555,65.6540927127189
2023-03-15 23:02:12,-38.6248709174581,-31.5204190416679,66.4334874991671
2023-03-15 23:01:55,-38.4718381144343,-32.0555035975425,66.6341393166609
2023-03-15 23:01:37,-38.2099683718355,-32.2461803790681,65.7585272832802
2023-03-15 23:01:20,-38.3739452151567,-32.0028258581326,65.7792189237992
2023-03-15 23:01:03,-38.9406474988389,-30.9361546582022,66.1189630767984
2023-03-15 23:00:45,-39.4863239348085,-33.7192117378019,66.5232569641848
2023-03-15 23:00:28,-39.366453419991,-31.362226571356,65.9815963258423
2023-03-15 23:00:10,-38.4744147679204,-31.8335382987808,65.7419969155874
2023-03-15 22:59:53,-38.682189685302,-31.2310651354186,66.122713574356
2023-03-15 22:59:35,-38.8293790660276,-32.7860153889955,66.6506860136183
2023-03-15 22:59:17,-38.753591479325,-34.0581390531307,65.9862823579891
2023-03-15 22:58:59,-39.0418861695108,-30.5768145730513,66.0593402660755
2023-03-15 22:58:41,-38.3403930615412,-31.7003521199897,66.1899506134195
2023-03-15 22:58:23,-38.5409651891469,-30.8541026635588,66.4089370679252
2023-03-15 22:58:06,-37.9772752335035,-29.6992696803341,66.2898399026922
2023-03-15 22:57:48,-38.2603359576298,-32.7345296814907,65.8115698275121
2023-03-15 22:57:31,-38.3587037256449,-31.9951105039925,66.8567544493423
2023-03-15 22:57:13,-37.9410907092587,-29.6225240312553,65.854311863054
2023-03-15 22:56:56,-38.3173673784849,-31.4122115827141,65.4391716749568
2023-03-15 22:56:39,-38.5022618225712,-29.0456695486944,65.6744510313085
2023-03-15 22:56:21,-38.581058129121,-29.728688225273,66.2652201802422
2023-03-15 22:56:04,-37.6246769206023,-31.2535676892323,65.5428373359831
2023-03-15 22:55:46,-38.5524152510453,-31.0348894179646,66.4173127042366
2023-03-15 22:55:28,-37.5170007980826,-29.8065947452322,66.4788342882032
2023-03-15 22:55:11,-38.8778046138743,-30.5712234271462,66.6343812813497
2023-03-15 22:54:54,-37.6742123704544,-28.7782902308035,66.3021372028961
2023-03-15 22:54:36,-38.6183640736371,-30.9805118964924,65.9956208101346
2023-03-15 22:54:18,-37.8731750531575,-28.5217918341321,66.9258290915606
2023-03-15 22:54:01,-37.5450601960026,-28.2080765195715,66.4816992615396
2023-03-15 22:53:43,-39.4387926407651,-30.7473161957647,65.8540942279503
2023-03-15 22:53:26,-38.7817104276996,-29.1111463962912,66.079600087244
2023-03-15 22:53:06,-37.6789020906798,-28.8833272814475,65.8236162152381
2023-03-15 22:52:48,-38.4305956378393,-30.4019578794437,65.7709383198158
2023-03-15 22:52:31,-38.8958597980627,-28.0058878558017,66.3950152103055
2023-03-15 22:52:13,-38.2631141994862,-29.2058382780072,66.1469640471485
2023-03-15 22:51:55,-38.2679309012443,-29.2007875480852,65.8760836579513
2023-03-15 22:51:38,-38.9259759454994,-28.4039816863377,65.8409581425124
2023-03-15 22:51:20,-38.1063456176944,-31.281476710023,66.0581385613433
2023-03-15 22:51:02,-38.0994660350971,-31.4215952110338,65.5832383048118
2023-03-15 22:50:45,-38.7914657688702,-34.0052573944383,66.4154405832485
2023-03-15 22:50:27,-38.459253608897,-29.2351353247763,65.8409884823949
2023-03-15 22:50:09,-38.6174568665288,-31.2711023066716,65.7430917342682
2023-03-15 22:49:51,-37.6686856522038,-34.1971702839686,66.6882569952313
2023-03-15 22:49:34,-38.3600950639101,-31.5554305420784,66.2249196755073
2023-03-15 22:49:15,-38.9657647682284,-31.8822275658368,66.077610446797
2023-03-15 22:48:57,-39.2699688310952,-32.3562690397489,65.8381473090717
2023-03-15 22:48:40,-37.7644403863786,-30.0353757814447,65.6719970423978
2023-03-15 22:48:22,-38.3856878050612,-32.2948461529791,65.8832634822745
2023-03-15 22:48:04,-36.6270871546813,-30.4355549904934,66.0875239441859
2023-03-15 22:47:46,-39.3036613011574,-32.3841013273678,65.8878497172254
2023-03-15 22:47:29,-38.5116815079426,-30.0967347249111,66.0696388593565
2023-03-15 22:47:11,-38.0653342760596,-33.4243970016089,66.1891159737791
2023-03-15 22:46:53,-38.0802573506432,-30.5226643824148,66.2538388046653
2023-03-15 22:46:35,-37.1491386408609,-33.4928548549561,65.9908258078754
2023-03-15 22:46:18,-38.0154004894981,-31.6351703004281,65.5487278863159
2023-03-15 22:46:00,-38.5247423710074,-31.6711561450647,65.8121140917727
2023-03-15 22:45:42,-39.516825326714,-32.6506583859421,66.6813715866247
2023-03-15 22:45:25,-36.9225658946158,-33.1140832997673,66.5942276727454
2023-03-15 22:45:06,-39.6556808018402,-33.7694917512711,66.2793613512003
2023-03-15 22:44:49,-40.035529595667,-29.7965328877065,66.3293356891443
2023-03-15 22:44:31,-37.7900720689877,-25.3169233511237,66.6812532224992
2023-03-15 22:44:14,-38.3539240723648,-26.6802949806728,66.0374786680005
2023-03-15 22:43:56,-38.3466967663168,-32.0704776733318,65.7287905064525
2023-03-15 22:43:38,-37.911529669264,-29.0970470353644,66.4235762845224
2023-03-15 22:43:20,-38.6508062019949,-31.0658669085228,65.6983730770247
2023-03-15 22:43:02,-38.7416202644749,-28.7684093895897,65.9408152587657
2023-03-15 22:42:44,-40.4565839260446,-34.9196139865921,66.8484815318507
2023-03-15 22:42:27,-38.5616364770617,-30.8831172747698,66.2685388911073
2023-03-15 22:42:09,-40.8111496204903,-30.9448257898801,66.1399552382054
2023-03-15 22:41:51,-39.1270600848902,-30.7996174494003,66.060244889693
2023-03-15 22:41:34,-41.6039625908691,-33.8547624979558,66.2050670882127
2023-03-15 22:41:16,-41.9630161801571,-27.0178028913736,65.8100129566787
2023-03-15 22:40:59,-39.8707658709951,-33.088246959359,66.6725816418096
2023-03-15 22:40:41,-40.2582017875339,-31.8297393656947,66.3526795338351
2023-03-15 22:40:24,-39.9315692467924,-32.7840771154689,65.6863970077999
2023-03-15 22:40:06,-39.3212158119076,-32.7913836689264,66.6090575993069
2023-03-15 22:39:49,-37.6037495196208,-32.2082860671499,65.8006701413566
2023-03-15 22:39:31,-42.1844923896168,-31.7049016360282,66.3539690728401
2023-03-15 22:39:14,-39.6528720737789,-30.5490139363256,65.7665796263812
2023-03-15 22:38:57,-41.3757362433946,-31.3525944328285,66.9284986589734
2023-03-15 22:38:39,-40.8043954991697,-32.1511833648453,65.72625987335
2023-03-15 22:38:21,-39.877279967089,-33.5361122948021,66.6868414214062
2023-03-15 22:38:03,-39.9516769136042,-32.1271667564016,66.1604286340647
2023-03-15 22:37:46,-40.0244354418355,-29.6700951894811,66.7359596016889
2023-03-15 22:37:28,-42.342575647038,-29.0837447740662,66.1263696137128
2023-03-15 22:37:11,-41.4769210350015,-31.1464104943682,65.9926418561392
2023-03-15 22:36:53,-38.0776014000323,-31.8458761082761,66.0014511556503
2023-03-15 22:36:35,-36.6012898811016,-30.0113975303729,66.1039096751611
2023-03-15 22:36:17,-38.9525035108131,-29.5471785949574,66.7073718239293
2023-03-15 22:36:00,-41.2931941439835,-25.0568766853427,66.4677856519504
2023-03-15 22:35:42,-39.6620121639528,-30.9314699714922,66.0833120177311
2023-03-15 22:35:24,-36.3847396109432,-29.648329165529,66.1938702024483
2023-03-15 22:35:06,-38.4038195598841,-31.7547610101973,66.1871575765122
2023-03-15 22:34:48,-41.5334111338036,-28.2360509023618,66.2672028487135
2023-03-15 22:34:30,-40.9981534861205,-29.1732613966022,65.7902463119832
2023-03-15 22:34:12,-36.8431377647111,-28.2918931442478,65.9646182105762
2023-03-15 22:33:55,-40.3408746170483,-30.7960495661417,65.9528929598116
2023-03-15 22:33:37,-38.7211965754029,-25.3237345106596,66.5875788710698
2023-03-15 22:33:18,-38.4681265415261,-27.6979042305735,66.4085365441218
2023-03-15 22:32:59,-39.4066637088652,-29.6680953173296,66.5354185013591
2023-03-15 22:32:42,-41.0238142523556,-26.5845474508361,66.3244941203314
2023-03-15 22:32:24,-36.8995182220633,-31.4116736636512,65.6651778483848
2023-03-15 22:32:06,-41.3011724526362,-29.6294300121374,66.9735794559378
2023-03-15 22:31:48,-41.2937608650295,-24.025437246267,66.3636128460187
2023-03-15 22:31:31,-40.1536759057198,-24.0476309087855,66.1405615577769
2023-03-15 22:31:12,-39.0542631617355,-27.6424631410159,66.5748686421085
2023-03-15 22:30:54,-41.3492660098203,-26.0756332441472,66.4002710840122
2023-03-15 22:30:36,-33.2914350779588,-28.7781260127056,66.9251526508399
2023-03-15 22:30:19,-39.5873917236249,-29.0630557545952,66.7519455717677
2023-03-15 22:30:01,-31.8739281866385,-36.3945956148026,67.8389685105415
2023-03-15 22:29:43,-34.4202794872947,-36.5650833789328,66.7653292790265
2023-03-15 22:29:25,-37.8885449162747,-28.7149169861005,66.2301052407897
2023-03-15 22:29:07,-39.288896059031,-28.0680262148789,66.15421921671
2023-03-15 22:28:48,-38.3914707083448,-38.3231104042096,67.0931297825178
2023-03-15 22:28:30,-38.1458094764708,-28.7526125641664,65.9987539538136
2023-03-15 22:28:12,-35.5896024240078,-27.5227179862054,66.0009413805866
2023-03-15 22:27:54,-41.3360655622774,-29.5124442395763,67.0764953697916
2023-03-15 22:27:37,-37.1085638542165,-32.9409833638085,65.9038196601653
2023-03-15 22:27:19,-34.7931150403911,-26.481191677505,66.5944175599349
2023-03-15 22:27:02,-38.6090037970272,-35.1266437061833,66.4096234035087
2023-03-15 22:26:44,-46.2480615194034,-25.7326964416071,66.6153981108966
2023-03-15 22:26:26,-51.3692969562228,-24.1177370067086,67.6336471948219
2023-03-15 22:26:09,-39.1157372297927,-25.5173477341914,66.1564006316063
2023-03-15 22:25:51,-38.2388559417534,-31.4790311447212,66.2186036467588
2023-03-15 22:25:33,-40.3664311538459,-22.9142898586284,66.8201530955426
2023-03-15 22:25:16,-48.0735855619448,-34.4111833610722,67.6333508219274
2023-03-15 22:24:58,-30.6941880258978,-33.9094902940135,68.3081053694206
2023-03-15 22:24:41,-43.7876535538012,-21.7375466557829,66.3032763746403
2023-03-15 22:24:23,-39.8333449735296,-28.1633818747889,65.9712706801914
2023-03-15 22:24:05,-47.1815329241433,-32.4914273165141,67.2586196444114
2023-03-15 22:23:47,-35.8852479800042,-22.4621991875292,67.3422709978235
2023-03-15 22:23:30,-46.107881721175,-43.3943330999093,68.3633355245194
2023-03-15 22:23:12,-48.5251031381929,-10.2958615346776,72.0512732275309
2023-03-15 22:22:54,-32.2557585282794,-34.8585398813158,67.5935827897608
2023-03-15 22:22:36,-43.7751815605802,-29.4343895140027,66.512259954173
2023-03-15 22:22:18,-36.0862728977658,-19.2053366476708,67.5943388175509
2023-03-15 22:22:00,-30.922688933214,-28.4924248007128,67.9483672099259
2023-03-15 22:21:42,-31.2090765725178,-26.667808124003,68.0341942665495
2023-03-15 22:21:22,-38.9488185736907,-19.5458062855856,66.981359601199
2023-03-15 22:21:04,-39.1226705617563,-33.1211713576979,66.4569557644509
2023-03-15 22:20:46,-34.3972051036721,-40.7075491374508,66.8739128778729
2023-03-15 22:20:29,-45.5853896570177,-24.4355664991233,67.0198930990975
2023-03-15 22:20:11,-44.1837227433441,-23.5670592743425,66.4073082748567
2023-03-15 22:19:54,-50.3408829152228,-6.36125373467573,73.6368324128311
2023-03-15 22:19:36,-46.0007430784294,-1,77.21873033488
2023-03-15 22:19:18,-38.571876981362,-34.4088595058793,65.8231901755939
2023-03-15 22:19:00,-39.2372028054869,-28.8705408193627,66.0004450400105
2023-03-15 22:18:42,-30.1783607329748,-30.9494986455589,67.7800320285146
2023-03-15 22:18:25,-28.3756943711242,-21.5215033187936,70.7431384405854
2023-03-15 22:18:06,-21.3379700251446,-46.7212986597012,76.7539065394431
2023-03-15 22:17:49,-55.8647273577022,-44.46335549765,70.7784769188468
2023-03-15 22:17:31,-46.8642325421164,-30.9621688757642,66.060679421815
2023-03-15 22:17:13,-40.5704952090948,-39.9654158873882,66.9691431135515
2023-03-15 22:16:55,-39.194015150224,-57.6102119122122,70.0959042316226
2023-03-15 22:16:35,-35.7582940911068,-33.320839029269,65.9095355461818
2023-03-15 22:16:16,-31.1437667174867,-42.3035161254368,68.7244267948128
2023-03-15 22:15:56,-45.3053744290766,-43.8366647227216,68.7913560805539
2023-03-15 22:15:37,-31.437009707168,-67.6736102672997,74.5680345140795
2023-03-15 22:15:08,-68.2773398011465,-56.3594378147286,77.2419109366145
2023-03-15 22:14:39,-41.7409126661412,-58.2267075596589,71.8683134062588
2023-03-15 22:14:18,-21.5244982614646,-57.4388947270529,77.6714052104252
2023-03-15 22:14:00,-1,-61.0178324452405,200.017883473886
2023-03-15 22:13:41,-62.8601386623818,-60.771236233183,76.7805971241012
2023-03-15 22:13:20,-17.6909277649009,-65.7376459503401,86.9584685714206
2023-03-15 22:12:56,-35.9378497554839,-77.2373602321753,77.0361322019558
2023-03-15 22:12:31,-33.2315497880269,-50.6408205098639,68.7477705381881
2023-03-15 22:12:12,-3.51328979592744,-80,169.751132097797
2023-03-15 22:11:51,-18.09592576031,-52.5828948647482,84.8727200151422
2023-03-15 22:11:27,-15.6168371898145,-65.9595205483284,93.2525672699209
2023-03-15 22:11:08,-12.5295109744454,-58.992964108342,104.665534039594
2023-03-15 22:10:48,-13.3020018168534,-44.7411810847041,100.300605451143
2023-03-15 22:10:24,-5.27692000333788,-80,152.777298497195
2023-03-15 22:10:06,-34.1290496000734,-51.5063593900312,68.5229323362636
2023-03-15 22:09:46,-80,-24.7064989964692,73.8562050390662
2023-03-15 22:09:22,-80,-68.394167460693,84.9982926458262
2023-03-15 22:08:58,-80,-68.1006505569252,85.4888502738118
2023-03-15 22:08:28,-33.3782111388334,-46.5057075899397,68.5439813183508
2023-03-15 22:08:08,-46.9806943905827,-58.0650933350004,73.6144913734603
2023-03-15 22:07:47,-43.3248953072879,-46.4707943619775,68.7694608665394
2023-03-15 22:07:21,-13.9706828937838,-74.6238304895895,99.3499585786614
2023-03-15 22:06:57,-14.7904932347575,-17.933166184644,98.1356539842152
2023-03-15 22:06:33,-73.1699367651998,-21.2101356098105,72.9724278007312
2023-03-15 22:06:08,-28.9089123417179,-59.6528711911489,74.220096792777
2023-03-15 22:05:42,-12.3040709587557,-65.8116447489077,105.359343280035
2023-03-15 22:05:15,-28.4493124598812,-61.346131844472,74.897070758824
2023-03-15 22:04:51,-34.3941248184341,-80,80.7930194668204
2023-03-15 22:04:30,-56.5746441387661,-16.6723998393502,71.26426341548
2023-03-15 22:04:09,-52.8380317876087,-56.638124600636,72.6561400669915
2023-03-15 22:03:49,-59.5565557352376,-40.7220498848604,71.1412243111887
2023-03-15 22:03:29,-80,-68.7121824200327,85.6137177941946
2023-03-15 22:03:10,-44.1476703937552,-49.0796928251629,68.5763036572567
