DateTime,Depth,surface_height
1/2/2014,13,13
1/3/2014,13,13
1/4/2014,13,13
1/5/2014,13,13
1/6/2014,13.1,13.1
1/7/2014,13.1,13.1
1/8/2014,13.1,13.1
1/9/2014,13.1,13.1
1/10/2014,13.1,13.1
1/11/2014,13.1,13.1
1/12/2014,13.1,13.1
1/13/2014,13.1,13.1
1/14/2014,13.1,13.1
1/15/2014,13.1,13.1
1/16/2014,13.1,13.1
1/17/2014,13.1,13.1
1/18/2014,13.1,13.1
1/19/2014,13.1,13.1
1/20/2014,13.1,13.1
1/21/2014,13.1,13.1
1/22/2014,13.1,13.1
1/23/2014,13.1,13.1
1/24/2014,13.1,13.1
1/25/2014,13.1,13.1
1/26/2014,13.1,13.1
1/27/2014,13.1,13.1
1/28/2014,13.1,13.1
1/29/2014,13.1,13.1
1/30/2014,13.1,13.1
1/31/2014,13.1,13.1
2/1/2014,13.1,13.1
2/2/2014,13.1,13.1
2/3/2014,13.1,13.1
2/4/2014,13.1,13.1
2/5/2014,13.1,13.1
2/6/2014,13.1,13.1
2/7/2014,13.1,13.1
2/8/2014,13.1,13.1
2/9/2014,13.1,13.1
2/10/2014,13.1,13.1
2/11/2014,13.1,13.1
2/12/2014,13.1,13.1
2/13/2014,13.1,13.1
2/14/2014,13.1,13.1
2/15/2014,13.1,13.1
2/16/2014,13.1,13.1
2/17/2014,13.1,13.1
2/18/2014,13.1,13.1
2/19/2014,13.1,13.1
2/20/2014,13.1,13.1
2/21/2014,13.1,13.1
2/22/2014,13.1,13.1
2/23/2014,13.1,13.1
2/24/2014,13.1,13.1
2/25/2014,13.1,13.1
2/26/2014,13.1,13.1
2/27/2014,13.1,13.1
2/28/2014,13.1,13.1
3/1/2014,13.1,13.1
3/2/2014,13.1,13.1
3/3/2014,13.1,13.1
3/4/2014,13.1,13.1
3/5/2014,13.1,13.1
3/6/2014,13.1,13.1
3/7/2014,13.1,13.1
3/8/2014,13.1,13.1
3/10/2014,13.1,13.1
3/11/2014,13.1,13.1
3/12/2014,13.1,13.1
3/13/2014,13.1,13.1
3/14/2014,13.1,13.1
3/15/2014,13.1,13.1
3/16/2014,13.1,13.1
3/17/2014,13.1,13.1
3/18/2014,13.1,13.1
3/19/2014,13.1,13.1
3/20/2014,13.1,13.1
3/21/2014,13.1,13.1
3/22/2014,13.1,13.1
3/23/2014,13.1,13.1
3/24/2014,13.1,13.1
3/25/2014,13.1,13.1
3/26/2014,13.1,13.1
3/27/2014,13.1,13.1
3/28/2014,13.1,13.1
3/29/2014,13.1,13.1
3/30/2014,13.1,13.1
3/31/2014,13.1,13.1
4/1/2014,13.1,13.1
4/2/2014,13.1,13.1
4/3/2014,13.1,13.1
4/4/2014,13.1,13.1
4/5/2014,13.1,13.1
4/6/2014,13.1,13.1
4/7/2014,13.1,13.1
4/8/2014,13.1,13.1
4/9/2014,13.1,13.1
4/10/2014,13.1,13.1
4/11/2014,13.1,13.1
4/12/2014,13.1,13.1
4/13/2014,13.1,13.1
4/14/2014,13.1,13.1
4/15/2014,13.1,13.1
4/16/2014,13.1,13.1
4/17/2014,13.1,13.1
4/18/2014,13.1,13.1
4/19/2014,13.1,13.1
4/20/2014,13.1,13.1
4/21/2014,13.1,13.1
4/22/2014,13.1,13.1
4/23/2014,13.1,13.1
4/24/2014,13.1,13.1
4/25/2014,13.1,13.1
4/26/2014,13.1,13.1
4/27/2014,13.1,13.1
4/28/2014,13.1,13.1
4/29/2014,13.1,13.1
4/30/2014,13.1,13.1
5/1/2014,13.1,13.1
5/2/2014,13.1,13.1
5/3/2014,13.1,13.1
5/4/2014,13,13
5/5/2014,13,13
5/6/2014,13,13
5/7/2014,13,13
5/8/2014,13,13
5/9/2014,13,13
5/10/2014,12.9,12.9
5/11/2014,12.9,12.9
5/12/2014,12.9,12.9
5/13/2014,12.9,12.9
5/14/2014,12.9,12.9
5/15/2014,12.9,12.9
5/16/2014,12.9,12.9
5/17/2014,12.9,12.9
5/18/2014,12.9,12.9
5/19/2014,12.9,12.9
5/20/2014,12.9,12.9
5/21/2014,12.9,12.9
5/22/2014,12.9,12.9
5/23/2014,12.9,12.9
5/24/2014,12.9,12.9
5/25/2014,12.9,12.9
5/26/2014,12.9,12.9
5/27/2014,12.9,12.9
5/28/2014,12.8,12.8
5/29/2014,12.8,12.8
5/30/2014,12.7,12.7
5/31/2014,12.7,12.7
6/1/2014,12.6,12.6
6/2/2014,12.6,12.6
6/3/2014,12.6,12.6
6/4/2014,12.6,12.6
6/5/2014,12.6,12.6
6/6/2014,12.6,12.6
6/7/2014,12.6,12.6
6/8/2014,12.5,12.5
6/9/2014,12.5,12.5
6/10/2014,12.5,12.5
6/11/2014,12.5,12.5
6/12/2014,12.6,12.6
6/13/2014,12.6,12.6
6/14/2014,12.6,12.6
6/15/2014,12.6,12.6
6/16/2014,12.5,12.5
6/17/2014,12.5,12.5
6/18/2014,12.5,12.5
6/19/2014,12.5,12.5
6/20/2014,12.4,12.4
6/21/2014,12.4,12.4
6/22/2014,12.4,12.4
6/23/2014,12.3,12.3
6/24/2014,12.3,12.3
6/25/2014,12.3,12.3
6/26/2014,12.2,12.2
6/27/2014,12.2,12.2
6/28/2014,12.2,12.2
6/29/2014,12.2,12.2
6/30/2014,12.1,12.1
7/1/2014,12.1,12.1
7/2/2014,12.1,12.1
7/3/2014,12.1,12.1
7/4/2014,12.1,12.1
7/5/2014,12.1,12.1
7/6/2014,12,12
7/7/2014,12,12
7/8/2014,12,12
7/9/2014,12,12
7/10/2014,12,12
7/11/2014,11.9,11.9
7/12/2014,11.9,11.9
7/13/2014,11.9,11.9
7/14/2014,11.9,11.9
7/15/2014,11.9,11.9
7/16/2014,11.8,11.8
7/17/2014,11.8,11.8
7/18/2014,11.8,11.8
7/19/2014,11.8,11.8
7/20/2014,11.7,11.7
7/21/2014,11.7,11.7
7/22/2014,11.7,11.7
7/23/2014,11.7,11.7
7/24/2014,11.7,11.7
7/25/2014,11.7,11.7
7/26/2014,11.6,11.6
7/27/2014,11.6,11.6
7/28/2014,11.6,11.6
7/29/2014,11.6,11.6
7/30/2014,11.6,11.6
7/31/2014,11.6,11.6
8/1/2014,11.5,11.5
8/2/2014,11.5,11.5
8/3/2014,11.5,11.5
8/4/2014,11.4,11.4
8/5/2014,11.4,11.4
8/6/2014,11.4,11.4
8/7/2014,11.4,11.4
8/8/2014,11.4,11.4
8/9/2014,11.4,11.4
8/10/2014,11.4,11.4
8/11/2014,11.4,11.4
8/12/2014,11.4,11.4
8/13/2014,11.4,11.4
8/14/2014,11.4,11.4
8/15/2014,11.4,11.4
8/16/2014,11.4,11.4
8/17/2014,11.4,11.4
8/18/2014,11.4,11.4
8/19/2014,11.3,11.3
8/20/2014,11.3,11.3
8/21/2014,11.3,11.3
8/22/2014,11.3,11.3
8/23/2014,11.3,11.3
8/24/2014,11.3,11.3
8/25/2014,11.3,11.3
8/26/2014,11.3,11.3
8/27/2014,11.3,11.3
8/28/2014,11.3,11.3
8/29/2014,11.3,11.3
8/30/2014,11.3,11.3
8/31/2014,11.3,11.3
9/1/2014,11.3,11.3
9/2/2014,11.3,11.3
9/3/2014,11.3,11.3
9/4/2014,11.3,11.3
9/5/2014,11.3,11.3
9/6/2014,11.3,11.3
9/7/2014,11.3,11.3
9/8/2014,11.3,11.3
9/9/2014,11.3,11.3
9/10/2014,11.2,11.2
9/11/2014,11.2,11.2
9/12/2014,11.2,11.2
9/13/2014,11.2,11.2
9/14/2014,11.2,11.2
9/15/2014,11.2,11.2
9/16/2014,11.2,11.2
9/17/2014,11.2,11.2
9/18/2014,11.2,11.2
9/19/2014,11.2,11.2
9/20/2014,11.2,11.2
9/21/2014,11.2,11.2
9/22/2014,11.2,11.2
9/23/2014,11.2,11.2
9/24/2014,11.2,11.2
9/25/2014,11.2,11.2
9/26/2014,11.2,11.2
9/27/2014,11.2,11.2
9/28/2014,11.2,11.2
9/29/2014,11.2,11.2
9/30/2014,11.2,11.2
10/1/2014,11.2,11.2
10/2/2014,11.2,11.2
10/3/2014,11.2,11.2
10/4/2014,11.2,11.2
10/5/2014,11.2,11.2
10/6/2014,11.2,11.2
10/7/2014,11.2,11.2
10/8/2014,11.2,11.2
10/9/2014,11.2,11.2
10/10/2014,11.2,11.2
10/11/2014,11.2,11.2
10/12/2014,11.2,11.2
10/13/2014,11.2,11.2
10/14/2014,11.2,11.2
10/15/2014,11.2,11.2
10/16/2014,11.2,11.2
10/17/2014,11.2,11.2
10/18/2014,11.2,11.2
10/19/2014,11.2,11.2
10/20/2014,11.2,11.2
10/21/2014,11.2,11.2
10/22/2014,11.2,11.2
10/23/2014,11.2,11.2
10/24/2014,11.2,11.2
10/25/2014,11.2,11.2
10/26/2014,11.2,11.2
10/27/2014,11.2,11.2
10/28/2014,11.2,11.2
10/29/2014,11.2,11.2
10/30/2014,11.2,11.2
10/31/2014,11.2,11.2
11/1/2014,11.2,11.2
11/2/2014,11.2,11.2
11/2/2014,11.2,11.2
11/3/2014,11.2,11.2
11/4/2014,11.2,11.2
11/5/2014,11.2,11.2
11/6/2014,11.2,11.2
11/7/2014,11.2,11.2
11/8/2014,11.2,11.2
11/9/2014,11.1,11.1
11/10/2014,11.1,11.1
11/11/2014,11.1,11.1
11/12/2014,11.1,11.1
11/13/2014,11.1,11.1
11/14/2014,11.1,11.1
11/15/2014,11.1,11.1
11/16/2014,11.1,11.1
11/17/2014,11.1,11.1
11/18/2014,11.1,11.1
11/19/2014,11.1,11.1
11/20/2014,11.1,11.1
11/21/2014,11.1,11.1
11/22/2014,11.1,11.1
11/23/2014,11.1,11.1
11/24/2014,11.1,11.1
11/25/2014,11.1,11.1
11/26/2014,11.1,11.1
11/27/2014,11.1,11.1
11/28/2014,11.1,11.1
11/29/2014,11.2,11.2
11/30/2014,11.2,11.2
12/1/2014,11.2,11.2
12/2/2014,11.2,11.2
12/3/2014,11.2,11.2
12/4/2014,11.2,11.2
12/5/2014,11.2,11.2
12/6/2014,11.2,11.2
12/7/2014,11.2,11.2
12/8/2014,11.2,11.2
12/9/2014,11.2,11.2
12/10/2014,11.2,11.2
12/11/2014,11.2,11.2
12/12/2014,11.1,11.1
12/13/2014,11.1,11.1
12/14/2014,11.1,11.1
12/15/2014,11.1,11.1
12/16/2014,11.1,11.1
12/17/2014,11.1,11.1
12/18/2014,11.1,11.1
12/19/2014,11.1,11.1
12/20/2014,11.1,11.1
12/21/2014,11.1,11.1
12/22/2014,11.1,11.1
12/23/2014,11.1,11.1
12/24/2014,11.1,11.1
12/25/2014,11.1,11.1
12/26/2014,11.1,11.1
12/27/2014,11.1,11.1
12/28/2014,11.1,11.1
12/29/2014,11.1,11.1
12/30/2014,11.1,11.1
12/31/2014,11.1,11.1
1/1/2015,11.1,11.1
1/2/2015,11.1,11.1
1/3/2015,11.1,11.1
1/4/2015,11.1,11.1
1/5/2015,11.1,11.1
1/6/2015,11.1,11.1
1/7/2015,11.1,11.1
1/8/2015,11.1,11.1
1/9/2015,11.1,11.1
1/10/2015,11.1,11.1
1/11/2015,11.1,11.1
1/12/2015,11.1,11.1
1/13/2015,11.1,11.1
1/14/2015,11.1,11.1
1/15/2015,11.1,11.1
1/16/2015,11.1,11.1
1/17/2015,11.1,11.1
1/18/2015,11.1,11.1
1/19/2015,11.1,11.1
1/20/2015,11.1,11.1
1/21/2015,11.1,11.1
1/22/2015,11.1,11.1
1/23/2015,11.1,11.1
1/24/2015,11.1,11.1
1/25/2015,11.1,11.1
1/26/2015,11.1,11.1
1/27/2015,11.1,11.1
1/28/2015,11.1,11.1
1/29/2015,11.1,11.1
1/30/2015,11.1,11.1
1/31/2015,11.1,11.1
2/1/2015,11.1,11.1
2/2/2015,11.1,11.1
2/3/2015,11.1,11.1
2/4/2015,11.1,11.1
2/5/2015,11.1,11.1
2/6/2015,11.1,11.1
2/7/2015,11.1,11.1
2/8/2015,11.1,11.1
2/9/2015,11.1,11.1
2/10/2015,11.1,11.1
2/11/2015,11.1,11.1
2/12/2015,11.1,11.1
2/13/2015,11.1,11.1
2/14/2015,11.1,11.1
2/15/2015,11.1,11.1
2/16/2015,11.1,11.1
2/17/2015,11.1,11.1
2/18/2015,11.2,11.2
2/19/2015,11.2,11.2
2/20/2015,11.2,11.2
2/21/2015,11.2,11.2
2/22/2015,11.2,11.2
2/23/2015,11.2,11.2
2/24/2015,11.2,11.2
2/25/2015,11.2,11.2
2/26/2015,11.2,11.2
2/27/2015,11.2,11.2
2/28/2015,11.2,11.2
3/1/2015,11.2,11.2
3/2/2015,11.2,11.2
3/3/2015,11.3,11.3
3/4/2015,11.3,11.3
3/5/2015,11.3,11.3
3/6/2015,11.3,11.3
3/7/2015,11.3,11.3
3/9/2015,11.3,11.3
3/10/2015,11.3,11.3
3/11/2015,11.3,11.3
3/12/2015,11.3,11.3
3/13/2015,11.3,11.3
3/14/2015,11.2,11.2
3/15/2015,11.2,11.2
3/16/2015,11.2,11.2
3/17/2015,11.2,11.2
3/18/2015,11.2,11.2
3/19/2015,11.2,11.2
3/20/2015,11.2,11.2
3/21/2015,11.2,11.2
3/22/2015,11.2,11.2
3/23/2015,11.2,11.2
3/24/2015,11.2,11.2
3/25/2015,11.2,11.2
3/26/2015,11.2,11.2
3/27/2015,11.2,11.2
3/28/2015,11.2,11.2
3/29/2015,11.2,11.2
3/30/2015,11.2,11.2
3/31/2015,11.1,11.1
4/1/2015,11.1,11.1
4/2/2015,11.1,11.1
4/3/2015,11.1,11.1
4/4/2015,11.1,11.1
4/5/2015,11.1,11.1
4/6/2015,11.2,11.2
4/7/2015,11.2,11.2
4/8/2015,11.2,11.2
4/9/2015,11.2,11.2
4/10/2015,11.2,11.2
4/11/2015,11.2,11.2
4/12/2015,11.3,11.3
4/13/2015,11.3,11.3
4/14/2015,11.3,11.3
4/15/2015,11.3,11.3
4/16/2015,11.3,11.3
4/17/2015,11.3,11.3
4/18/2015,11.4,11.4
4/19/2015,11.4,11.4
4/20/2015,11.4,11.4
4/21/2015,11.4,11.4
4/22/2015,11.4,11.4
4/23/2015,11.3,11.3
4/24/2015,11.3,11.3
4/25/2015,11.3,11.3
4/26/2015,11.3,11.3
4/27/2015,11.3,11.3
4/28/2015,11.3,11.3
4/29/2015,11.2,11.2
4/30/2015,11.2,11.2
5/1/2015,11.2,11.2
5/2/2015,11.2,11.2
5/3/2015,11.2,11.2
5/4/2015,11.2,11.2
5/5/2015,11.2,11.2
5/6/2015,11.2,11.2
5/7/2015,11.2,11.2
5/8/2015,11.2,11.2
5/9/2015,11.2,11.2
5/10/2015,11.2,11.2
5/11/2015,11.2,11.2
5/12/2015,11.2,11.2
5/13/2015,11.2,11.2
5/14/2015,11.2,11.2
5/15/2015,11.2,11.2
5/16/2015,11.2,11.2
5/17/2015,11.2,11.2
5/18/2015,11.2,11.2
5/19/2015,11.2,11.2
5/20/2015,11.2,11.2
5/21/2015,11.3,11.3
5/22/2015,11.3,11.3
5/23/2015,11.3,11.3
5/24/2015,11.3,11.3
5/25/2015,11.3,11.3
5/26/2015,11.3,11.3
5/27/2015,11.3,11.3
5/28/2015,11.3,11.3
5/29/2015,11.3,11.3
5/30/2015,11.3,11.3
5/31/2015,11.2,11.2
6/1/2015,11.2,11.2
6/2/2015,11.2,11.2
6/3/2015,11.2,11.2
6/4/2015,11.2,11.2
6/5/2015,11.2,11.2
6/6/2015,11.2,11.2
6/7/2015,11.2,11.2
6/8/2015,11.1,11.1
6/9/2015,11.1,11.1
6/10/2015,11.1,11.1
6/11/2015,11.1,11.1
6/12/2015,11.1,11.1
6/13/2015,11.1,11.1
6/14/2015,11.1,11.1
6/15/2015,11.2,11.2
6/16/2015,11.2,11.2
6/17/2015,11.2,11.2
6/18/2015,11.2,11.2
6/19/2015,11.2,11.2
6/20/2015,11.2,11.2
6/21/2015,11.1,11.1
6/22/2015,11.1,11.1
6/23/2015,11.1,11.1
6/24/2015,11.1,11.1
6/25/2015,11.1,11.1
6/26/2015,11.2,11.2
6/27/2015,11.2,11.2
6/28/2015,11.2,11.2
6/29/2015,11.2,11.2
6/30/2015,11.2,11.2
7/1/2015,11.3,11.3
7/2/2015,11.3,11.3
7/3/2015,11.3,11.3
7/4/2015,11.3,11.3
7/5/2015,11.2,11.2
7/6/2015,11.2,11.2
7/7/2015,11.2,11.2
7/8/2015,11.2,11.2
7/9/2015,11.2,11.2
7/10/2015,11.2,11.2
7/11/2015,11.2,11.2
7/12/2015,11.2,11.2
7/13/2015,11.2,11.2
7/14/2015,11.2,11.2
7/15/2015,11.3,11.3
7/16/2015,11.3,11.3
7/17/2015,11.3,11.3
7/18/2015,11.3,11.3
7/19/2015,11.3,11.3
7/20/2015,11.3,11.3
7/21/2015,11.3,11.3
7/22/2015,11.3,11.3
7/23/2015,11.3,11.3
7/24/2015,11.3,11.3
7/25/2015,11.2,11.2
7/26/2015,11.2,11.2
7/27/2015,11.2,11.2
7/28/2015,11.2,11.2
7/29/2015,11.2,11.2
7/30/2015,11.2,11.2
7/31/2015,11.2,11.2
8/1/2015,11.2,11.2
8/2/2015,11.2,11.2
8/3/2015,11.2,11.2
8/4/2015,11.2,11.2
8/5/2015,11.2,11.2
8/6/2015,11.2,11.2
8/7/2015,11.2,11.2
8/8/2015,11.2,11.2
8/9/2015,11.2,11.2
8/10/2015,11.2,11.2
8/11/2015,11.2,11.2
8/12/2015,11.2,11.2
8/13/2015,11.2,11.2
8/14/2015,11.2,11.2
8/15/2015,11.2,11.2
8/16/2015,11.1,11.1
8/17/2015,11.1,11.1
8/18/2015,11.1,11.1
8/19/2015,11.1,11.1
8/20/2015,11.1,11.1
8/21/2015,11.1,11.1
8/22/2015,11.1,11.1
8/23/2015,11.1,11.1
8/24/2015,11.1,11.1
8/25/2015,11.1,11.1
8/26/2015,11.1,11.1
8/27/2015,11.1,11.1
8/28/2015,11.1,11.1
8/29/2015,11.1,11.1
8/30/2015,11.1,11.1
8/31/2015,11.1,11.1
9/1/2015,11.1,11.1
9/2/2015,11.1,11.1
9/3/2015,11.1,11.1
9/4/2015,11.1,11.1
9/5/2015,11.1,11.1
9/6/2015,11.1,11.1
9/7/2015,11.1,11.1
9/8/2015,11.1,11.1
9/9/2015,11.1,11.1
9/10/2015,11.1,11.1
9/11/2015,11.1,11.1
9/12/2015,11.1,11.1
9/13/2015,11.1,11.1
9/14/2015,11.1,11.1
9/15/2015,11.1,11.1
9/16/2015,11.1,11.1
9/17/2015,11.2,11.2
9/18/2015,11.2,11.2
9/19/2015,11.2,11.2
9/20/2015,11.2,11.2
9/21/2015,11.2,11.2
9/22/2015,11.2,11.2
9/23/2015,11.2,11.2
9/24/2015,11.2,11.2
9/25/2015,11.2,11.2
9/26/2015,11.2,11.2
9/27/2015,11.2,11.2
9/28/2015,11.2,11.2
9/29/2015,11.3,11.3
9/30/2015,11.3,11.3
10/1/2015,11.4,11.4
10/2/2015,11.5,11.5
10/3/2015,11.5,11.5
10/4/2015,11.6,11.6
10/5/2015,11.6,11.6
10/6/2015,11.6,11.6
10/7/2015,11.6,11.6
10/8/2015,11.6,11.6
10/9/2015,11.6,11.6
10/10/2015,11.6,11.6
10/11/2015,11.5,11.5
10/12/2015,11.5,11.5
10/13/2015,11.5,11.5
10/14/2015,11.5,11.5
10/15/2015,11.4,11.4
10/16/2015,11.4,11.4
10/17/2015,11.4,11.4
10/18/2015,11.4,11.4
10/19/2015,11.4,11.4
10/20/2015,11.3,11.3
10/21/2015,11.3,11.3
10/22/2015,11.3,11.3
10/23/2015,11.3,11.3
10/24/2015,11.3,11.3
10/25/2015,11.3,11.3
10/26/2015,11.4,11.4
10/27/2015,11.4,11.4
10/28/2015,11.4,11.4
10/29/2015,11.4,11.4
10/30/2015,11.4,11.4
10/31/2015,11.4,11.4
11/1/2015,11.4,11.4
11/1/2015,11.3,11.3
11/2/2015,11.3,11.3
11/3/2015,11.3,11.3
11/4/2015,11.3,11.3
11/5/2015,11.3,11.3
11/6/2015,11.3,11.3
11/7/2015,11.2,11.2
11/8/2015,11.2,11.2
11/9/2015,11.2,11.2
11/10/2015,11.2,11.2
11/11/2015,11.2,11.2
11/12/2015,11.2,11.2
11/13/2015,11.2,11.2
11/14/2015,11.3,11.3
11/15/2015,11.3,11.3
11/16/2015,11.3,11.3
11/17/2015,11.3,11.3
11/18/2015,11.3,11.3
11/19/2015,11.3,11.3
11/20/2015,11.3,11.3
11/21/2015,11.3,11.3
11/22/2015,11.3,11.3
11/23/2015,11.3,11.3
11/24/2015,11.3,11.3
11/25/2015,11.3,11.3
11/26/2015,11.3,11.3
11/27/2015,11.3,11.3
11/28/2015,11.3,11.3
11/29/2015,11.3,11.3
11/30/2015,11.3,11.3
12/1/2015,11.3,11.3
12/2/2015,11.3,11.3
12/3/2015,11.3,11.3
12/4/2015,11.3,11.3
12/5/2015,11.3,11.3
12/6/2015,11.3,11.3
12/7/2015,11.3,11.3
12/8/2015,11.3,11.3
12/9/2015,11.3,11.3
12/10/2015,11.3,11.3
12/11/2015,11.3,11.3
12/12/2015,11.3,11.3
12/13/2015,11.3,11.3
12/14/2015,11.2,11.2
12/15/2015,11.2,11.2
12/16/2015,11.2,11.2
12/17/2015,11.2,11.2
12/18/2015,11.2,11.2
12/19/2015,11.2,11.2
12/20/2015,11.3,11.3
12/21/2015,11.3,11.3
12/22/2015,11.3,11.3
12/23/2015,11.3,11.3
12/24/2015,11.3,11.3
12/25/2015,11.3,11.3
12/26/2015,11.3,11.3
12/27/2015,11.3,11.3
12/28/2015,11.3,11.3
12/29/2015,11.3,11.3
12/30/2015,11.3,11.3
12/31/2015,11.3,11.3
1/1/2016,11.3,11.3
1/2/2016,11.3,11.3
1/3/2016,11.3,11.3
1/4/2016,11.3,11.3
1/5/2016,11.3,11.3
1/6/2016,11.3,11.3
1/7/2016,11.3,11.3
1/8/2016,11.3,11.3
1/9/2016,11.3,11.3
1/10/2016,11.3,11.3
1/11/2016,11.3,11.3
1/12/2016,11.3,11.3
1/13/2016,11.3,11.3
1/14/2016,11.2,11.2
1/15/2016,11.2,11.2
1/16/2016,11.2,11.2
1/17/2016,11.2,11.2
1/18/2016,11.2,11.2
1/19/2016,11.2,11.2
1/20/2016,11.2,11.2
1/21/2016,11.2,11.2
1/22/2016,11.2,11.2
1/23/2016,11.2,11.2
1/24/2016,11.2,11.2
1/25/2016,11.2,11.2
1/26/2016,11.2,11.2
1/27/2016,11.2,11.2
1/28/2016,11.3,11.3
1/29/2016,11.3,11.3
1/30/2016,11.3,11.3
1/31/2016,11.3,11.3
2/1/2016,11.3,11.3
2/2/2016,11.3,11.3
2/3/2016,11.3,11.3
2/4/2016,11.3,11.3
2/5/2016,11.3,11.3
2/6/2016,11.3,11.3
2/7/2016,11.3,11.3
2/8/2016,11.3,11.3
2/9/2016,11.3,11.3
2/10/2016,11.3,11.3
2/11/2016,11.3,11.3
2/12/2016,11.3,11.3
2/13/2016,11.3,11.3
2/14/2016,11.4,11.4
2/15/2016,11.4,11.4
2/16/2016,11.4,11.4
2/17/2016,11.5,11.5
2/18/2016,11.5,11.5
2/19/2016,11.5,11.5
2/20/2016,11.6,11.6
2/21/2016,11.6,11.6
2/22/2016,11.6,11.6
2/23/2016,11.7,11.7
2/24/2016,11.7,11.7
2/25/2016,11.7,11.7
2/26/2016,11.7,11.7
2/27/2016,11.6,11.6
2/28/2016,11.6,11.6
2/29/2016,11.6,11.6
3/1/2016,11.5,11.5
3/2/2016,11.5,11.5
3/3/2016,11.5,11.5
3/4/2016,11.6,11.6
3/5/2016,11.6,11.6
3/6/2016,11.6,11.6
3/7/2016,11.7,11.7
3/8/2016,11.7,11.7
3/9/2016,11.7,11.7
3/10/2016,11.7,11.7
3/11/2016,11.7,11.7
3/12/2016,11.8,11.8
3/14/2016,11.8,11.8
3/15/2016,11.8,11.8
3/16/2016,11.8,11.8
3/17/2016,11.8,11.8
3/18/2016,11.8,11.8
3/19/2016,11.8,11.8
3/20/2016,11.8,11.8
3/21/2016,11.7,11.7
3/22/2016,11.7,11.7
3/23/2016,11.7,11.7
3/24/2016,11.7,11.7
3/25/2016,11.7,11.7
3/26/2016,11.7,11.7
3/27/2016,11.7,11.7
3/28/2016,11.6,11.6
3/29/2016,11.6,11.6
3/30/2016,11.6,11.6
3/31/2016,11.6,11.6
4/1/2016,11.6,11.6
4/2/2016,11.6,11.6
4/3/2016,11.6,11.6
4/4/2016,11.6,11.6
4/5/2016,11.6,11.6
4/6/2016,11.6,11.6
4/7/2016,11.6,11.6
4/8/2016,11.6,11.6
4/9/2016,11.6,11.6
4/10/2016,11.6,11.6
4/11/2016,11.6,11.6
4/12/2016,11.5,11.5
4/13/2016,11.5,11.5
4/14/2016,11.5,11.5
4/15/2016,11.5,11.5
4/16/2016,11.5,11.5
4/17/2016,11.5,11.5
4/18/2016,11.5,11.5
4/19/2016,11.5,11.5
4/20/2016,11.5,11.5
4/21/2016,11.4,11.4
4/22/2016,11.4,11.4
4/23/2016,11.4,11.4
4/24/2016,11.4,11.4
4/25/2016,11.4,11.4
4/26/2016,11.4,11.4
4/27/2016,11.4,11.4
4/28/2016,11.4,11.4
4/29/2016,11.4,11.4
4/30/2016,11.4,11.4
5/1/2016,11.4,11.4
5/2/2016,11.5,11.5
5/3/2016,11.5,11.5
5/4/2016,11.5,11.5
5/5/2016,11.5,11.5
5/6/2016,11.5,11.5
5/7/2016,11.5,11.5
5/8/2016,11.5,11.5
5/9/2016,11.6,11.6
5/10/2016,11.6,11.6
5/11/2016,11.6,11.6
5/12/2016,11.6,11.6
5/13/2016,11.6,11.6
5/14/2016,11.6,11.6
5/15/2016,11.6,11.6
5/16/2016,11.5,11.5
5/17/2016,11.5,11.5
5/18/2016,11.5,11.5
5/19/2016,11.5,11.5
5/20/2016,11.5,11.5
5/21/2016,11.5,11.5
5/22/2016,11.5,11.5
5/23/2016,11.4,11.4
5/24/2016,11.4,11.4
5/25/2016,11.4,11.4
5/26/2016,11.4,11.4
5/27/2016,11.4,11.4
5/28/2016,11.4,11.4
5/29/2016,11.4,11.4
5/30/2016,11.4,11.4
5/31/2016,11.4,11.4
6/1/2016,11.4,11.4
6/2/2016,11.4,11.4
6/3/2016,11.3,11.3
6/4/2016,11.3,11.3
6/5/2016,11.3,11.3
6/6/2016,11.3,11.3
6/7/2016,11.3,11.3
6/8/2016,11.3,11.3
6/9/2016,11.3,11.3
6/10/2016,11.3,11.3
6/11/2016,11.3,11.3
6/12/2016,11.3,11.3
6/13/2016,11.3,11.3
6/14/2016,11.3,11.3
6/15/2016,11.3,11.3
6/16/2016,11.3,11.3
6/17/2016,11.3,11.3
6/18/2016,11.3,11.3
6/19/2016,11.3,11.3
6/20/2016,11.3,11.3
6/21/2016,11.3,11.3
6/22/2016,11.3,11.3
6/23/2016,11.3,11.3
6/24/2016,11.3,11.3
6/25/2016,11.3,11.3
6/26/2016,11.3,11.3
6/27/2016,11.3,11.3
6/28/2016,11.3,11.3
6/29/2016,11.3,11.3
6/30/2016,11.3,11.3
7/1/2016,11.3,11.3
7/2/2016,11.3,11.3
7/3/2016,11.3,11.3
7/4/2016,11.3,11.3
7/5/2016,11.3,11.3
7/6/2016,11.3,11.3
7/7/2016,11.3,11.3
7/8/2016,11.3,11.3
7/9/2016,11.3,11.3
7/10/2016,11.3,11.3
7/11/2016,11.3,11.3
7/12/2016,11.3,11.3
7/13/2016,11.3,11.3
7/14/2016,11.3,11.3
7/15/2016,11.3,11.3
7/16/2016,11.3,11.3
7/17/2016,11.3,11.3
7/18/2016,11.3,11.3
7/19/2016,11.2,11.2
7/20/2016,11.2,11.2
7/21/2016,11.2,11.2
7/22/2016,11.2,11.2
7/23/2016,11.2,11.2
7/24/2016,11.2,11.2
7/25/2016,11.2,11.2
7/26/2016,11.2,11.2
7/27/2016,11.2,11.2
7/28/2016,11.2,11.2
7/29/2016,11.2,11.2
7/30/2016,11.2,11.2
7/31/2016,11.2,11.2
8/1/2016,11.2,11.2
8/2/2016,11.2,11.2
8/3/2016,11.2,11.2
8/4/2016,11.3,11.3
8/5/2016,11.3,11.3
8/6/2016,11.3,11.3
8/7/2016,11.3,11.3
8/8/2016,11.3,11.3
8/9/2016,11.3,11.3
8/10/2016,11.3,11.3
8/11/2016,11.3,11.3
8/12/2016,11.3,11.3
8/13/2016,11.3,11.3
8/14/2016,11.3,11.3
8/15/2016,11.3,11.3
8/16/2016,11.3,11.3
8/17/2016,11.3,11.3
8/18/2016,11.3,11.3
8/19/2016,11.2,11.2
8/20/2016,11.2,11.2
8/21/2016,11.2,11.2
8/22/2016,11.2,11.2
8/23/2016,11.2,11.2
8/24/2016,11.2,11.2
8/25/2016,11.2,11.2
8/26/2016,11.2,11.2
8/27/2016,11.2,11.2
8/28/2016,11.2,11.2
8/29/2016,11.2,11.2
8/30/2016,11.3,11.3
8/31/2016,11.3,11.3
9/1/2016,11.3,11.3
9/2/2016,11.3,11.3
9/3/2016,11.3,11.3
9/4/2016,11.3,11.3
9/5/2016,11.3,11.3
9/6/2016,11.3,11.3
9/7/2016,11.3,11.3
9/8/2016,11.4,11.4
9/9/2016,11.4,11.4
9/10/2016,11.4,11.4
9/11/2016,11.4,11.4
9/12/2016,11.4,11.4
9/13/2016,11.4,11.4
9/14/2016,11.4,11.4
9/15/2016,11.4,11.4
9/16/2016,11.4,11.4
9/17/2016,11.5,11.5
9/18/2016,11.5,11.5
9/19/2016,11.5,11.5
9/20/2016,11.5,11.5
9/21/2016,11.5,11.5
9/22/2016,11.5,11.5
9/23/2016,11.5,11.5
9/24/2016,11.5,11.5
9/25/2016,11.5,11.5
9/26/2016,11.6,11.6
9/27/2016,11.6,11.6
9/28/2016,11.6,11.6
9/29/2016,11.6,11.6
9/30/2016,11.6,11.6
10/1/2016,11.6,11.6
10/2/2016,11.6,11.6
10/3/2016,11.6,11.6
10/4/2016,11.7,11.7
10/5/2016,11.7,11.7
10/6/2016,11.7,11.7
10/7/2016,11.8,11.8
10/8/2016,11.8,11.8
10/9/2016,11.8,11.8
10/10/2016,11.9,11.9
10/11/2016,11.9,11.9
10/12/2016,12,12
10/13/2016,12,12
10/14/2016,12,12
10/15/2016,12,12
10/16/2016,12,12
10/17/2016,12,12
10/18/2016,12,12
10/19/2016,12,12
10/20/2016,12,12
10/21/2016,12,12
10/22/2016,11.9,11.9
10/23/2016,11.9,11.9
10/24/2016,11.8,11.8
10/25/2016,11.8,11.8
10/26/2016,11.7,11.7
10/27/2016,11.7,11.7
10/28/2016,11.7,11.7
10/29/2016,11.6,11.6
10/30/2016,11.6,11.6
10/31/2016,11.6,11.6
11/1/2016,11.6,11.6
11/2/2016,11.6,11.6
11/3/2016,11.5,11.5
11/4/2016,11.5,11.5
11/5/2016,11.5,11.5
11/6/2016,11.5,11.5
11/6/2016,11.5,11.5
11/7/2016,11.4,11.4
11/8/2016,11.4,11.4
11/9/2016,11.4,11.4
11/10/2016,11.4,11.4
11/11/2016,11.4,11.4
11/12/2016,11.3,11.3
11/13/2016,11.3,11.3
11/14/2016,11.3,11.3
11/15/2016,11.2,11.2
11/16/2016,11.2,11.2
11/17/2016,11.2,11.2
11/18/2016,11.2,11.2
11/19/2016,11.2,11.2
11/20/2016,11.2,11.2
11/21/2016,11.2,11.2
11/22/2016,11.2,11.2
11/23/2016,11.2,11.2
11/24/2016,11.2,11.2
11/25/2016,11.2,11.2
11/26/2016,11.2,11.2
11/27/2016,11.2,11.2
11/28/2016,11.2,11.2
11/29/2016,11.2,11.2
11/30/2016,11.2,11.2
12/1/2016,11.2,11.2
12/2/2016,11.2,11.2
12/3/2016,11.2,11.2
12/4/2016,11.2,11.2
12/5/2016,11.2,11.2
12/6/2016,11.2,11.2
12/7/2016,11.2,11.2
12/8/2016,11.2,11.2
12/9/2016,11.2,11.2
12/10/2016,11.2,11.2
12/11/2016,11.2,11.2
12/12/2016,11.1,11.1
12/13/2016,11.1,11.1
12/14/2016,11.1,11.1
12/15/2016,11.1,11.1
12/16/2016,11.1,11.1
12/17/2016,11.1,11.1
12/18/2016,11,11
12/19/2016,11,11
12/20/2016,11,11
12/21/2016,11,11
12/22/2016,11,11
12/23/2016,11,11
12/24/2016,11,11
12/25/2016,11,11
12/26/2016,11,11
12/27/2016,11,11
12/28/2016,11,11
12/29/2016,11,11
12/30/2016,11,11
12/31/2016,11,11
1/1/2017,11,11
1/2/2017,10.9,10.9
1/3/2017,10.9,10.9
1/4/2017,10.9,10.9
1/5/2017,10.9,10.9
1/6/2017,10.9,10.9
1/7/2017,10.9,10.9
1/8/2017,10.9,10.9
1/9/2017,10.9,10.9
1/10/2017,10.9,10.9
1/11/2017,10.9,10.9
1/12/2017,10.9,10.9
1/13/2017,10.9,10.9
1/14/2017,10.9,10.9
1/15/2017,10.9,10.9
1/16/2017,10.9,10.9
1/17/2017,10.9,10.9
1/18/2017,10.9,10.9
1/19/2017,10.9,10.9
1/20/2017,10.9,10.9
1/21/2017,10.9,10.9
1/22/2017,10.9,10.9
1/23/2017,11,11
1/24/2017,11,11
1/25/2017,11,11
1/26/2017,11,11
1/27/2017,11,11
1/28/2017,11,11
1/29/2017,11,11
1/30/2017,11,11
1/31/2017,11,11
2/1/2017,11,11
2/2/2017,11,11
2/3/2017,11,11
2/4/2017,11,11
2/5/2017,11,11
2/6/2017,11,11
2/7/2017,11,11
2/8/2017,11,11
2/9/2017,11,11
2/10/2017,11,11
2/11/2017,11,11
2/12/2017,11,11
2/13/2017,11,11
2/14/2017,11,11
2/15/2017,11,11
2/16/2017,11,11
2/17/2017,11,11
2/18/2017,11,11
2/19/2017,11,11
2/20/2017,11,11
2/21/2017,11,11
2/22/2017,11,11
2/23/2017,11,11
2/24/2017,11,11
2/25/2017,11,11
2/26/2017,11,11
2/27/2017,11,11
2/28/2017,11,11
3/1/2017,11,11
3/2/2017,11,11
3/3/2017,11,11
3/4/2017,11,11
3/5/2017,11,11
3/6/2017,11,11
3/7/2017,11,11
3/8/2017,11,11
3/9/2017,11,11
3/10/2017,11,11
3/11/2017,11,11
3/13/2017,11,11
3/14/2017,10.9,10.9
3/15/2017,10.9,10.9
3/16/2017,10.9,10.9
3/17/2017,10.9,10.9
3/18/2017,10.9,10.9
3/19/2017,10.9,10.9
3/20/2017,10.9,10.9
3/21/2017,10.9,10.9
3/22/2017,10.9,10.9
3/23/2017,10.9,10.9
3/24/2017,10.9,10.9
3/25/2017,10.9,10.9
3/26/2017,10.9,10.9
3/27/2017,10.9,10.9
3/28/2017,10.9,10.9
3/29/2017,10.9,10.9
3/30/2017,10.9,10.9
3/31/2017,10.9,10.9
4/1/2017,10.9,10.9
4/2/2017,10.9,10.9
4/3/2017,10.9,10.9
4/4/2017,10.9,10.9
4/5/2017,10.9,10.9
4/6/2017,10.9,10.9
4/7/2017,10.9,10.9
4/8/2017,10.9,10.9
4/9/2017,10.9,10.9
4/10/2017,10.9,10.9
4/11/2017,10.9,10.9
4/12/2017,10.9,10.9
4/13/2017,10.9,10.9
4/14/2017,10.9,10.9
4/15/2017,10.9,10.9
4/16/2017,10.9,10.9
4/17/2017,10.8,10.8
4/18/2017,10.8,10.8
4/19/2017,10.8,10.8
4/20/2017,10.9,10.9
4/21/2017,10.9,10.9
4/22/2017,10.9,10.9
4/23/2017,11,11
4/24/2017,11.1,11.1
4/25/2017,11.1,11.1
4/26/2017,11.1,11.1
4/27/2017,11.2,11.2
4/28/2017,11.2,11.2
4/29/2017,11.2,11.2
4/30/2017,11.2,11.2
5/1/2017,11.2,11.2
5/2/2017,11.2,11.2
5/3/2017,11.2,11.2
5/4/2017,11.2,11.2
5/5/2017,11.2,11.2
5/6/2017,11.2,11.2
5/7/2017,11.2,11.2
5/8/2017,11.2,11.2
5/9/2017,11.2,11.2
5/10/2017,11.2,11.2
5/11/2017,11.2,11.2
5/12/2017,11.2,11.2
5/13/2017,11.2,11.2
5/14/2017,11.2,11.2
5/15/2017,11.2,11.2
5/16/2017,11.2,11.2
5/17/2017,11.2,11.2
5/18/2017,11.2,11.2
5/19/2017,11.2,11.2
5/20/2017,11.2,11.2
5/21/2017,11.2,11.2
5/22/2017,11.2,11.2
5/23/2017,11.2,11.2
5/24/2017,11.2,11.2
5/25/2017,11.2,11.2
5/26/2017,11.2,11.2
5/27/2017,11.2,11.2
5/28/2017,11.2,11.2
5/29/2017,11.2,11.2
5/30/2017,11.2,11.2
5/31/2017,11.2,11.2
6/1/2017,11.2,11.2
6/2/2017,11.2,11.2
6/3/2017,11.2,11.2
6/4/2017,11.2,11.2
6/5/2017,11.2,11.2
6/6/2017,11.2,11.2
6/7/2017,11.2,11.2
6/8/2017,11.2,11.2
6/9/2017,11.2,11.2
6/10/2017,11.2,11.2
6/11/2017,11.2,11.2
6/12/2017,11.2,11.2
6/13/2017,11.2,11.2
6/14/2017,11.2,11.2
6/15/2017,11.2,11.2
6/16/2017,11.2,11.2
6/17/2017,11.2,11.2
6/18/2017,11.2,11.2
6/19/2017,11.2,11.2
6/20/2017,11.1,11.1
6/21/2017,11.1,11.1
6/22/2017,11.1,11.1
6/23/2017,11.1,11.1
6/24/2017,11.1,11.1
6/25/2017,11,11
6/26/2017,11,11
6/27/2017,11,11
6/28/2017,10.9,10.9
6/29/2017,10.9,10.9
6/30/2017,10.8,10.8
7/1/2017,10.8,10.8
7/2/2017,10.8,10.8
7/3/2017,10.7,10.7
7/4/2017,10.7,10.7
7/5/2017,10.6,10.6
7/6/2017,10.6,10.6
7/7/2017,10.5,10.5
7/8/2017,10.4,10.4
7/9/2017,10.4,10.4
7/10/2017,10.3,10.3
7/11/2017,10.2,10.2
7/12/2017,10.1,10.1
7/13/2017,10.1,10.1
7/14/2017,10,10
7/15/2017,10,10
7/16/2017,9.9,9.9
7/17/2017,9.9,9.9
7/18/2017,9.8,9.8
7/19/2017,9.8,9.8
7/20/2017,9.8,9.8
7/21/2017,9.8,9.8
7/22/2017,9.8,9.8
7/23/2017,9.8,9.8
7/24/2017,9.7,9.7
7/25/2017,9.7,9.7
7/26/2017,9.7,9.7
7/27/2017,9.7,9.7
7/28/2017,9.7,9.7
7/29/2017,9.7,9.7
7/30/2017,9.7,9.7
7/31/2017,9.7,9.7
8/1/2017,9.8,9.8
8/2/2017,9.8,9.8
8/3/2017,9.8,9.8
8/4/2017,9.8,9.8
8/5/2017,9.8,9.8
8/6/2017,9.8,9.8
8/7/2017,9.9,9.9
8/8/2017,9.9,9.9
8/9/2017,9.9,9.9
8/10/2017,9.9,9.9
8/11/2017,9.9,9.9
8/12/2017,9.9,9.9
8/13/2017,9.9,9.9
8/14/2017,9.9,9.9
8/15/2017,9.9,9.9
8/16/2017,9.9,9.9
8/17/2017,9.9,9.9
8/18/2017,9.9,9.9
8/19/2017,9.9,9.9
8/20/2017,9.9,9.9
8/21/2017,9.9,9.9
8/22/2017,10,10
8/23/2017,10,10
8/24/2017,10,10
8/25/2017,10,10
8/26/2017,10,10
8/27/2017,10,10
8/28/2017,10,10
8/29/2017,10,10
8/30/2017,10,10
8/31/2017,10,10
9/1/2017,10,10
9/2/2017,10,10
9/3/2017,10,10
9/4/2017,10,10
9/5/2017,10,10
9/6/2017,10,10
9/7/2017,10,10
9/8/2017,10,10
9/9/2017,10,10
9/10/2017,10,10
9/11/2017,10,10
9/12/2017,10,10
9/13/2017,10,10
9/14/2017,10,10
9/15/2017,10,10
9/16/2017,10,10
9/17/2017,10,10
9/18/2017,10.1,10.1
9/19/2017,10.1,10.1
9/20/2017,10.1,10.1
9/21/2017,10.1,10.1
9/22/2017,10.1,10.1
9/23/2017,10.1,10.1
9/24/2017,10.1,10.1
9/25/2017,10.1,10.1
9/26/2017,10.1,10.1
9/27/2017,10.1,10.1
9/28/2017,10.1,10.1
9/29/2017,10.1,10.1
9/30/2017,10.1,10.1
10/1/2017,10.1,10.1
10/2/2017,10.1,10.1
10/3/2017,10.1,10.1
10/4/2017,10.1,10.1
10/5/2017,10.1,10.1
10/6/2017,10.1,10.1
10/7/2017,10.1,10.1
10/8/2017,10.1,10.1
10/9/2017,10.1,10.1
10/10/2017,10.2,10.2
10/11/2017,10.2,10.2
10/12/2017,10.2,10.2
10/13/2017,10.2,10.2
10/14/2017,10.2,10.2
10/15/2017,10.2,10.2
10/16/2017,10.2,10.2
10/17/2017,10.2,10.2
10/18/2017,10.2,10.2
10/19/2017,10.2,10.2
10/20/2017,10.2,10.2
10/21/2017,10.2,10.2
10/22/2017,10.2,10.2
10/23/2017,10.2,10.2
10/24/2017,10.3,10.3
10/25/2017,10.3,10.3
10/26/2017,10.3,10.3
10/27/2017,10.3,10.3
10/28/2017,10.3,10.3
10/29/2017,10.3,10.3
10/30/2017,10.3,10.3
10/31/2017,10.3,10.3
11/1/2017,10.3,10.3
11/2/2017,10.3,10.3
11/3/2017,10.3,10.3
11/4/2017,10.3,10.3
11/5/2017,10.3,10.3
11/5/2017,10.3,10.3
11/6/2017,10.3,10.3
11/7/2017,10.3,10.3
11/8/2017,10.3,10.3
11/9/2017,10.3,10.3
11/10/2017,10.3,10.3
11/11/2017,10.3,10.3
11/12/2017,10.3,10.3
11/13/2017,10.3,10.3
11/14/2017,10.3,10.3
11/15/2017,10.3,10.3
11/16/2017,10.3,10.3
11/17/2017,10.3,10.3
11/18/2017,10.3,10.3
11/19/2017,10.3,10.3
11/20/2017,10.3,10.3
11/21/2017,10.3,10.3
11/22/2017,10.3,10.3
11/23/2017,10.4,10.4
11/24/2017,10.4,10.4
11/25/2017,10.4,10.4
11/26/2017,10.4,10.4
11/27/2017,10.4,10.4
11/28/2017,10.4,10.4
11/29/2017,10.4,10.4
11/30/2017,10.4,10.4
12/1/2017,10.4,10.4
12/2/2017,10.4,10.4
12/3/2017,10.4,10.4
12/4/2017,10.4,10.4
12/5/2017,10.4,10.4
12/6/2017,10.4,10.4
12/7/2017,10.4,10.4
12/8/2017,10.4,10.4
12/9/2017,10.4,10.4
12/10/2017,10.4,10.4
12/11/2017,10.4,10.4
12/12/2017,10.4,10.4
12/13/2017,10.4,10.4
12/14/2017,10.4,10.4
12/15/2017,10.4,10.4
12/16/2017,10.4,10.4
12/17/2017,10.4,10.4
12/18/2017,10.4,10.4
12/19/2017,10.4,10.4
12/20/2017,10.4,10.4
12/21/2017,10.4,10.4
12/22/2017,10.4,10.4
12/23/2017,10.4,10.4
12/24/2017,10.4,10.4
12/25/2017,10.4,10.4
12/26/2017,10.4,10.4
12/27/2017,10.4,10.4
12/28/2017,10.4,10.4
12/29/2017,10.4,10.4
12/30/2017,10.4,10.4
12/31/2017,10.4,10.4
1/1/2018,10.4,10.4
1/2/2018,10.4,10.4
1/3/2018,10.4,10.4
1/4/2018,10.4,10.4
1/5/2018,10.4,10.4
1/6/2018,10.4,10.4
1/7/2018,10.4,10.4
1/8/2018,10.4,10.4
1/9/2018,10.4,10.4
1/10/2018,10.5,10.5
1/11/2018,10.5,10.5
1/12/2018,10.5,10.5
1/13/2018,10.5,10.5
1/14/2018,10.5,10.5
1/15/2018,10.5,10.5
1/16/2018,10.5,10.5
1/17/2018,10.5,10.5
1/18/2018,10.5,10.5
1/19/2018,10.5,10.5
1/20/2018,10.6,10.6
1/21/2018,10.6,10.6
1/22/2018,10.6,10.6
1/23/2018,10.6,10.6
1/24/2018,10.6,10.6
1/25/2018,10.6,10.6
1/26/2018,10.6,10.6
1/27/2018,10.6,10.6
1/28/2018,10.6,10.6
1/29/2018,10.6,10.6
1/30/2018,10.6,10.6
1/31/2018,10.6,10.6
2/1/2018,10.6,10.6
2/2/2018,10.6,10.6
2/3/2018,10.6,10.6
2/4/2018,10.6,10.6
2/5/2018,10.6,10.6
2/6/2018,10.6,10.6
2/7/2018,10.6,10.6
2/8/2018,10.6,10.6
2/9/2018,10.6,10.6
2/10/2018,10.6,10.6
2/11/2018,10.6,10.6
2/12/2018,10.6,10.6
2/13/2018,10.6,10.6
2/14/2018,10.6,10.6
2/15/2018,10.6,10.6
2/16/2018,10.6,10.6
2/17/2018,10.6,10.6
2/18/2018,10.6,10.6
2/19/2018,10.6,10.6
2/20/2018,10.7,10.7
2/21/2018,10.7,10.7
2/22/2018,10.7,10.7
2/23/2018,10.7,10.7
2/24/2018,10.7,10.7
2/25/2018,10.7,10.7
2/26/2018,10.7,10.7
2/27/2018,10.8,10.8
2/28/2018,10.8,10.8
3/1/2018,10.8,10.8
3/2/2018,10.8,10.8
3/3/2018,10.9,10.9
3/4/2018,10.9,10.9
3/5/2018,10.9,10.9
3/6/2018,11,11
3/7/2018,11.1,11.1
3/8/2018,11.1,11.1
3/9/2018,11.1,11.1
3/10/2018,11.1,11.1
3/12/2018,11.1,11.1
3/13/2018,11.1,11.1
3/14/2018,11.1,11.1
3/15/2018,11.1,11.1
3/16/2018,11.1,11.1
3/17/2018,11.1,11.1
3/18/2018,11.1,11.1
3/19/2018,11.1,11.1
3/20/2018,11.2,11.2
3/21/2018,11.2,11.2
3/22/2018,11.2,11.2
3/23/2018,11.2,11.2
3/24/2018,11.2,11.2
3/25/2018,11.2,11.2
3/26/2018,11.2,11.2
3/27/2018,11.2,11.2
3/28/2018,11.2,11.2
3/29/2018,11.2,11.2
3/30/2018,11.2,11.2
3/31/2018,11.2,11.2
4/1/2018,11.2,11.2
4/2/2018,11.1,11.1
4/3/2018,11.1,11.1
4/4/2018,11.1,11.1
4/5/2018,11.1,11.1
4/6/2018,11.1,11.1
4/7/2018,11.1,11.1
4/8/2018,11.1,11.1
4/9/2018,11.1,11.1
4/10/2018,11.1,11.1
4/11/2018,11.1,11.1
4/12/2018,11.1,11.1
4/13/2018,11.1,11.1
4/14/2018,11.1,11.1
4/15/2018,11.1,11.1
4/16/2018,11.1,11.1
4/17/2018,11.1,11.1
4/18/2018,11.1,11.1
4/19/2018,11.1,11.1
4/20/2018,11.1,11.1
4/21/2018,11.1,11.1
4/22/2018,11.2,11.2
4/23/2018,11.2,11.2
4/24/2018,11.2,11.2
4/25/2018,11.3,11.3
4/26/2018,11.3,11.3
4/27/2018,11.3,11.3
4/28/2018,11.3,11.3
4/29/2018,11.3,11.3
4/30/2018,11.2,11.2
5/1/2018,11.2,11.2
5/2/2018,11.2,11.2
5/3/2018,11.2,11.2
5/4/2018,11.2,11.2
5/5/2018,11.2,11.2
5/6/2018,11.2,11.2
5/7/2018,11.2,11.2
5/8/2018,11.2,11.2
5/9/2018,11.2,11.2
5/10/2018,11.2,11.2
5/11/2018,11.2,11.2
5/12/2018,11.2,11.2
5/13/2018,11.2,11.2
5/14/2018,11.2,11.2
5/15/2018,11.2,11.2
5/16/2018,11.2,11.2
5/17/2018,11.2,11.2
5/18/2018,11.5,11.5
5/19/2018,11.6,11.6
5/20/2018,11.6,11.6
5/21/2018,11.7,11.7
5/22/2018,11.7,11.7
5/23/2018,11.8,11.8
5/24/2018,11.8,11.8
5/25/2018,11.8,11.8
5/26/2018,11.8,11.8
5/27/2018,11.8,11.8
5/28/2018,11.8,11.8
5/29/2018,11.8,11.8
5/30/2018,11.8,11.8
5/31/2018,11.8,11.8
6/1/2018,11.8,11.8
6/2/2018,11.8,11.8
6/3/2018,11.7,11.7
6/4/2018,11.7,11.7
6/5/2018,11.7,11.7
6/6/2018,11.6,11.6
6/7/2018,11.6,11.6
6/8/2018,11.6,11.6
6/9/2018,11.6,11.6
6/10/2018,11.6,11.6
6/11/2018,11.5,11.5
6/12/2018,11.5,11.5
6/13/2018,11.5,11.5
6/14/2018,11.5,11.5
6/15/2018,11.5,11.5
6/16/2018,11.5,11.5
6/17/2018,11.4,11.4
6/18/2018,11.4,11.4
6/19/2018,11.4,11.4
6/20/2018,11.3,11.3
6/21/2018,11.3,11.3
6/22/2018,11.3,11.3
6/23/2018,11.3,11.3
6/24/2018,11.3,11.3
6/25/2018,11.2,11.2
6/26/2018,11.2,11.2
6/27/2018,11.2,11.2
6/28/2018,11.2,11.2
6/29/2018,11.2,11.2
6/30/2018,11.1,11.1
7/1/2018,11.1,11.1
7/2/2018,11.1,11.1
7/3/2018,11.1,11.1
7/4/2018,11.1,11.1
7/5/2018,11.1,11.1
7/6/2018,11.1,11.1
7/7/2018,11.1,11.1
7/8/2018,11.1,11.1
7/9/2018,11,11
7/10/2018,11,11
7/11/2018,11,11
7/12/2018,11,11
7/13/2018,11,11
7/14/2018,11,11
7/15/2018,10.9,10.9
7/16/2018,10.9,10.9
7/17/2018,10.9,10.9
7/18/2018,10.9,10.9
7/19/2018,10.9,10.9
7/20/2018,10.9,10.9
7/21/2018,10.9,10.9
7/22/2018,10.9,10.9
7/23/2018,10.9,10.9
7/24/2018,10.9,10.9
7/25/2018,10.9,10.9
7/26/2018,10.9,10.9
7/27/2018,10.9,10.9
7/28/2018,10.9,10.9
7/29/2018,10.9,10.9
7/30/2018,10.9,10.9
7/31/2018,10.9,10.9
8/1/2018,10.9,10.9
8/2/2018,10.9,10.9
8/3/2018,10.9,10.9
8/4/2018,10.9,10.9
8/5/2018,10.9,10.9
8/6/2018,10.9,10.9
8/7/2018,10.9,10.9
8/8/2018,10.9,10.9
8/9/2018,10.9,10.9
8/10/2018,10.9,10.9
8/11/2018,10.9,10.9
8/12/2018,10.9,10.9
8/13/2018,10.9,10.9
8/14/2018,10.9,10.9
8/15/2018,10.9,10.9
8/16/2018,10.8,10.8
8/17/2018,10.8,10.8
8/18/2018,10.8,10.8
8/19/2018,10.8,10.8
8/20/2018,10.8,10.8
8/21/2018,10.8,10.8
8/22/2018,10.8,10.8
8/23/2018,10.8,10.8
8/24/2018,10.7,10.7
8/25/2018,10.7,10.7
8/26/2018,10.7,10.7
8/27/2018,10.7,10.7
8/28/2018,10.7,10.7
8/29/2018,10.7,10.7
8/30/2018,10.7,10.7
8/31/2018,10.7,10.7
9/1/2018,10.6,10.6
9/2/2018,10.6,10.6
9/3/2018,10.5,10.5
9/4/2018,10.5,10.5
9/5/2018,10.4,10.4
9/6/2018,10.4,10.4
9/7/2018,10.3,10.3
9/8/2018,10.3,10.3
9/9/2018,10.4,10.4
9/10/2018,10.4,10.4
9/11/2018,10.4,10.4
9/12/2018,10.5,10.5
9/13/2018,10.5,10.5
9/14/2018,10.6,10.6
9/15/2018,10.6,10.6
9/16/2018,10.7,10.7
9/17/2018,10.7,10.7
9/18/2018,10.8,10.8
9/19/2018,10.8,10.8
9/20/2018,10.9,10.9
9/21/2018,10.9,10.9
9/22/2018,10.9,10.9
9/23/2018,10.9,10.9
9/24/2018,10.9,10.9
9/25/2018,11,11
9/26/2018,11,11
9/27/2018,11,11
9/28/2018,11,11
9/29/2018,11,11
9/30/2018,11,11
10/1/2018,11,11
10/2/2018,11.1,11.1
10/3/2018,11.1,11.1
10/4/2018,11.1,11.1
10/5/2018,11.1,11.1
10/6/2018,11.1,11.1
10/7/2018,11.1,11.1
10/8/2018,11.1,11.1
10/9/2018,11.1,11.1
10/10/2018,11.1,11.1
10/11/2018,11.1,11.1
10/12/2018,11.1,11.1
10/13/2018,11.2,11.2
10/14/2018,11.2,11.2
10/15/2018,11.2,11.2
10/16/2018,11.2,11.2
10/17/2018,11.2,11.2
10/18/2018,11.2,11.2
10/19/2018,11.2,11.2
10/20/2018,11.2,11.2
10/21/2018,11.2,11.2
10/22/2018,11.2,11.2
10/23/2018,11.2,11.2
10/24/2018,11.2,11.2
10/25/2018,11.2,11.2
10/26/2018,11.2,11.2
10/27/2018,11.2,11.2
10/28/2018,11.2,11.2
10/29/2018,11.2,11.2
10/30/2018,11.2,11.2
10/31/2018,11.2,11.2
11/1/2018,11.2,11.2
11/2/2018,11.2,11.2
11/3/2018,11.3,11.3
11/4/2018,11.3,11.3
11/4/2018,11.3,11.3
11/5/2018,11.3,11.3
11/6/2018,11.3,11.3
11/7/2018,11.3,11.3
11/8/2018,11.3,11.3
11/9/2018,11.3,11.3
11/10/2018,11.3,11.3
11/11/2018,11.3,11.3
11/12/2018,11.3,11.3
11/13/2018,11.3,11.3
11/14/2018,11.3,11.3
11/15/2018,11.3,11.3
11/16/2018,11.3,11.3
11/17/2018,11.3,11.3
11/18/2018,11.3,11.3
11/19/2018,11.3,11.3
11/20/2018,11.3,11.3
11/21/2018,11.3,11.3
11/22/2018,11.3,11.3
11/23/2018,11.3,11.3
11/24/2018,11.3,11.3
11/25/2018,11.3,11.3
11/26/2018,11.3,11.3
11/27/2018,11.3,11.3
11/28/2018,11.3,11.3
11/29/2018,11.3,11.3
11/30/2018,11.3,11.3
12/1/2018,11.3,11.3
12/2/2018,11.3,11.3
12/3/2018,11.3,11.3
12/4/2018,11.3,11.3
12/5/2018,11.3,11.3
12/6/2018,11.3,11.3
12/7/2018,11.3,11.3
12/8/2018,11.3,11.3
12/9/2018,11.3,11.3
12/10/2018,11.3,11.3
12/11/2018,11.3,11.3
12/12/2018,11.3,11.3
12/13/2018,11.3,11.3
12/14/2018,11.3,11.3
12/15/2018,11.3,11.3
12/16/2018,11.3,11.3
12/17/2018,11.3,11.3
12/18/2018,11.3,11.3
12/19/2018,11.3,11.3
12/20/2018,11.3,11.3
12/21/2018,11.3,11.3
12/22/2018,11.3,11.3
12/23/2018,11.3,11.3
12/24/2018,11.3,11.3
12/25/2018,11.3,11.3
12/26/2018,11.3,11.3
12/27/2018,11.3,11.3
12/28/2018,11.3,11.3
12/29/2018,11.3,11.3
12/30/2018,11.3,11.3
12/31/2018,11.3,11.3
1/1/2019,11.3,11.3
1/2/2019,11.3,11.3
1/3/2019,11.3,11.3
1/4/2019,11.3,11.3
1/5/2019,11.3,11.3
1/6/2019,11.3,11.3
1/7/2019,11.3,11.3
1/8/2019,11.3,11.3
1/9/2019,11.3,11.3
1/10/2019,11.3,11.3
1/11/2019,11.3,11.3
1/12/2019,11.3,11.3
1/13/2019,11.3,11.3
1/14/2019,11.3,11.3
1/15/2019,11.3,11.3
1/16/2019,11.3,11.3
1/17/2019,11.3,11.3
1/18/2019,11.3,11.3
1/19/2019,11.3,11.3
1/20/2019,11.3,11.3
1/21/2019,11.3,11.3
1/22/2019,11.3,11.3
1/23/2019,11.3,11.3
1/24/2019,11.3,11.3
1/25/2019,11.3,11.3
1/26/2019,11.2,11.2
1/27/2019,11.2,11.2
1/28/2019,11.2,11.2
1/29/2019,11.2,11.2
1/30/2019,11.2,11.2
1/31/2019,11.2,11.2
2/1/2019,11.2,11.2
2/2/2019,11.2,11.2
2/3/2019,11.2,11.2
2/4/2019,11.2,11.2
2/5/2019,11.2,11.2
2/6/2019,11.2,11.2
2/7/2019,11.2,11.2
2/8/2019,11.2,11.2
2/9/2019,11.2,11.2
2/10/2019,11.2,11.2
2/11/2019,11.2,11.2
2/12/2019,11.2,11.2
2/13/2019,11.2,11.2
2/14/2019,11.2,11.2
2/15/2019,11.2,11.2
2/16/2019,11.2,11.2
2/17/2019,11.2,11.2
2/18/2019,11.2,11.2
2/19/2019,11.2,11.2
2/20/2019,11.2,11.2
2/21/2019,11.2,11.2
2/22/2019,11.2,11.2
2/23/2019,11.2,11.2
2/24/2019,11.2,11.2
2/25/2019,11.2,11.2
2/26/2019,11.2,11.2
2/27/2019,11.2,11.2
2/28/2019,11.2,11.2
3/1/2019,11.2,11.2
3/2/2019,11.2,11.2
3/3/2019,11.2,11.2
3/4/2019,11.2,11.2
3/5/2019,11.2,11.2
3/6/2019,11.2,11.2
3/7/2019,11.2,11.2
3/8/2019,11.2,11.2
3/9/2019,11.2,11.2
3/11/2019,11.2,11.2
3/12/2019,11.2,11.2
3/13/2019,11.2,11.2
3/14/2019,11.2,11.2
3/15/2019,11.2,11.2
3/16/2019,11.2,11.2
3/17/2019,11.2,11.2
3/18/2019,11.2,11.2
3/19/2019,11.2,11.2
3/20/2019,11.2,11.2
3/21/2019,11.2,11.2
3/22/2019,11.2,11.2
3/23/2019,11.2,11.2
3/24/2019,11.2,11.2
3/25/2019,11.2,11.2
3/26/2019,11.2,11.2
3/27/2019,11.2,11.2
3/28/2019,11.2,11.2
3/29/2019,11.2,11.2
3/30/2019,11.2,11.2
3/31/2019,11.2,11.2
4/1/2019,11.2,11.2
4/2/2019,11.2,11.2
4/3/2019,11.2,11.2
4/4/2019,11.2,11.2
4/5/2019,11.2,11.2
4/6/2019,11.2,11.2
4/7/2019,11.2,11.2
4/8/2019,11.2,11.2
4/9/2019,11.2,11.2
4/10/2019,11.2,11.2
4/11/2019,11.2,11.2
4/12/2019,11.2,11.2
4/13/2019,11.2,11.2
4/14/2019,11.3,11.3
4/15/2019,11.3,11.3
4/16/2019,11.3,11.3
4/17/2019,11.3,11.3
4/18/2019,11.3,11.3
4/19/2019,11.3,11.3
4/20/2019,11.3,11.3
4/21/2019,11.3,11.3
4/22/2019,11.3,11.3
4/23/2019,11.3,11.3
4/24/2019,11.4,11.4
4/25/2019,11.4,11.4
4/26/2019,11.4,11.4
4/27/2019,11.4,11.4
4/28/2019,11.4,11.4
4/29/2019,11.4,11.4
4/30/2019,11.4,11.4
5/1/2019,11.4,11.4
5/2/2019,11.4,11.4
5/3/2019,11.4,11.4
5/4/2019,11.3,11.3
5/5/2019,11.3,11.3
5/6/2019,11.3,11.3
5/7/2019,11.3,11.3
5/8/2019,11.3,11.3
5/9/2019,11.3,11.3
5/10/2019,11.3,11.3
5/11/2019,11.3,11.3
5/12/2019,11.2,11.2
5/13/2019,11.2,11.2
5/14/2019,11.2,11.2
5/15/2019,11.2,11.2
5/16/2019,11.2,11.2
5/17/2019,11.2,11.2
5/18/2019,11.2,11.2
5/19/2019,11.2,11.2
5/20/2019,11.2,11.2
5/21/2019,11.2,11.2
5/22/2019,11.2,11.2
5/23/2019,11.2,11.2
5/24/2019,11.2,11.2
5/25/2019,11.2,11.2
5/26/2019,11.2,11.2
5/27/2019,11.1,11.1
5/28/2019,11.1,11.1
5/29/2019,11.1,11.1
5/30/2019,11.1,11.1
5/31/2019,11.1,11.1
6/1/2019,11.1,11.1
6/2/2019,11.1,11.1
6/3/2019,11.1,11.1
6/4/2019,11.1,11.1
6/5/2019,11.1,11.1
6/6/2019,11.1,11.1
6/7/2019,11.1,11.1
6/8/2019,11.1,11.1
6/9/2019,11.1,11.1
6/10/2019,11.2,11.2
6/11/2019,11.2,11.2
6/12/2019,11.2,11.2
6/13/2019,11.2,11.2
6/14/2019,11.2,11.2
6/15/2019,11.2,11.2
6/16/2019,11.2,11.2
6/17/2019,11.2,11.2
6/18/2019,11.2,11.2
6/19/2019,11.2,11.2
6/20/2019,11.1,11.1
6/21/2019,11.1,11.1
6/22/2019,11.1,11.1
6/23/2019,11.1,11.1
6/24/2019,11.1,11.1
6/25/2019,11.1,11.1
6/26/2019,11.1,11.1
6/27/2019,11.1,11.1
6/28/2019,11.1,11.1
6/29/2019,11.1,11.1
6/30/2019,11.1,11.1
7/1/2019,11.1,11.1
7/2/2019,11.1,11.1
7/3/2019,11.1,11.1
7/4/2019,11.1,11.1
7/5/2019,11.1,11.1
7/6/2019,11.1,11.1
7/7/2019,11.1,11.1
7/8/2019,11.1,11.1
7/9/2019,11.1,11.1
7/10/2019,11.1,11.1
7/11/2019,11,11
7/12/2019,11,11
7/13/2019,11,11
7/14/2019,11,11
7/15/2019,11,11
7/16/2019,11,11
7/17/2019,11,11
7/18/2019,11,11
7/19/2019,11,11
7/20/2019,11,11
7/21/2019,11,11
7/22/2019,11,11
7/23/2019,11,11
7/24/2019,11,11
7/25/2019,11,11
7/26/2019,11,11
7/27/2019,11,11
7/28/2019,11,11
7/29/2019,11,11
7/30/2019,11,11
7/31/2019,11,11
8/1/2019,11,11
8/2/2019,11,11
8/3/2019,11,11
8/4/2019,11,11
8/5/2019,11.1,11.1
8/6/2019,11.1,11.1
8/7/2019,11.1,11.1
8/8/2019,11.1,11.1
8/9/2019,11.1,11.1
8/10/2019,11.1,11.1
8/11/2019,11.1,11.1
8/12/2019,11,11
8/13/2019,11,11
8/14/2019,11,11
8/15/2019,11,11
8/16/2019,11,11
8/17/2019,11,11
8/18/2019,11,11
8/19/2019,11,11
8/20/2019,11,11
8/21/2019,11,11
8/22/2019,11,11
8/23/2019,11,11
8/24/2019,11,11
8/25/2019,10.9,10.9
8/26/2019,10.9,10.9
8/27/2019,10.9,10.9
8/28/2019,10.9,10.9
8/29/2019,10.9,10.9
8/30/2019,10.9,10.9
8/31/2019,10.9,10.9
9/1/2019,10.9,10.9
9/2/2019,10.9,10.9
9/3/2019,10.9,10.9
9/4/2019,10.9,10.9
9/5/2019,10.9,10.9
9/6/2019,10.9,10.9
9/7/2019,10.9,10.9
9/8/2019,10.8,10.8
9/9/2019,10.8,10.8
9/10/2019,10.8,10.8
9/11/2019,10.8,10.8
9/12/2019,10.8,10.8
9/13/2019,10.8,10.8
9/14/2019,10.8,10.8
9/15/2019,10.8,10.8
9/16/2019,10.8,10.8
9/17/2019,10.7,10.7
9/18/2019,10.7,10.7
9/19/2019,10.7,10.7
9/20/2019,10.7,10.7
9/21/2019,10.7,10.7
9/22/2019,10.7,10.7
9/23/2019,10.7,10.7
9/24/2019,10.6,10.6
9/25/2019,10.6,10.6
9/26/2019,10.6,10.6
9/27/2019,10.6,10.6
9/28/2019,10.6,10.6
9/29/2019,10.6,10.6
9/30/2019,10.6,10.6
10/1/2019,10.5,10.5
10/2/2019,10.5,10.5
10/3/2019,10.5,10.5
10/4/2019,10.5,10.5
10/5/2019,10.5,10.5
10/6/2019,10.5,10.5
10/7/2019,10.5,10.5
10/8/2019,10.4,10.4
10/9/2019,10.4,10.4
10/10/2019,10.4,10.4
10/11/2019,10.4,10.4
10/12/2019,10.4,10.4
10/13/2019,10.4,10.4
10/14/2019,10.4,10.4
10/15/2019,10.3,10.3
10/16/2019,10.3,10.3
10/17/2019,10.3,10.3
10/18/2019,10.3,10.3
10/19/2019,10.3,10.3
10/20/2019,10.3,10.3
10/21/2019,10.3,10.3
10/22/2019,10.3,10.3
10/23/2019,10.3,10.3
10/24/2019,10.3,10.3
10/25/2019,10.3,10.3
10/26/2019,10.3,10.3
10/27/2019,10.3,10.3
10/28/2019,10.3,10.3
10/29/2019,10.3,10.3
10/30/2019,10.3,10.3
10/31/2019,10.3,10.3
11/1/2019,10.3,10.3
11/2/2019,10.3,10.3
11/3/2019,10.3,10.3
11/3/2019,10.3,10.3
11/4/2019,10.3,10.3
11/5/2019,10.3,10.3
11/6/2019,10.3,10.3
11/7/2019,10.3,10.3
11/8/2019,10.3,10.3
11/9/2019,10.3,10.3
11/10/2019,10.3,10.3
11/11/2019,10.3,10.3
11/12/2019,10.3,10.3
11/13/2019,10.3,10.3
11/14/2019,10.3,10.3
11/15/2019,10.3,10.3
11/16/2019,10.3,10.3
11/17/2019,10.3,10.3
11/18/2019,10.3,10.3
11/19/2019,10.3,10.3
11/20/2019,10.3,10.3
11/21/2019,10.3,10.3
11/22/2019,10.3,10.3
11/23/2019,10.3,10.3
11/24/2019,10.3,10.3
11/25/2019,10.3,10.3
11/26/2019,10.3,10.3
11/27/2019,10.3,10.3
11/28/2019,10.3,10.3
11/29/2019,10.3,10.3
11/30/2019,10.3,10.3
12/1/2019,10.3,10.3
12/2/2019,10.3,10.3
12/3/2019,10.3,10.3
12/4/2019,10.3,10.3
12/5/2019,10.3,10.3
12/6/2019,10.3,10.3
12/7/2019,10.3,10.3
12/8/2019,10.3,10.3
12/9/2019,10.3,10.3
12/10/2019,10.3,10.3
12/11/2019,10.3,10.3
12/12/2019,10.3,10.3
12/13/2019,10.3,10.3
12/14/2019,10.3,10.3
12/15/2019,10.3,10.3
12/16/2019,10.3,10.3
12/17/2019,10.3,10.3
12/18/2019,10.3,10.3
12/19/2019,10.3,10.3
12/20/2019,10.3,10.3
12/21/2019,10.3,10.3
12/22/2019,10.3,10.3
12/23/2019,10.3,10.3
12/24/2019,10.3,10.3
12/25/2019,10.3,10.3
12/26/2019,10.3,10.3
12/27/2019,10.3,10.3
12/28/2019,10.3,10.3
12/29/2019,10.3,10.3
12/30/2019,10.3,10.3
12/31/2019,10.3,10.3
