DateTime,inflow_factor,rain_factor,outflow_factor,RMSE
2021-02-01 16:31:04,1.19882466523988,0.933495233266204,1.1149002940302,63301
2021-02-01 16:31:01,1.19882466523988,0.933495233266204,1.1149002940302,63301
2021-02-01 16:30:59,1.19788831375154,0.931433884925474,1.1139488891937,63718
2021-02-01 16:30:56,1.19656090680543,0.932693803624395,1.11269860003222,63877
2021-02-01 16:30:53,1.19807793869842,0.934434412506124,1.11404455350544,63674
2021-02-01 16:30:51,1.19882466523988,0.933495233266204,1.1149002940302,63301
2021-02-01 16:30:48,1.2,0.930169530485912,1.11686645122702,64813
2021-02-01 16:30:46,1.19265753113063,0.936077688378452,1.11006423191894,63671
2021-02-01 16:30:43,1.2,0.929133281074655,1.11585513276803,63782
2021-02-01 16:30:40,1.19852126220285,0.932616835180827,1.11452635851688,63689
2021-02-01 16:30:38,1.19480354931367,0.933395117403794,1.1109589783709,64574
2021-02-01 16:30:35,1.19200853324642,0.934828695921745,1.10914530328101,63952
2021-02-01 16:30:33,1.19576319299561,0.936793090962151,1.11291144915518,63806
2021-02-01 16:30:30,1.2,0.927427515244955,1.11998285238325,71362
2021-02-01 16:30:27,1.2,0.926430519684548,1.11726703688402,64945
2021-02-01 16:30:25,1.2,0.923652365581151,1.11816090299299,67442
2021-02-01 16:30:22,1.19785632758617,0.931924452168957,1.11385242674693,63665
2021-02-01 16:30:20,1.2,0.931126469557818,1.11873746241525,66454
2021-02-01 16:30:17,1.2,0.933724087388843,1.11689607740982,64266
2021-02-01 16:30:15,1.2,0.927264242651733,1.12177675442065,72360
2021-02-01 16:30:12,1.2,0.93097824548805,1.11964483128493,69218
2021-02-01 16:30:09,1.2,0.931619744788928,1.11981729356451,69315
2021-02-01 16:30:07,1.19349140730983,0.932470829771418,1.11004152428351,63761
2021-02-01 16:30:04,1.19914114221249,0.932508116329174,1.11493365159734,63545
2021-02-01 16:30:01,1.19727659468794,0.940499142623733,1.11406609270828,64505
2021-02-01 16:29:59,1.19885539872327,0.936423497884466,1.11533436843705,63608
2021-02-01 16:29:56,1.2,0.941102867167682,1.11666785015428,63624
2021-02-01 16:29:53,1.19456378796686,0.934140686440568,1.11144733293886,63763
2021-02-01 16:29:51,1.19780559023178,0.93316288230689,1.11376279249425,63725
2021-02-01 16:29:48,1.19913840714833,0.934074827307072,1.11527325687337,63575
2021-02-01 16:29:46,1.18833757149765,0.947648359563804,1.10691422991653,64670
2021-02-01 16:29:43,1.19836349005964,0.934753589285054,1.11451551317967,63768
2021-02-01 16:29:41,1.19526891062524,0.935872844255745,1.11189597842636,63532
2021-02-01 16:29:38,1.19521170106611,0.93408009037315,1.11165887391278,63849
2021-02-01 16:29:35,1.18749882728867,0.943328329252691,1.10662374784184,64137
2021-02-01 16:29:33,1.2,0.938846795057742,1.11950267199714,65896
2021-02-01 16:29:30,1.18776613830725,0.94347898583299,1.10711730540463,64138
2021-02-01 16:29:28,1.2,0.932937748195649,1.12102057524172,71513
2021-02-01 16:29:25,1.19650829205391,0.934118709555529,1.11280684416538,63487
2021-02-01 16:29:22,1.19678944425558,0.941509081278066,1.11347813875966,64279
2021-02-01 16:29:20,1.18146881162295,0.940473683133335,1.10045465222455,65054
2021-02-01 16:29:17,1.19817192838904,0.936852790340693,1.11486560915802,63783
2021-02-01 16:29:14,1.19322488849321,0.942774453537793,1.11126189456262,63773
2021-02-01 16:29:12,1.18107459208056,0.942632409843983,1.10134355364112,64595
2021-02-01 16:29:09,1.19551723873387,0.926236475498255,1.11079655043593,64567
2021-02-01 16:29:07,1.19336437663395,0.941190898391896,1.11099903223907,63869
2021-02-01 16:29:04,1.19920205898676,0.932854725070719,1.11485506559191,64198
2021-02-01 16:29:01,1.18914465970288,0.947580678390041,1.10704267988938,64800
2021-02-01 16:28:59,1.19308974447725,0.934562074803608,1.11007498582233,63679
2021-02-01 16:28:56,1.16288100750444,0.93535608931088,1.08458017790893,65216
2021-02-01 16:28:54,1.18883929599458,0.954460967132505,1.10940814545597,64180
2021-02-01 16:28:51,1.2,0.93079767742137,1.12010429867021,70678
2021-02-01 16:28:48,1.18335595132633,0.94921567712394,1.10398917609279,64471
2021-02-01 16:28:46,1.17535557070393,0.942956857607237,1.09564551040027,65467
2021-02-01 16:28:43,1.2,0.944653928473521,1.13165554483943,89546
2021-02-01 16:28:41,1.19553689659628,0.941206467841985,1.11315496285198,63770
2021-02-01 16:28:38,1.1690262653383,0.949055916962967,1.09169827745065,64698
2021-02-01 16:28:36,1.191607909657,0.93192948003529,1.10836687830046,63732
2021-02-01 16:28:33,1.2,0.930171445919525,1.1227985178481,73459
2021-02-01 16:28:30,1.18713107017626,0.948946050683409,1.10744448089561,64689
2021-02-01 16:28:28,1.18914846075049,0.950061962462708,1.1088827061873,63850
2021-02-01 16:28:25,1.18647697435856,0.93194873336157,1.10447425743323,65015
2021-02-01 16:28:25,1.16685721648571,0.964391652565727,1.09137941359132,65015
2021-02-01 16:28:22,1.18452829899007,0.954997339875087,1.10602500181297,64498
2021-02-01 16:28:19,1.18280152101696,0.940510331325825,1.10191420024231,63827
2021-02-01 16:28:17,1.2,0.940620991697699,1.12496598997907,74910
2021-02-01 16:28:14,1.19632039204784,0.939862010986488,1.11408311984834,63959
2021-02-01 16:28:12,1.2,0.952542568216473,1.12137961933054,66368
2021-02-01 16:28:09,1.18693664505842,0.942729803311095,1.10561499650352,63886
2021-02-01 16:28:06,1.17235722503102,0.942144155842273,1.09359345693199,64746
2021-02-01 16:28:04,1.17702684715097,0.930080819470259,1.09779320334324,65466
2021-02-01 16:28:01,1.18605549928843,0.931998855641904,1.10495310619785,64786
2021-02-01 16:27:58,1.2,0.937187675311702,1.12308007174823,72812
2021-02-01 16:27:56,1.19274805935649,0.939595202602441,1.11170811140223,64707
2021-02-01 16:27:53,1.18306376116927,0.952442529840053,1.10298721188805,64814
2021-02-01 16:27:51,1.2,0.938465560895646,1.12129548841858,71424
2021-02-01 16:27:48,1.17340125008819,0.94557290650725,1.09524375548863,65086
2021-02-01 16:27:45,1.17520453404854,0.943635851688705,1.09634048576737,64287
2021-02-01 16:27:43,1.16328739503788,0.962901989161064,1.08928822888726,65903
2021-02-01 16:27:40,1.16056802209684,0.970876096029895,1.0873380094568,65659
2021-02-01 16:27:37,1.17111940408712,0.96504120033933,1.09590746971336,65072
2021-02-01 16:27:35,1.18193276240943,0.960162130316809,1.10307254170373,64901
2021-02-01 16:27:32,1.17902144978044,0.948555384665811,1.10081333486839,64969
2021-02-01 16:27:29,1.19020982798416,0.93595552304097,1.10780098060294,64029
2021-02-01 16:27:27,1.2,0.937739061288569,1.12947728798004,84754
2021-02-01 16:27:24,1.2,0.951058148657101,1.12003577671174,64605
2021-02-01 16:27:21,1.18367854943364,0.943278982253525,1.10375362314685,64241
2021-02-01 16:27:19,1.16182883058538,0.952581974072104,1.08652002541881,65371
2021-02-01 16:27:16,1.18874592372508,0.957457237968599,1.10886323461521,64007
2021-02-01 16:27:14,1.12895549901758,0.979356656156682,1.06130774710984,66745
2021-02-01 16:27:11,1.16439707457562,0.976420305676893,1.09073694612674,64932
2021-02-01 16:27:09,1.15372509047247,0.957419339929143,1.07963397525195,65442
2021-02-01 16:27:06,1.2,0.952095486669856,1.12880700241414,78840
2021-02-01 16:27:03,1.1787219374063,0.953126058400709,1.09986902249711,64272
2021-02-01 16:27:01,1.17577405097147,0.959430994007934,1.09851553199128,64311
2021-02-01 16:26:58,1.2,0.951131732813648,1.13014544965972,82405
2021-02-01 16:26:56,1.15381725282001,0.976494452467965,1.08080243884737,65705
2021-02-01 16:26:53,1.17644547551435,0.965637882894432,1.09648218636588,68925
2021-02-01 16:26:50,1.17509636892977,0.951674998146427,1.09950980252799,66630
2021-02-01 16:26:48,1.13143513380272,0.964871742584674,1.0626036687216,67879
2021-02-01 16:26:45,1.2,0.942677847477101,1.1457716241742,134300
2021-02-01 16:26:42,1.2,0.948759837578571,1.12752694158807,77145
2021-02-01 16:26:40,1.11417760711313,0.969146369823638,1.04676117346049,68475
2021-02-01 16:26:37,1.2,0.948522530348534,1.14282707083366,124980
2021-02-01 16:26:35,1.19371777931663,0.945269167027295,1.109881638852,65664
2021-02-01 16:26:32,1.2,0.925617679459684,1.15391972685757,160790
2021-02-01 16:26:29,1.18944921687825,0.953785166322892,1.1090809093151,64122
2021-02-01 16:26:27,1.10065245894223,0.992388984849177,1.0416873604081,71699
2021-02-01 16:26:24,1.2,0.937742482153972,1.13099204357063,90037
2021-02-01 16:26:22,1.17075388881791,0.936191400996209,1.09185639947362,64711
2021-02-01 16:26:19,1.2,0.918543594207836,1.11982819534604,71730
2021-02-01 16:26:16,1.16478367253292,0.970394031417703,1.09373046680315,68978
2021-02-01 16:26:14,1.19876101849599,0.960695050872207,1.11511145983547,67119
2021-02-01 16:26:11,1.16204928862271,0.984167461524455,1.09245806972047,68084
2021-02-01 16:26:08,1.2,0.935436400360308,1.14534578388243,134970
2021-02-01 16:26:06,1.15624423822692,0.965735397378226,1.09193180563984,78067
2021-02-01 16:26:03,1.14199429319394,0.968664438962042,1.07301940435308,67399
2021-02-01 16:26:01,1.2,0.961708345643271,1.13336429213862,88577
2021-02-01 16:25:58,1.18158913004319,0.931556791804817,1.10223704844951,65545
2021-02-01 16:25:55,1.2,0.97015117474881,1.17925907011039,197150
2021-02-01 16:25:53,1.18823885960985,0.958440225253769,1.10744364303193,64784
2021-02-01 16:25:50,1.18670003052842,0.970172088421931,1.10839681834062,64895
2021-02-01 16:25:48,1.2,0.916693490477473,1.12633287779224,83539
2021-02-01 16:25:45,1.1103809779721,1.00314442593848,1.04906588699839,68780
2021-02-01 16:25:43,1.09857586893922,1.00377840061198,1.03759776151518,69632
2021-02-01 16:25:40,1.2,0.930557202757813,1.12930647353138,87380
2021-02-01 16:25:37,1.17864080825046,0.972966398773054,1.09913071227153,69101
2021-02-01 16:25:34,1.14833645688926,0.973324840028202,1.0778701042748,66953
2021-02-01 16:25:32,1.13317821216001,0.948268327986988,1.06061925651529,66158
2021-02-01 16:25:29,1.10440045068898,0.964875107303064,1.03787526583934,69264
2021-02-01 16:25:26,1.2,0.921758340950774,1.14572792354282,139660
2021-02-01 16:25:24,1.11968307306229,0.951743553284558,1.04648698665158,71999
2021-02-01 16:25:21,1.2,0.952036352198209,1.17725968136293,196460
2021-02-01 16:25:19,1.1911301366966,0.932053770136088,1.1057969902088,66606
2021-02-01 16:25:16,1.17934737074744,0.952259191617119,1.10124884770856,64905
2021-02-01 16:25:13,1.15615959599954,0.961490227577499,1.08014587595321,66900
2021-02-01 16:25:11,1.10040187334953,0.929515297993704,1.0302642695243,69443
2021-02-01 16:25:08,1.2,0.906440543833782,1.14589842480121,144910
2021-02-01 16:25:05,1.10122489167936,0.924797794160918,1.03047148910756,69522
2021-02-01 16:25:02,1.13668311761309,0.950476678283801,1.06047832270918,72004
2021-02-01 16:24:59,1.04807754200583,0.964273585709602,0.990778273858079,71802
2021-02-01 16:24:57,1.15400643507645,0.922509159374657,1.0736776070264,67284
2021-02-01 16:24:54,1.10712812301564,0.94601152205699,1.04017040956212,68713
2021-02-01 16:24:52,1.00478339689558,0.9925213435468,0.965726924432562,86776
2021-02-01 16:24:49,1.15887870223903,0.918805241376086,1.07694731117139,68385
2021-02-01 16:24:46,1.02350207817318,0.98874353136684,0.972856981184811,73790
2021-02-01 16:24:44,1.02479461242229,0.958700772078044,0.969223995714918,74279
2021-02-01 16:24:41,1.04571476814163,0.991527773630883,0.990324659832035,73452
2021-02-01 16:24:38,1.03139595124667,0.998545681155003,0.982895664228455,75379
2021-02-01 16:24:36,1.09213276537234,0.933455437838607,1.02290753011396,70114
2021-02-01 16:24:33,1.07166039707489,0.96188571047405,1.01051908003348,70088
2021-02-01 16:24:30,1.06858173334432,0.977776378878984,1.00534326472796,77974
2021-02-01 16:24:28,1.18255128954184,0.921943393346098,1.10963387757968,77512
2021-02-01 16:24:25,1.2,0.9,1.13194048743882,109650
2021-02-01 16:24:22,1.08870880013144,0.980797163037424,1.03020375842989,72909
2021-02-01 16:24:20,1.2,0.934642047052807,1.2,214520
2021-02-01 16:24:17,1.13769884492438,0.92524711183805,1.06354690075199,67990
2021-02-01 16:24:14,1.1880928347174,0.93006459063442,1.10058302004037,73192
2021-02-01 16:24:12,1.2,0.9,1.2,217300
2021-02-01 16:24:09,1.15264185844519,0.961520220889294,1.07918605784589,65594
2021-02-01 16:24:07,1.18842218843496,0.960527863045306,1.11570870345476,72798
2021-02-01 16:24:04,1.18981850522545,0.926685078814279,1.11538617737696,76429
2021-02-01 16:24:01,1.17870549975533,0.934179359853688,1.09927520164569,65675
2021-02-01 16:23:59,1.17980920625632,0.924668007830939,1.09876019703241,65183
2021-02-01 16:23:56,1.00778127599014,0.970565955238036,0.955555728333515,75973
2021-02-01 16:23:53,1.051067904926,0.965600577171038,0.999071106717331,80990
2021-02-01 16:23:51,1.12941336928762,0.957329462627392,1.05645193302343,69559
2021-02-01 16:23:48,0.971357626073846,1.00827572979218,0.934397108882934,82094
2021-02-01 16:23:45,1.0627106455435,0.977507882988456,0.998065989725754,85071
2021-02-01 16:23:42,1.07684334508412,1.00039071383514,1.02250729968219,73206
2021-02-01 16:23:40,1.07141186931204,0.950393314668508,1.00618963985493,73437
2021-02-01 16:23:37,1.06631462799824,0.98746703702775,1.0092317819806,70936
2021-02-01 16:23:34,1.08647980395933,0.956157788665246,1.019676184009,72741
2021-02-01 16:23:32,1.0255589568258,0.979960617211519,0.978083628420131,79512
2021-02-01 16:23:29,1.09835467026021,0.944524586436021,1.02910038450679,70101
2021-02-01 16:23:26,1.08451863505258,0.962575285223997,1.0237273558254,71670
2021-02-01 16:23:23,1.04513606211279,0.986712569096812,0.994318994230409,76268
2021-02-01 16:23:21,1.02619379113747,0.9933839949129,0.974707455835516,74072
2021-02-01 16:23:18,1.0658014294453,0.971188279684543,1.01366238436683,80930
2021-02-01 16:23:15,1.01183709504366,1.00287747253798,0.970358641024842,83693
2021-02-01 16:23:13,1.0889173529018,0.957224517099776,1.02556555593751,70704
2021-02-01 16:23:10,1.0354329957066,0.982557594614996,0.981478108600054,73970
2021-02-01 16:23:07,1.07119059451507,0.994973522481183,1.01928502526237,78756
2021-02-01 16:23:05,1.05955810045914,0.977177364492956,1.00526856003602,75170
2021-02-01 16:23:02,0.981425499040473,0.995044720027372,0.933368160851695,82733
2021-02-01 16:22:59,1.0555928992941,0.988595540109304,1.00328464190238,75279
2021-02-01 16:22:57,1.00798547836758,1.0002383032233,0.959915614991054,75641
2021-02-01 16:22:54,0.991104464209808,1.00541330865962,0.94607739064988,77031
2021-02-01 16:22:51,1.05719391625302,0.995820201955368,1.00819692745394,80918
2021-02-01 16:22:49,1.01657527525515,1.00250324046791,0.966459896605393,76676
2021-02-01 16:22:46,1.04144011752319,0.982482270486366,0.988239513931444,73455
2021-02-01 16:22:43,1.01912727307345,0.993705699035877,0.969836703334583,74133
2021-02-01 16:22:41,1.00159011552992,1.01754398393883,0.953774661772997,79704
2021-02-01 16:22:38,1.04495490159647,0.996388881378385,0.996813855047583,81113
2021-02-01 16:22:36,1.00685618148668,1.01146061791089,0.960229957757924,75805
2021-02-01 16:22:33,1.05595624452112,0.997156215094422,1.00469959550404,75738
2021-02-01 16:22:30,1.03106313935188,0.996541223233686,0.981497222655528,73695
2021-02-01 16:22:28,1.0425467297508,0.99315325729723,0.993607837553226,78869
2021-02-01 16:22:25,1.00888955727891,0.980799404740466,0.962618743763275,78395
2021-02-01 16:22:22,1.03107752875627,1.00725412542352,0.983619618198699,75047
2021-02-01 16:22:20,1.00571784949194,0.989202833297607,0.960151067901671,77635
2021-02-01 16:22:17,0.986208045359402,0.992602584543752,0.939202687336822,79259
2021-02-01 16:22:14,1.00910638931848,1.00934528892939,0.960488492045735,77099
2021-02-01 16:22:12,0.992461781129096,0.985928104333399,0.947571070018708,76845
2021-02-01 16:22:09,0.992433242214721,0.990028114068333,0.94893615714813,78647
2021-02-01 16:22:06,0.973729598036642,1.00305057608038,0.932800819007323,78044
2021-02-01 16:22:04,0.995456443019309,1.00121697322236,0.951008649569273,76069
2021-02-01 16:22:01,1.00163467007461,0.997171506477538,0.954647748426918,76341
2021-02-01 16:21:59,0.975456069419206,1.01506843981012,0.934296013491956,78053
2021-02-01 16:21:56,0.982524174640569,1.01339069589151,0.940705488371831,76532
2021-02-01 16:21:53,1.00105869411949,1.0056359321121,0.956914565023648,75814
2021-02-01 16:21:51,1.00174973909483,0.995939367618484,0.954873748945606,75065
2021-02-01 16:21:48,0.962979322495963,1.01295225665166,0.923784743448346,79159
2021-02-01 16:21:45,0.992843063042031,1.00516712053385,0.946833744904369,77131
2021-02-01 16:21:42,0.983819759974727,1.01291406149486,0.947005777717151,83746
2021-02-01 16:21:40,0.9874399669088,1.00342618454235,0.945926053938828,77877
2021-02-01 16:21:37,0.979468404905379,1.01378416444933,0.934954521140886,80864
2021-02-01 16:21:35,0.979960353118746,1.01475928006442,0.938721550283433,76600
2021-02-01 16:21:32,0.978432808077955,1.01255185237831,0.935089283735391,79815
2021-02-01 16:21:29,0.950351414661713,0.996912391716934,0.910847892202587,80204
2021-02-01 16:21:27,0.977419784924062,1.02071924410029,0.938738030165195,77537
2021-02-01 16:21:24,0.984658491265581,0.999088778315244,0.93873912442272,79116
2021-02-01 16:21:21,0.983371246844916,1.00740484040614,0.937935406533197,80161
2021-02-01 16:21:18,0.982785970764122,1.0030699250142,0.937490288168046,79624
2021-02-01 16:21:16,0.982466929940707,1.01531155598811,0.9402196684293,78058
2021-02-01 16:21:13,0.954973972692658,1.02155330784771,0.916545638789817,81672
2021-02-01 16:21:10,0.975816015542053,1.00298050105915,0.938066022359879,82781
2021-02-01 16:21:08,0.967371114927857,0.986425948171382,0.929392019437048,83485
2021-02-01 16:21:05,0.928915088969279,1.0272397839572,0.894448931225466,84849
2021-02-01 16:21:03,0.964529266996279,0.999279251734585,0.918716782786554,85840
2021-02-01 16:21:00,0.961895357190394,0.985964687524903,0.925800904311691,87105
2021-02-01 16:20:57,0.952824937565972,1.0193483545604,0.918267794721892,80970
2021-02-01 16:20:55,0.984594798442606,1.00529507229446,0.940201980190857,77270
2021-02-01 16:20:52,0.967788702257855,0.994614057321963,0.926759247939336,78788
2021-02-01 16:20:50,0.961984994594199,1.01400601609736,0.92432997922943,79604
2021-02-01 16:20:47,0.938264301101812,1.03077453226823,0.897671798131348,96595
2021-02-01 16:20:44,0.910524258774913,1.06096427650412,0.880906439907827,88332
2021-02-01 16:20:42,0.955771075122995,1.03348450615119,0.918823167859512,80164
2021-02-01 16:20:39,0.961345547752602,1.02038485793762,0.9172309950173,90139
2021-02-01 16:20:36,0.99468883082725,1.04612186126901,0.94739000269776,92862
2021-02-01 16:20:34,0.975764476798192,1.00725476931432,0.941574597159909,88129
2021-02-01 16:20:31,0.970232866480665,1.0092740531883,0.936239528588539,89253
2021-02-01 16:20:29,0.911582408317459,1.02620269006284,0.879334282879937,86110
2021-02-01 16:20:26,0.970929748845544,1.00945156154236,0.945682018808628,102890
2021-02-01 16:20:23,0.951107074456303,1.03064125322073,0.912407350736586,83621
2021-02-01 16:20:21,0.975511840393087,1.01758955595986,0.931882486837401,81505
2021-02-01 16:20:18,0.968037679583115,1.01766260346483,0.926354050290833,80389
2021-02-01 16:20:15,0.94665423127807,1.00304509759819,0.910344631137271,80034
2021-02-01 16:20:13,0.96862881724871,1.01298783734228,0.930491931498483,78613
2021-02-01 16:20:10,0.985876988236296,1.01886680876939,0.949950567341255,84735
2021-02-01 16:20:07,0.986062792056739,0.97838169487739,0.933633401399506,86378
2021-02-01 16:20:05,0.999940022436933,1.0070768738969,0.947505131831694,91115
2021-02-01 16:20:02,0.966351781234146,1.02240122771963,0.928836281658645,78709
2021-02-01 16:20:00,1.01579016934447,1.01607334279877,0.960719907440699,95834
2021-02-01 16:19:57,0.982724889213767,0.983405389333775,0.947929115735262,91119
2021-02-01 16:19:54,0.992310888683725,1.00695906632622,0.957764398135804,89062
2021-02-01 16:19:52,1.01512551889482,0.99682651650461,0.969393918763324,77815
2021-02-01 16:19:49,0.968330453146112,1.03545552823111,0.926552557196016,84115
2021-02-01 16:19:46,0.9525527562553,1.00542899623048,0.919026611476251,84269
2021-02-01 16:19:43,0.945035098021832,0.996916310498412,0.896567135108081,108580
2021-02-01 16:19:41,0.977853327507222,0.993330082325462,0.938556220691115,82624
2021-02-01 16:19:38,0.977212957370266,1.02052877287835,0.932771786866935,83125
2021-02-01 16:19:36,0.988182907744278,0.990447987660901,0.938345849839305,82367
2021-02-01 16:19:33,0.956729263070201,0.995019396003847,0.91611319892897,79872
2021-02-01 16:19:30,0.957081206428919,0.980332522736568,0.909668889384552,87269
2021-02-01 16:19:27,0.961818552867392,1.01027850748127,0.936677352712419,99496
2021-02-01 16:19:25,0.986490871387088,1.00295296928702,0.944098171658212,77766
2021-02-01 16:19:22,0.970014707490264,1.02295106013064,0.93441292804177,81288
2021-02-01 16:19:19,0.96613423276419,0.985893045331545,0.923554654029519,77836
2021-02-01 16:19:17,0.952363792895945,1.00570732932602,0.917517194950165,83224
2021-02-01 16:19:14,0.952725289730491,0.987868728023836,0.915524460497091,83156
2021-02-01 16:19:11,1.03002582899757,0.991501635236151,0.988751570263224,88451
2021-02-01 16:19:09,0.946844723196392,1.01081819789287,0.911476850461315,81320
2021-02-01 16:19:06,0.974777057526602,0.965874422482186,0.909727310337091,157440
2021-02-01 16:19:03,0.920128100479365,1.00358110058894,0.893349267275465,91685
2021-02-01 16:19:01,1.01567787243432,0.957880146521568,0.986877188238702,129850
2021-02-01 16:18:58,1.03828395935866,1.03764511740299,1.00603405814163,98854
2021-02-01 16:18:55,1.03645525790264,0.986739228574771,0.990962770424102,83800
2021-02-01 16:18:53,0.983455776285992,0.993108176796513,0.937592152992774,78168
2021-02-01 16:18:50,1.05314510419001,1.01330552109762,1.02066399928096,115680
2021-02-01 16:18:48,0.990286289604271,1.01389977104434,0.951839780840095,81068
2021-02-01 16:18:45,1.04172863423141,0.986455899635255,0.996112849480592,84619
2021-02-01 16:18:42,1.00386810493209,0.975854375586546,0.968973879417504,99720
2021-02-01 16:18:40,0.985893471871743,0.984905758868027,0.948633076703461,88495
2021-02-01 16:18:37,0.997963576656857,0.996244692291079,0.952772629947071,76167
2021-02-01 16:18:34,0.996239090276759,0.968091789723767,0.957769430584731,90519
2021-02-01 16:18:32,0.931527922437623,0.981421105894544,0.889090116932512,86955
2021-02-01 16:18:29,1.0126572250783,0.977378961027398,0.969622103074806,86995
2021-02-01 16:18:26,1.0489268334368,0.970413993712705,1.002285775542,86386
2021-02-01 16:18:24,0.977187902448982,0.97361496030112,0.937167084240816,85349
2021-02-01 16:18:21,0.943753473514794,0.977886135073329,0.909402299392018,88366
2021-02-01 16:18:18,0.933106678001087,0.979050706419528,0.890565761783871,86186
2021-02-01 16:18:16,0.967590530089971,0.969351347226102,0.92432565008207,78909
2021-02-01 16:18:13,0.962138167595487,0.977004612920007,0.920503188505422,78735
2021-02-01 16:18:10,0.951656947248645,0.982650885486354,0.925723698643191,102740
2021-02-01 16:18:07,1.02478891003699,0.96516515715594,0.973883679758517,76909
2021-02-01 16:18:05,0.928856781757342,0.98232762269629,0.891994887283865,81976
2021-02-01 16:18:02,0.960780873996372,0.961092795312518,0.910414301172875,87395
2021-02-01 16:18:00,1.00453047598635,0.966314635019682,0.945918693936,93838
2021-02-01 16:17:57,0.942524790564417,0.983888771360784,0.903162031584121,79833
2021-02-01 16:17:54,0.954807692189004,0.974179261916924,0.913610945730852,80697
2021-02-01 16:17:51,0.979133935856189,0.972364222537832,0.936533688778015,80868
2021-02-01 16:17:49,0.982387122820868,0.974320122256649,0.938848556819658,80001
2021-02-01 16:17:46,0.968978091239386,0.974363177156443,0.925875668675783,78316
2021-02-01 16:17:43,0.934870378806907,0.976810585781478,0.878512126774565,149570
2021-02-01 16:17:40,0.948282692294804,0.975554108924673,0.907035902015537,79603
2021-02-01 16:17:38,0.965958468577236,0.970892716809902,0.923950049090506,80707
2021-02-01 16:17:35,0.921422151428934,0.971264561675184,0.883052047586421,83081
2021-02-01 16:17:33,0.93877798414529,0.967708665450648,0.907789597919933,93720
2021-02-01 16:17:30,0.952992169321836,0.973578279340051,0.91821417420983,90444
2021-02-01 16:17:27,0.926689825087833,0.968571089923261,0.892449850788211,85842
2021-02-01 16:17:25,0.952584069073022,0.963454787809301,0.916220553469508,89730
2021-02-01 16:17:22,0.952621609291665,0.974111112339178,0.91328557827939,82142
2021-02-01 16:17:19,0.922724257520716,0.972129683046599,0.892093821937575,92627
2021-02-01 16:17:17,0.959911129635518,0.9757836976309,0.911287969911169,88337
2021-02-01 16:17:14,0.940533015693762,0.981601962676478,0.905962817626343,85809
2021-02-01 16:17:11,0.928743023455684,0.979615828892787,0.878093337058746,123420
2021-02-01 16:17:09,0.945082907347449,0.96376513084846,0.903790233502401,80970
2021-02-01 16:17:06,0.888856669215411,0.972955168707382,0.860003892953321,89452
2021-02-01 16:17:04,0.908900358885868,0.980912402876346,0.86618763502117,100750
2021-02-01 16:17:01,0.927076612606353,0.975497704506876,0.887288952242221,83005
2021-02-01 16:16:58,0.918262801826168,0.981243553765859,0.877978657814031,87754
2021-02-01 16:16:56,0.920751703994837,0.983475596690981,0.893683979612583,94717
2021-02-01 16:16:53,0.92454721582535,0.959506494231494,0.876575048446593,100290
2021-02-01 16:16:50,0.903692895216237,0.967815145673862,0.857735644122408,112280
2021-02-01 16:16:48,0.9376384540164,0.981010072188642,0.896651632342644,83579
2021-02-01 16:16:45,0.905761732821685,0.989664961114476,0.866789223935186,92204
2021-02-01 16:16:43,0.914146129434249,0.962590393050173,0.884253539998652,94445
2021-02-01 16:16:40,0.901445704854856,0.967101341580174,0.867489928530907,84192
2021-02-01 16:16:37,0.935402878336038,0.968802314070149,0.888531496713786,93494
2021-02-01 16:16:35,0.906884815678526,0.986630343750103,0.86397164735965,105650
2021-02-01 16:16:32,0.853419178071107,0.985443430212457,0.84628946818383,120630
2021-02-01 16:16:29,0.9194946348459,0.997246243222674,0.897107101692891,98686
2021-02-01 16:16:26,0.910584990796394,0.983903209189895,0.875029545704336,84410
2021-02-01 16:16:24,0.887814511863695,0.992852815498395,0.873303885227066,110740
2021-02-01 16:16:21,0.906020238597987,0.97352608614784,0.883522623397505,101090
2021-02-01 16:16:18,0.916191854737199,0.972542822563324,0.878113027912239,83507
2021-02-01 16:16:16,0.879063732553554,0.975317067371546,0.850460272803816,87958
2021-02-01 16:16:13,0.893463442975875,0.978361242844462,0.856913919461788,89212
2021-02-01 16:16:10,0.935194102808435,0.975707086987885,0.879014157062572,147320
2021-02-01 16:16:08,0.87623787277809,0.994808343587176,0.863074854303765,109770
2021-02-01 16:16:05,0.973619606207517,0.951655390760552,0.905455385993413,168280
2021-02-01 16:16:02,0.900908434536755,0.984970238887465,0.870714267067007,87132
2021-02-01 16:15:59,0.919498891157916,0.958702537156817,0.871157435857416,105700
2021-02-01 16:15:57,0.924669052317974,0.968685036424766,0.890062914898817,86461
2021-02-01 16:15:54,0.902900888665498,0.963799738463084,0.868780088471171,84575
2021-02-01 16:15:52,0.911659860135628,0.973896911597513,0.878357383776729,85731
2021-02-01 16:15:49,0.902575214159669,0.978114187251391,0.869026310945898,83966
2021-02-01 16:15:46,0.903146579930256,0.950235409769253,0.855101176234798,112130
2021-02-01 16:15:44,0.923673605151796,0.96574290012396,0.870361472077044,132650
2021-02-01 16:15:41,0.906911452755625,0.969183014447358,0.887419681505862,109770
2021-02-01 16:15:38,0.894905753100666,0.967192928499679,0.861425874496476,85213
2021-02-01 16:15:35,0.902606618644325,0.968725322132399,0.867486463620675,83551
2021-02-01 16:15:33,0.924891757610551,0.94573521481721,0.88714270052838,85873
2021-02-01 16:15:30,0.940905970184557,0.943865163949294,0.88852894579876,99874
2021-02-01 16:15:27,0.909468193141098,0.949630989964463,0.876381809526064,89281
2021-02-01 16:15:25,0.897808967486544,0.970413503520888,0.857971760215542,93410
2021-02-01 16:15:22,0.901857246757632,0.966723331933378,0.867960028411513,84103
2021-02-01 16:15:19,0.940082981683197,0.950528516777911,0.903993487241117,90347
2021-02-01 16:15:17,0.915826080830605,0.951366857257803,0.882337016947762,90061
2021-02-01 16:15:14,0.928589187649072,0.959468834618066,0.876645977964357,117460
2021-02-01 16:15:11,0.904168371044123,0.963751768099203,0.866135992845243,86334
2021-02-01 16:15:09,0.955817727512434,0.939826733499898,0.916914420421537,90704
2021-02-01 16:15:06,0.90145704640547,0.952470529623443,0.866212429721588,85072
2021-02-01 16:15:03,0.944259785687174,0.95053061316338,0.898679916372685,82905
2021-02-01 16:15:00,0.90103728633539,0.950487004748325,0.869783967747491,92232
2021-02-01 16:14:58,0.957893874917325,0.939272591089924,0.903476790640364,94028
2021-02-01 16:14:55,0.908955472535344,0.95484976695596,0.871965459532378,84110
2021-02-01 16:14:52,0.930186667205191,0.949905030223848,0.892337657278759,85855
2021-02-01 16:14:49,0.940577844009087,0.940180341007255,0.881401079154031,132260
2021-02-01 16:14:47,0.952167794043557,0.936232609043539,0.913339244279595,90570
2021-02-01 16:14:44,0.934151062323314,0.941869294939058,0.878390804453008,120040
2021-02-01 16:14:41,0.933337828948165,0.954142927658174,0.900045469078209,93079
2021-02-01 16:14:38,0.948003956871207,0.941821517021004,0.903841162674141,80859
2021-02-01 16:14:36,0.92362016124402,0.945532346236386,0.878719235819013,86072
2021-02-01 16:14:33,0.934367154693539,0.949401654900551,0.878093417183784,129110
2021-02-01 16:14:30,0.949759011382987,0.946136812560613,0.899333140232918,88007
2021-02-01 16:14:28,0.956842092190936,0.955085467435459,0.889762595258579,180980
2021-02-01 16:14:25,0.954587370438505,0.960294955359669,0.918766816901122,90948
2021-02-01 16:14:22,0.914587794636885,0.942447111859633,0.88862500770389,103710
2021-02-01 16:14:20,0.949074026633196,0.933749834948222,0.917738895923536,103280
2021-02-01 16:14:17,0.951628941803815,0.939788427777775,0.920162632307792,101580
2021-02-01 16:14:14,0.92760519452691,0.939272202870227,0.900464814753181,105000
2021-02-01 16:14:12,0.961275541933375,0.944600815425266,0.919411404319497,84455
2021-02-01 16:14:09,0.928088565813101,0.955919686260507,0.896355180754449,94149
2021-02-01 16:14:06,0.925428703587319,0.952889743130666,0.884524312939144,83278
2021-02-01 16:14:03,0.950713057506711,0.947327307117786,0.896163942961301,104650
2021-02-01 16:14:01,0.920813522558608,0.948172955031827,0.88356887527461,85733
2021-02-01 16:13:58,0.933883464457082,0.943166721800689,0.890788932917747,82138
2021-02-01 16:13:55,0.929135859993723,0.93628227388509,0.878647220039287,96352
2021-02-01 16:13:53,0.947881130228975,0.941276729536544,0.895781995124,93351
2021-02-01 16:13:50,0.925012246636926,0.939943192926473,0.879675171097877,85846
2021-02-01 16:13:47,0.95695862692032,0.938767029602786,0.914781079489686,84311
2021-02-01 16:13:44,0.945379503243864,0.947681491116876,0.904387294187913,83691
2021-02-01 16:13:42,0.920807074418392,0.930918910990379,0.880126725274398,82883
2021-02-01 16:13:39,0.924341060940715,0.931847344810538,0.864434842708265,147670
2021-02-01 16:13:36,0.914823010142073,0.931611152345724,0.877727431180807,88157
2021-02-01 16:13:33,0.951995303018144,0.941695904038814,0.906117914874265,79308
2021-02-01 16:13:31,0.915570118943478,0.943864369887047,0.867468717507007,99284
2021-02-01 16:13:28,0.920133476148674,0.923851427020662,0.875687903314863,83405
2021-02-01 16:13:25,0.913486452677804,0.918544946820436,0.864567770254678,93503
2021-02-01 16:13:22,0.944573455193635,0.925587501323644,0.879243312878973,156180
2021-02-01 16:13:20,0.896258405942364,0.952991144291743,0.874640251582895,106620
2021-02-01 16:13:17,0.923690397884617,0.931127258108462,0.883289421440441,84341
2021-02-01 16:13:14,0.937190641504436,0.936512139740565,0.90061087365125,92055
2021-02-01 16:13:12,0.939600465411961,0.932131264964873,0.907909969011054,100270
2021-02-01 16:13:09,0.910078793218823,0.92157492817786,0.860786040229513,96959
2021-02-01 16:13:06,0.919685515253476,0.94427535507652,0.883238961189818,87205
2021-02-01 16:13:04,0.909477488972676,0.950021834697333,0.862281434659957,102840
2021-02-01 16:13:01,0.920444641748868,0.941262947761918,0.883640658659637,87601
2021-02-01 16:12:58,0.886019115779569,0.946442922320561,0.863364864120335,103660
2021-02-01 16:12:56,0.920787221482821,0.929567231616659,0.871447590096947,94071
2021-02-01 16:12:53,0.927477414915939,0.937361817236289,0.894530843628358,94629
2021-02-01 16:12:50,0.920451136596851,0.951471965393265,0.907009025622453,138250
2021-02-01 16:12:47,0.907074864898312,0.935918492307138,0.858698614396307,102330
2021-02-01 16:12:45,0.905780269670295,0.946472066403738,0.893303025800995,137820
2021-02-01 16:12:42,0.90032726978066,0.923023929056296,0.844409105627957,139510
2021-02-01 16:12:39,0.901197896255856,0.949681527829507,0.885116464445533,124190
2021-02-01 16:12:37,0.923847981850235,0.959955868344058,0.858605080654113,208080
2021-02-01 16:12:34,0.94242419041958,0.947443263568053,0.887824768994736,111760
2021-02-01 16:12:31,0.915790908900442,0.965815799220747,0.845383660348196,253970
2021-02-01 16:12:28,0.905292175671795,0.936116794116976,0.872130490009843,93490
2021-02-01 16:12:26,0.871905672117704,0.953952070188164,0.818850601736984,173080
2021-02-01 16:12:23,0.880926647850466,0.956391614002916,0.866154631261069,117880
2021-02-01 16:12:20,0.899543269539258,0.941328674149914,0.859638487893149,86899
2021-02-01 16:12:17,0.926805786852221,0.936342949172212,0.830221243869325,398510
2021-02-01 16:12:15,0.911848280603003,0.93946075099831,0.859027200098693,122600
2021-02-01 16:12:12,0.938288535551848,0.94644091864723,0.880772478396741,129660
2021-02-01 16:12:09,0.930598833275933,0.951128661531814,0.884594004876761,86474
2021-02-01 16:12:06,0.912213558619205,0.922357925286225,0.91087684817269,173400
2021-02-01 16:12:04,0.920044740980683,0.941263571253809,0.860760509497637,155040
2021-02-01 16:12:01,0.883848358063133,0.95324225769901,0.841187254646318,103170
2021-02-01 16:11:58,0.936692751642985,0.927966804630649,0.865933711875344,201830
2021-02-01 16:11:56,0.941401765979653,0.926853545720576,0.875439721095699,165290
2021-02-01 16:11:53,0.938445722469907,0.964808632237411,0.955581578200856,202910
2021-02-01 16:11:50,0.947155843501871,0.955450179923537,0.886774788329244,146630
2021-02-01 16:11:48,0.905275358478283,0.942789596537922,0.859014514340026,98453
2021-02-01 16:11:45,0.882343083266344,0.978814000947168,0.917207201045159,214710
2021-02-01 16:11:42,0.901784289731234,0.97028254154333,0.854796577474294,119890
2021-02-01 16:11:39,0.945583570315431,0.941079160158162,0.901529391682232,81029
2021-02-01 16:11:37,0.928797419909611,0.976930378580221,0.873768232988322,148150
2021-02-01 16:11:34,0.915267014843799,0.95510073909765,0.926564853485878,190780
2021-02-01 16:11:31,0.89880781612274,0.927908990245673,0.888267176056662,144960
2021-02-01 16:11:28,0.95981227040629,0.950688489599129,0.913305273429734,79480
2021-02-01 16:11:25,0.920954657971807,1.00687830189728,0.926588366800064,170780
2021-02-01 16:11:23,0.916762957090612,0.992148658739133,0.844870238800301,288340
2021-02-01 16:11:20,0.842207890258352,0.98510154983515,0.855596938392015,169300
2021-02-01 16:11:17,0.961823452598055,0.994717182866602,0.865496396646299,412750
2021-02-01 16:11:14,0.995997006647179,0.996495331317197,0.916532234344947,260680
2021-02-01 16:11:12,0.89450958710342,0.984804977897499,0.877192600138716,107780
2021-02-01 16:11:09,0.863009612280905,0.962568341047229,0.911472418754743,223640
2021-02-01 16:11:06,0.94673240133682,0.94575221814649,0.840447313445771,453510
2021-02-01 16:11:04,0.922809204261971,0.933033603685626,0.894143444934867,101950
2021-02-01 16:11:01,0.920543507121495,0.992562719490903,0.892348268707296,91748
2021-02-01 16:10:58,0.845668965341561,0.927925368154346,0.867318028707712,197630
2021-02-01 16:10:55,0.897347420779829,0.965750867856738,0.83891051805028,191930
2021-02-01 16:10:53,0.867182554786845,0.947460823922506,0.8,267110
2021-02-01 16:10:50,0.935520815741,0.982553626919534,0.899399533945014,82374
2021-02-01 16:10:47,0.830017263202429,0.9,0.8,93911
2021-02-01 16:10:44,0.972128579713301,0.9,0.819387275885411,535400
2021-02-01 16:10:42,0.922099596045478,0.9,0.859855633602094,139650
2021-02-01 16:10:39,0.845069097634585,0.9,0.80417143102942,98380
2021-02-01 16:10:36,0.915302320523433,0.917887003667107,0.808288838518931,465050
2021-02-01 16:10:33,0.805951281752428,0.940916675207722,0.8,121860
2021-02-01 16:10:31,0.898840748984217,0.974400264886397,0.842222556347439,185440
2021-02-01 16:10:28,0.918009256710404,0.909884423901284,0.86676548533691,93623
2021-02-01 16:10:25,0.813340354870152,0.948362680596767,0.903252947138791,240400
2021-02-01 16:10:22,0.912389124752162,0.9,0.851870292464787,137980
2021-02-01 16:10:20,0.938524201982759,0.971298027550773,0.888780464221282,104490
2021-02-01 16:10:17,0.870516688251931,0.952864107354788,0.850836539778785,104760
2021-02-01 16:10:14,0.841908908707078,0.937056804573027,0.889547027026156,223530
2021-02-01 16:10:12,0.838374279742479,1.02658346929704,0.962682391978795,251540
2021-02-01 16:10:09,0.8867569136501,0.955944565992258,0.8,389920
2021-02-01 16:10:06,0.8,0.90906364120136,0.8,146070
2021-02-01 16:10:03,0.88168777214726,1.00590047598641,0.8,404920
2021-02-01 16:10:01,0.946473458765937,0.974435116527925,0.896389781909635,101930
2021-02-01 16:09:58,0.8,0.96878040682473,0.898372475303066,242220
2021-02-01 16:09:55,0.901939105607089,0.96394722376956,0.961657254176139,231290
2021-02-01 16:09:53,0.890195923558317,1.02321489520614,0.948501610515508,226970
2021-02-01 16:09:50,0.8,0.923836968593424,0.806122464914085,155210
2021-02-01 16:09:47,1.00749244180668,0.951810541973379,0.974530104327137,115700
2021-02-01 16:09:44,0.891639257756316,0.965873785918038,0.863986322093166,94063
2021-02-01 16:09:42,0.966861809688863,1.01801548821698,1.12774926175472,264120
2021-02-01 16:09:39,1.13551719958862,0.964699544666182,0.935796219478925,543730
2021-02-01 16:09:36,0.935433268236875,0.954682514967856,0.940897195158689,186210
2021-02-01 16:09:33,0.8,0.976856691270323,0.961742164554643,262830
2021-02-01 16:09:30,0.816896336577657,0.967343566176933,0.889131132397097,232310
2021-02-01 16:09:28,1.04303287938649,1.04014998875636,0.8,603080
2021-02-01 16:09:25,0.809591168284047,1.1,0.945905381341149,251620
2021-02-01 16:09:23,1.00892623070048,0.917472900880193,1.11947604578559,256600
2021-02-01 16:09:20,0.999628904768742,0.960476414849791,0.973001700976499,129090
2021-02-01 16:09:17,1.06720072385227,0.9,0.851935038031993,566420
2021-02-01 16:09:15,0.8,0.928026692138042,0.83857653476786,212070
2021-02-01 16:09:12,0.952641448302156,0.985855735401663,0.8,552280
2021-02-01 16:09:09,0.965351105976583,1.00600564719696,1.13559391106196,265990
2021-02-01 16:09:06,0.97419361007095,0.979326802724156,1.16326972531753,270200
2021-02-01 16:09:04,0.8,1.05012152360669,0.93693292436478,253570
2021-02-01 16:09:01,0.80873985138268,1.01076858845525,1.08445447958129,279860
2021-02-01 16:08:59,1.08732173194826,1.04894214801366,1.14859479778374,236940
2021-02-01 16:08:56,1.0084607573182,0.9,0.8,575680
2021-02-01 16:08:53,0.8,0.951558116391894,0.979058661794791,266880
2021-02-01 16:08:50,1.2,0.949964926382566,1.2,213380
2021-02-01 16:08:48,0.8,0.931112921414297,0.8,140880
2021-02-01 16:08:45,1.10483160006401,1.02002981355846,1.17611348160543,244700
2021-02-01 16:08:42,0.840533022383716,1.04184237127343,0.96298350326912,250460
2021-02-01 16:08:40,1.2,1.1,1.2,202880
